# Figure-8 snake sculpture, construction model. Units: inches. Y up.
o ribs
v 20.283 202.308 3.949
v 20.077 201.432 3.948
v 19.350 201.603 3.883
v 19.555 202.479 3.884
v 20.067 201.452 4.123
v 19.339 201.623 4.058
v 20.064 201.505 4.291
v 19.337 201.676 4.227
v 20.070 201.589 4.446
v 19.342 201.759 4.382
v 20.084 201.700 4.582
v 19.356 201.871 4.518
v 20.106 201.835 4.694
v 19.378 202.006 4.629
v 20.134 201.988 4.777
v 19.407 202.159 4.712
v 20.168 202.154 4.828
v 19.441 202.324 4.764
v 20.207 202.325 4.846
v 19.479 202.495 4.781
v 20.248 202.496 4.829
v 19.521 202.666 4.764
v 20.291 202.659 4.778
v 19.564 202.829 4.713
v 20.334 202.809 4.695
v 19.606 202.979 4.631
v 20.374 202.940 4.584
v 19.647 203.110 4.519
v 20.411 203.046 4.448
v 19.684 203.217 4.384
v 20.443 203.124 4.293
v 19.716 203.295 4.229
v 20.469 203.171 4.125
v 19.742 203.342 4.060
v 20.488 203.185 3.950
v 19.760 203.355 3.886
v 20.499 203.165 3.775
v 19.771 203.335 3.711
v 20.501 203.112 3.607
v 19.774 203.282 3.542
v 20.495 203.028 3.452
v 19.768 203.198 3.387
v 20.481 202.916 3.316
v 19.754 203.087 3.251
v 20.460 202.781 3.204
v 19.732 202.952 3.140
v 20.431 202.628 3.121
v 19.704 202.799 3.056
v 20.397 202.463 3.070
v 19.669 202.634 3.005
v 20.358 202.292 3.052
v 19.631 202.462 2.988
v 20.317 202.121 3.069
v 19.589 202.292 3.005
v 20.274 201.958 3.120
v 19.546 202.128 3.056
v 20.232 201.808 3.203
v 19.504 201.978 3.138
v 20.191 201.677 3.314
v 19.463 201.847 3.250
v 20.154 201.571 3.450
v 19.427 201.741 3.385
v 20.122 201.492 3.605
v 19.394 201.663 3.540
v 20.096 201.446 3.773
v 19.369 201.616 3.708
v 9.500 204.597 2.992
v 9.451 203.698 3.005
v 8.705 203.738 2.938
v 8.755 204.637 2.925
v 9.437 203.719 3.179
v 8.691 203.759 3.113
v 9.425 203.773 3.347
v 8.679 203.813 3.280
v 9.416 203.859 3.500
v 8.670 203.899 3.434
v 9.410 203.973 3.635
v 8.664 204.013 3.568
v 9.407 204.112 3.744
v 8.661 204.152 3.678
v 9.409 204.269 3.825
v 8.663 204.309 3.758
v 9.413 204.438 3.873
v 8.667 204.478 3.807
v 9.421 204.614 3.888
v 8.675 204.654 3.822
v 9.433 204.789 3.868
v 8.687 204.829 3.802
v 9.446 204.956 3.815
v 8.700 204.996 3.749
v 9.462 205.110 3.730
v 8.716 205.150 3.664
v 9.479 205.244 3.617
v 8.733 205.284 3.550
v 9.498 205.353 3.479
v 8.752 205.393 3.413
v 9.516 205.433 3.323
v 8.770 205.473 3.257
v 9.533 205.481 3.154
v 8.787 205.521 3.088
v 9.550 205.495 2.979
v 8.804 205.535 2.913
v 9.564 205.475 2.804
v 8.818 205.515 2.738
v 9.576 205.420 2.637
v 8.830 205.460 2.570
v 9.585 205.334 2.483
v 8.839 205.374 2.417
v 9.591 205.220 2.349
v 8.845 205.260 2.282
v 9.594 205.082 2.239
v 8.848 205.122 2.173
v 9.592 204.925 2.159
v 8.846 204.965 2.092
v 9.588 204.755 2.110
v 8.842 204.795 2.044
v 9.579 204.580 2.095
v 8.834 204.619 2.029
v 9.568 204.405 2.115
v 8.822 204.445 2.049
v 9.555 204.237 2.169
v 8.809 204.277 2.102
v 9.539 204.083 2.254
v 8.793 204.123 2.187
v 9.522 203.949 2.367
v 8.776 203.989 2.301
v 9.503 203.840 2.504
v 8.757 203.880 2.438
v 9.485 203.760 2.661
v 8.739 203.800 2.594
v 9.468 203.712 2.830
v 8.722 203.752 2.763
v -1.215 203.845 2.033
v -1.056 202.843 2.067
v -1.794 202.724 2.001
v -1.953 203.726 1.967
v -1.077 202.866 2.263
v -1.815 202.747 2.197
v -1.104 202.927 2.451
v -1.842 202.808 2.385
v -1.135 203.023 2.623
v -1.872 202.904 2.556
v -1.169 203.150 2.772
v -1.906 203.031 2.705
v -1.205 203.305 2.892
v -1.942 203.185 2.826
v -1.241 203.480 2.980
v -1.978 203.360 2.914
v -1.276 203.669 3.031
v -2.013 203.550 2.965
v -1.309 203.865 3.044
v -2.046 203.745 2.978
v -1.338 204.060 3.018
v -2.075 203.941 2.952
v -1.362 204.247 2.954
v -2.100 204.127 2.888
v -1.381 204.418 2.855
v -2.119 204.299 2.789
v -1.394 204.568 2.724
v -2.131 204.448 2.658
v -1.399 204.689 2.567
v -2.137 204.570 2.500
v -1.398 204.779 2.389
v -2.135 204.659 2.323
v -1.389 204.832 2.197
v -2.127 204.713 2.131
v -1.374 204.848 1.999
v -2.111 204.728 1.933
v -1.353 204.825 1.803
v -2.090 204.705 1.737
v -1.326 204.764 1.615
v -2.064 204.645 1.549
v -1.295 204.668 1.444
v -2.033 204.549 1.377
v -1.261 204.541 1.295
v -1.999 204.421 1.228
v -1.225 204.386 1.174
v -1.963 204.267 1.108
v -1.189 204.211 1.086
v -1.927 204.092 1.020
v -1.154 204.022 1.035
v -1.892 203.903 0.969
v -1.121 203.826 1.022
v -1.859 203.707 0.956
v -1.092 203.631 1.048
v -1.830 203.512 0.982
v -1.068 203.444 1.112
v -1.805 203.325 1.046
v -1.049 203.273 1.211
v -1.786 203.154 1.145
v -1.036 203.123 1.342
v -1.774 203.004 1.276
v -1.031 203.002 1.500
v -1.768 202.882 1.433
v -1.032 202.912 1.677
v -1.770 202.793 1.611
v -1.041 202.859 1.869
v -1.778 202.740 1.803
v -11.902 201.270 1.076
v -11.396 199.853 1.151
v -12.099 199.599 1.083
v -12.604 201.016 1.009
v -11.436 199.885 1.441
v -12.138 199.631 1.374
v -11.493 199.970 1.718
v -12.196 199.716 1.651
v -11.567 200.105 1.970
v -12.269 199.851 1.903
v -11.653 200.285 2.188
v -12.355 200.031 2.120
v -11.748 200.503 2.363
v -12.451 200.249 2.295
v -11.850 200.750 2.489
v -12.552 200.496 2.421
v -11.953 201.017 2.560
v -12.656 200.763 2.492
v -12.055 201.294 2.574
v -12.757 201.040 2.507
v -12.151 201.570 2.531
v -12.853 201.316 2.463
v -12.237 201.834 2.432
v -12.939 201.580 2.364
v -12.310 202.077 2.281
v -13.013 201.823 2.213
v -12.368 202.289 2.083
v -13.070 202.034 2.015
v -12.407 202.461 1.847
v -13.110 202.207 1.779
v -12.428 202.588 1.581
v -13.130 202.334 1.513
v -12.428 202.664 1.296
v -13.130 202.410 1.228
v -12.408 202.687 1.002
v -13.110 202.432 0.934
v -12.368 202.655 0.711
v -13.070 202.401 0.643
v -12.310 202.570 0.434
v -13.013 202.315 0.367
v -12.237 202.435 0.182
v -12.940 202.180 0.114
v -12.151 202.255 -0.036
v -12.854 202.001 -0.103
v -12.056 202.037 -0.211
v -12.758 201.783 -0.278
v -11.954 201.790 -0.336
v -12.656 201.536 -0.404
v -11.850 201.523 -0.407
v -12.553 201.269 -0.475
v -11.749 201.246 -0.422
v -12.451 200.992 -0.490
v -11.653 200.970 -0.378
v -12.355 200.716 -0.446
v -11.567 200.706 -0.279
v -12.269 200.451 -0.347
v -11.494 200.463 -0.128
v -12.196 200.209 -0.196
v -11.436 200.251 0.070
v -12.138 199.997 0.002
v -11.396 200.079 0.306
v -12.099 199.824 0.238
v -11.376 199.952 0.572
v -12.078 199.698 0.504
v -11.376 199.876 0.857
v -12.078 199.622 0.789
v -21.806 196.395 0.018
v -20.704 194.732 0.161
v -21.328 194.316 0.126
v -22.429 195.979 -0.018
v -20.756 194.777 0.547
v -21.380 194.361 0.512
v -20.849 194.884 0.913
v -21.472 194.468 0.878
v -20.978 195.050 1.244
v -21.601 194.634 1.209
v -21.139 195.267 1.528
v -21.762 194.851 1.493
v -21.326 195.527 1.754
v -21.949 195.111 1.719
v -21.531 195.821 1.914
v -22.154 195.405 1.878
v -21.747 196.137 2.000
v -22.370 195.721 1.965
v -21.965 196.462 2.010
v -22.588 196.046 1.975
v -22.177 196.785 1.944
v -22.800 196.369 1.909
v -22.374 197.093 1.804
v -22.997 196.677 1.768
v -22.550 197.375 1.595
v -23.173 196.959 1.559
v -22.697 197.618 1.325
v -23.321 197.202 1.290
v -22.811 197.815 1.005
v -23.434 197.399 0.970
v -22.885 197.957 0.648
v -23.508 197.541 0.612
v -22.918 198.039 0.266
v -23.541 197.623 0.230
v -22.908 198.058 -0.126
v -23.531 197.642 -0.161
v -22.856 198.013 -0.512
v -23.479 197.597 -0.547
v -22.764 197.905 -0.878
v -23.387 197.489 -0.913
v -22.635 197.740 -1.209
v -23.258 197.324 -1.244
v -22.474 197.523 -1.493
v -23.097 197.107 -1.528
v -22.287 197.263 -1.719
v -22.910 196.847 -1.754
v -22.082 196.969 -1.878
v -22.705 196.553 -1.914
v -21.866 196.653 -1.965
v -22.489 196.237 -2.000
v -21.648 196.328 -1.975
v -22.271 195.912 -2.010
v -21.436 196.004 -1.909
v -22.059 195.588 -1.944
v -21.239 195.696 -1.768
v -21.862 195.280 -1.804
v -21.063 195.415 -1.559
v -21.686 194.999 -1.595
v -20.915 195.171 -1.290
v -21.538 194.756 -1.325
v -20.802 194.975 -0.970
v -21.425 194.559 -1.005
v -20.728 194.833 -0.612
v -21.351 194.417 -0.648
v -20.695 194.751 -0.230
v -21.318 194.335 -0.266
v -31.916 187.617 0.000
v -29.356 185.638 0.230
v -29.814 185.045 0.230
v -32.375 187.024 0.000
v -29.440 185.703 0.857
v -29.899 185.110 0.857
v -29.620 185.842 1.451
v -30.079 185.249 1.451
v -29.888 186.050 1.989
v -30.347 185.456 1.989
v -30.234 186.317 2.451
v -30.693 185.724 2.451
v -30.645 186.635 2.819
v -31.104 186.041 2.819
v -31.104 186.990 3.078
v -31.563 186.397 3.078
v -31.595 187.369 3.219
v -32.054 186.776 3.219
v -32.098 187.758 3.236
v -32.557 187.165 3.236
v -32.594 188.142 3.129
v -33.053 187.548 3.129
v -33.064 188.505 2.902
v -33.523 187.912 2.902
v -33.490 188.834 2.563
v -33.948 188.241 2.563
v -33.855 189.117 2.126
v -34.314 188.523 2.126
v -34.146 189.342 1.607
v -34.605 188.748 1.607
v -34.351 189.500 1.026
v -34.810 188.907 1.026
v -34.462 189.586 0.406
v -34.921 188.993 0.406
v -34.476 189.597 -0.230
v -34.935 189.004 -0.230
v -34.391 189.531 -0.857
v -34.850 188.938 -0.857
v -34.211 189.392 -1.451
v -34.670 188.799 -1.451
v -33.943 189.185 -1.989
v -34.402 188.592 -1.989
v -33.597 188.918 -2.451
v -34.056 188.324 -2.451
v -33.187 188.600 -2.819
v -33.646 188.007 -2.819
v -32.727 188.245 -3.078
v -33.186 187.651 -3.078
v -32.237 187.865 -3.219
v -32.695 187.272 -3.219
v -31.734 187.477 -3.236
v -32.192 186.883 -3.236
v -31.238 187.093 -3.129
v -31.696 186.500 -3.129
v -30.768 186.730 -2.902
v -31.226 186.136 -2.902
v -30.342 186.401 -2.563
v -30.801 185.807 -2.563
v -29.977 186.118 -2.126
v -30.435 185.525 -2.126
v -29.686 185.893 -1.607
v -30.145 185.300 -1.607
v -29.481 185.735 -1.026
v -29.939 185.141 -1.026
v -29.369 185.648 -0.406
v -29.828 185.055 -0.406
v -38.746 175.928 0.000
v -34.691 174.004 0.320
v -35.012 173.326 0.320
v -39.068 175.250 0.000
v -34.825 174.068 1.189
v -35.146 173.390 1.189
v -35.110 174.203 2.013
v -35.431 173.525 2.013
v -35.535 174.404 2.760
v -35.856 173.727 2.760
v -36.083 174.664 3.400
v -36.404 173.987 3.400
v -36.733 174.973 3.910
v -37.055 174.295 3.910
v -37.461 175.318 4.269
v -37.782 174.640 4.269
v -38.238 175.687 4.465
v -38.560 175.009 4.465
v -39.035 176.065 4.489
v -39.356 175.387 4.489
v -39.821 176.437 4.340
v -40.142 175.760 4.340
v -40.565 176.790 4.025
v -40.886 176.113 4.025
v -41.239 177.110 3.555
v -41.561 176.433 3.555
v -41.818 177.385 2.948
v -42.140 176.707 2.948
v -42.279 177.603 2.228
v -42.600 176.926 2.228
v -42.604 177.757 1.422
v -42.925 177.080 1.422
v -42.780 177.841 0.562
v -43.102 177.163 0.562
v -42.802 177.851 -0.320
v -43.123 177.174 -0.320
v -42.667 177.788 -1.189
v -42.989 177.110 -1.189
v -42.382 177.652 -2.013
v -42.704 176.975 -2.013
v -41.958 177.451 -2.760
v -42.279 176.773 -2.760
v -41.410 177.191 -3.400
v -41.731 176.513 -3.400
v -40.759 176.882 -3.910
v -41.081 176.205 -3.910
v -40.031 176.537 -4.269
v -40.353 175.860 -4.269
v -39.254 176.169 -4.465
v -39.575 175.491 -4.465
v -38.457 175.791 -4.489
v -38.779 175.113 -4.489
v -37.672 175.418 -4.340
v -37.993 174.740 -4.340
v -36.927 175.065 -4.025
v -37.249 174.387 -4.025
v -36.253 174.745 -3.555
v -36.574 174.067 -3.555
v -35.674 174.471 -2.948
v -35.996 173.793 -2.948
v -35.214 174.252 -2.228
v -35.535 173.574 -2.228
v -34.889 174.098 -1.422
v -35.210 173.420 -1.422
v -34.712 174.014 -0.562
v -35.034 173.337 -0.562
v -43.131 164.200 -0.000
v -38.060 162.945 0.372
v -38.240 162.217 0.373
v -43.311 163.472 0.000
v -38.227 162.987 1.384
v -38.408 162.259 1.385
v -38.583 163.077 2.343
v -38.764 162.349 2.344
v -39.114 163.209 3.212
v -39.295 162.481 3.213
v -39.800 163.380 3.957
v -39.980 162.652 3.958
v -40.613 163.582 4.550
v -40.793 162.854 4.551
v -41.523 163.808 4.969
v -41.703 163.080 4.970
v -42.495 164.048 5.196
v -42.675 163.320 5.197
v -43.491 164.295 5.224
v -43.671 163.567 5.225
v -44.473 164.538 5.051
v -44.654 163.810 5.052
v -45.404 164.768 4.684
v -45.584 164.040 4.685
v -46.248 164.976 4.136
v -46.428 164.248 4.137
v -46.971 165.155 3.430
v -47.152 164.426 3.431
v -47.548 165.296 2.592
v -47.728 164.568 2.593
v -47.954 165.396 1.655
v -48.134 164.668 1.656
v -48.175 165.449 0.654
v -48.355 164.721 0.654
v -48.202 165.455 -0.373
v -48.382 164.727 -0.372
v -48.035 165.412 -1.385
v -48.215 164.684 -1.384
v -47.678 165.322 -2.344
v -47.859 164.594 -2.343
v -47.148 165.190 -3.213
v -47.328 164.462 -3.212
v -46.462 165.019 -3.958
v -46.643 164.291 -3.957
v -45.649 164.817 -4.551
v -45.829 164.089 -4.550
v -44.739 164.592 -4.970
v -44.919 163.864 -4.969
v -43.767 164.351 -5.197
v -43.947 163.623 -5.196
v -42.771 164.104 -5.225
v -42.951 163.376 -5.224
v -41.788 163.861 -5.052
v -41.969 163.133 -5.051
v -40.858 163.631 -4.685
v -41.038 162.903 -4.684
v -40.014 163.423 -4.137
v -40.194 162.695 -4.136
v -39.290 163.245 -3.431
v -39.471 162.517 -3.430
v -38.714 163.103 -2.593
v -38.895 162.375 -2.592
v -38.308 163.004 -1.656
v -38.488 162.276 -1.655
v -38.087 162.950 -0.654
v -38.267 162.222 -0.654
v -44.931 151.389 0.022
v -38.947 151.304 0.453
v -38.955 150.555 0.409
v -44.939 150.640 -0.022
v -39.147 151.239 1.610
v -39.155 150.490 1.567
v -39.569 151.180 2.706
v -39.577 150.431 2.663
v -40.197 151.129 3.699
v -40.205 150.380 3.656
v -41.007 151.088 4.551
v -41.015 150.339 4.508
v -41.968 151.058 5.229
v -41.976 150.309 5.185
v -43.043 151.041 5.706
v -43.051 150.293 5.663
v -44.190 151.038 5.965
v -44.198 150.289 5.922
v -45.366 151.048 5.996
v -45.374 150.300 5.953
v -46.525 151.071 5.797
v -46.533 150.323 5.754
v -47.623 151.107 5.376
v -47.631 150.358 5.333
v -48.617 151.153 4.750
v -48.625 150.405 4.706
v -49.470 151.209 3.941
v -49.478 150.460 3.898
v -50.148 151.271 2.982
v -50.156 150.522 2.939
v -50.626 151.338 1.910
v -50.633 150.589 1.866
v -50.885 151.407 0.764
v -50.892 150.658 0.721
v -50.915 151.475 -0.409
v -50.922 150.726 -0.453
v -50.715 151.540 -1.567
v -50.722 150.791 -1.610
v -50.293 151.599 -2.663
v -50.300 150.850 -2.706
v -49.664 151.650 -3.656
v -49.672 150.901 -3.699
v -48.854 151.691 -4.508
v -48.862 150.942 -4.551
v -47.893 151.720 -5.185
v -47.901 150.972 -5.229
v -46.819 151.737 -5.663
v -46.826 150.988 -5.706
v -45.671 151.740 -5.922
v -45.679 150.992 -5.965
v -44.496 151.730 -5.953
v -44.503 150.981 -5.996
v -43.337 151.707 -5.754
v -43.344 150.958 -5.797
v -42.239 151.671 -5.333
v -42.246 150.923 -5.376
v -41.244 151.625 -4.706
v -41.252 150.876 -4.750
v -40.392 151.570 -3.898
v -40.399 150.821 -3.941
v -39.714 151.507 -2.939
v -39.721 150.759 -2.982
v -39.236 151.441 -1.866
v -39.244 150.692 -1.910
v -38.977 151.372 -0.721
v -38.985 150.623 -0.764
v -41.014 139.756 -1.077
v -37.615 140.515 -0.729
v -37.442 139.795 -0.852
v -40.841 139.037 -1.201
v -41.097 139.646 -0.555
v -37.804 140.265 0.456
v -37.631 139.546 0.333
v -40.924 138.927 -0.679
v -41.280 139.518 -0.064
v -38.220 139.973 1.572
v -38.047 139.253 1.448
v -41.107 138.799 -0.188
v -41.556 139.375 0.378
v -38.846 139.649 2.575
v -38.673 138.930 2.452
v -41.383 138.656 0.254
v -41.913 139.225 0.753
v -39.658 139.307 3.428
v -39.485 138.588 3.304
v -41.740 138.505 0.629
v -42.339 139.071 1.047
v -40.625 138.959 4.096
v -40.451 138.240 3.973
v -42.166 138.352 0.923
v -42.817 138.922 1.250
v -41.709 138.619 4.556
v -41.536 137.900 4.432
v -42.644 138.203 1.126
v -43.328 138.781 1.352
v -42.870 138.300 4.788
v -42.696 137.581 4.664
v -43.155 138.062 1.228
v -43.852 138.655 1.350
v -44.062 138.013 4.785
v -43.888 137.294 4.661
v -43.679 137.936 1.226
v -44.371 138.548 1.245
v -45.239 137.771 4.545
v -45.066 137.052 4.421
v -44.198 137.829 1.121
v -44.863 138.465 1.040
v -46.357 137.582 4.079
v -46.184 136.863 3.955
v -44.690 137.746 0.916
v -45.310 138.409 0.743
v -47.373 137.454 3.404
v -47.200 136.735 3.281
v -45.137 137.690 0.619
v -45.695 138.381 0.365
v -48.246 137.391 2.547
v -48.073 136.672 2.423
v -45.522 137.662 0.241
v -46.003 138.383 -0.079
v -48.945 137.397 1.540
v -48.772 136.677 1.416
v -45.830 137.664 -0.202
v -46.221 138.416 -0.571
v -49.442 137.470 0.421
v -49.269 136.750 0.297
v -46.048 137.696 -0.695
v -46.343 138.476 -1.093
v -49.717 137.608 -0.765
v -49.544 136.888 -0.889
v -46.170 137.757 -1.217
v -46.362 138.563 -1.626
v -49.761 137.805 -1.974
v -49.588 137.086 -2.098
v -46.189 137.844 -1.750
v -46.279 138.673 -2.148
v -49.571 138.055 -3.160
v -49.398 137.336 -3.283
v -46.105 137.954 -2.271
v -46.096 138.802 -2.639
v -49.156 138.347 -4.275
v -48.983 137.628 -4.399
v -45.922 138.083 -2.763
v -45.820 138.944 -3.081
v -48.530 138.670 -5.279
v -48.357 137.951 -5.402
v -45.647 138.225 -3.204
v -45.462 139.095 -3.456
v -47.718 139.013 -6.131
v -47.545 138.293 -6.255
v -45.289 138.376 -3.580
v -45.037 139.248 -3.750
v -46.751 139.360 -6.800
v -46.578 138.641 -6.923
v -44.864 138.529 -3.874
v -44.559 139.398 -3.953
v -45.667 139.701 -7.259
v -45.494 138.981 -7.383
v -44.386 138.679 -4.076
v -44.048 139.539 -4.055
v -44.506 140.020 -7.491
v -44.333 139.301 -7.615
v -43.875 138.819 -4.179
v -43.523 139.665 -4.053
v -43.314 140.306 -7.488
v -43.141 139.587 -7.612
v -43.350 138.945 -4.177
v -43.005 139.771 -3.948
v -42.137 140.549 -7.248
v -41.964 139.829 -7.372
v -42.832 139.052 -4.072
v -42.513 139.854 -3.743
v -41.019 140.737 -6.782
v -40.846 140.018 -6.906
v -42.340 139.135 -3.867
v -42.066 139.911 -3.446
v -40.003 140.866 -6.107
v -39.830 140.147 -6.231
v -41.892 139.192 -3.569
v -41.681 139.939 -3.068
v -39.129 140.928 -5.250
v -38.956 140.209 -5.374
v -41.508 139.219 -3.192
v -41.373 139.936 -2.625
v -38.431 140.923 -4.243
v -38.258 140.204 -4.367
v -41.200 139.217 -2.748
v -41.154 139.904 -2.132
v -37.934 140.850 -3.124
v -37.761 140.131 -3.248
v -40.981 139.185 -2.256
v -41.033 139.843 -1.610
v -37.659 140.712 -1.938
v -37.486 139.993 -2.062
v -40.860 139.124 -1.733
v -39.531 128.252 -3.910
v -34.690 132.356 -2.507
v -34.190 131.828 -2.688
v -39.031 127.724 -4.090
v -34.783 131.867 -1.335
v -34.282 131.339 -1.516
v -35.058 131.239 -0.261
v -34.557 130.710 -0.442
v -35.505 130.496 0.673
v -35.004 129.967 0.492
v -36.106 129.667 1.431
v -35.606 129.138 1.250
v -36.840 128.783 1.983
v -36.339 128.255 1.802
v -37.676 127.879 2.309
v -37.176 127.351 2.128
v -38.584 126.989 2.396
v -38.084 126.461 2.215
v -39.529 126.148 2.241
v -39.028 125.620 2.060
v -40.473 125.388 1.849
v -39.973 124.859 1.668
v -41.382 124.738 1.236
v -40.881 124.209 1.055
v -42.219 124.222 0.425
v -41.719 123.694 0.244
v -42.953 123.862 -0.552
v -42.452 123.334 -0.733
v -43.555 123.670 -1.658
v -43.055 123.142 -1.839
v -44.003 123.655 -2.851
v -43.503 123.126 -3.032
v -44.279 123.816 -4.085
v -43.779 123.288 -4.266
v -44.373 124.148 -5.312
v -43.872 123.619 -5.493
v -44.280 124.637 -6.484
v -43.780 124.108 -6.665
v -44.005 125.265 -7.558
v -43.505 124.737 -7.739
v -43.558 126.008 -8.492
v -43.058 125.480 -8.673
v -42.956 126.837 -9.250
v -42.456 126.309 -9.431
v -42.223 127.721 -9.802
v -41.723 127.193 -9.983
v -41.386 128.625 -10.128
v -40.886 128.097 -10.309
v -40.478 129.515 -10.215
v -39.978 128.986 -10.396
v -39.534 130.356 -10.060
v -39.033 129.827 -10.241
v -38.589 131.116 -9.668
v -38.089 130.588 -9.849
v -37.681 131.766 -9.055
v -37.181 131.238 -9.236
v -36.844 132.282 -8.244
v -36.343 131.753 -8.425
v -36.110 132.642 -7.267
v -35.609 132.113 -7.448
v -35.507 132.834 -6.161
v -35.007 132.305 -6.342
v -35.060 132.849 -4.968
v -34.559 132.321 -5.149
v -34.784 132.688 -3.734
v -34.283 132.160 -3.915
v -22.222 123.978 -6.623
v -21.449 127.158 -5.383
v -20.717 127.011 -5.463
v -21.491 123.831 -6.702
v -22.219 123.665 -6.012
v -21.442 126.533 -4.162
v -20.711 126.386 -4.241
v -21.488 123.518 -6.091
v -22.245 123.242 -5.472
v -21.495 125.687 -3.083
v -20.764 125.540 -3.162
v -21.514 123.095 -5.551
v -22.301 122.725 -5.024
v -21.606 124.653 -2.187
v -20.875 124.506 -2.266
v -21.570 122.578 -5.103
v -22.383 122.134 -4.686
v -21.770 123.471 -1.510
v -21.039 123.324 -1.589
v -21.652 121.987 -4.765
v -22.488 121.492 -4.469
v -21.982 122.186 -1.076
v -21.250 122.039 -1.155
v -21.757 121.345 -4.548
v -22.614 120.822 -4.383
v -22.232 120.848 -0.904
v -21.501 120.701 -0.983
v -21.882 120.676 -4.462
v -22.753 120.152 -4.430
v -22.511 119.508 -0.998
v -21.780 119.361 -1.077
v -22.022 120.005 -4.509
v -22.903 119.507 -4.609
v -22.810 118.217 -1.357
v -22.078 118.070 -1.436
v -22.171 119.360 -4.688
v -23.055 118.911 -4.913
v -23.115 117.026 -1.965
v -22.384 116.879 -2.045
v -22.324 118.764 -4.993
v -23.206 118.388 -5.331
v -23.416 115.979 -2.800
v -22.685 115.832 -2.880
v -22.474 118.241 -5.410
v -23.348 117.957 -5.846
v -23.700 115.118 -3.830
v -22.969 114.971 -3.909
v -22.617 117.810 -5.925
v -23.477 117.636 -6.438
v -23.958 114.475 -5.015
v -23.227 114.328 -5.094
v -22.746 117.489 -6.517
v -23.587 117.436 -7.085
v -24.179 114.074 -6.309
v -23.447 113.927 -6.388
v -22.856 117.289 -7.164
v -23.675 117.365 -7.762
v -24.354 113.933 -7.662
v -23.622 113.786 -7.741
v -22.943 117.218 -7.841
v -23.736 117.426 -8.443
v -24.477 114.054 -9.024
v -23.745 113.907 -9.103
v -23.005 117.279 -8.522
v -23.769 117.616 -9.101
v -24.542 114.435 -10.340
v -23.811 114.288 -10.419
v -23.038 117.469 -9.180
v -23.772 117.929 -9.712
v -24.549 115.061 -11.562
v -23.818 114.914 -11.641
v -23.041 117.782 -9.791
v -23.746 118.352 -10.252
v -24.496 115.907 -12.641
v -23.765 115.760 -12.720
v -23.015 118.205 -10.331
v -23.690 118.869 -10.699
v -24.385 116.941 -13.537
v -23.654 116.794 -13.616
v -22.959 118.722 -10.779
v -23.608 119.460 -11.038
v -24.221 118.123 -14.214
v -23.490 117.976 -14.293
v -22.877 119.313 -11.117
v -23.503 120.102 -11.255
v -24.010 119.408 -14.648
v -23.278 119.261 -14.727
v -22.771 119.955 -11.334
v -23.377 120.771 -11.341
v -23.759 120.746 -14.820
v -23.028 120.599 -14.899
v -22.646 120.624 -11.420
v -23.238 121.441 -11.294
v -23.480 122.086 -14.725
v -22.748 121.939 -14.805
v -22.506 121.294 -11.373
v -23.088 122.087 -11.114
v -23.181 123.377 -14.367
v -22.450 123.230 -14.446
v -22.357 121.940 -11.194
v -22.936 122.683 -10.810
v -22.876 124.568 -13.758
v -22.145 124.421 -13.837
v -22.205 122.536 -10.889
v -22.785 123.206 -10.393
v -22.575 125.615 -12.923
v -21.844 125.468 -13.002
v -22.054 123.059 -10.472
v -22.643 123.637 -9.878
v -22.291 126.476 -11.894
v -21.559 126.329 -11.973
v -21.912 123.490 -9.957
v -22.514 123.958 -9.285
v -22.033 127.119 -10.709
v -21.302 126.972 -10.788
v -21.783 123.811 -9.365
v -22.404 124.158 -8.638
v -21.813 127.519 -9.415
v -21.081 127.372 -9.494
v -21.673 124.011 -8.718
v -22.316 124.229 -7.962
v -21.637 127.661 -8.061
v -20.906 127.514 -8.141
v -21.585 124.082 -8.041
v -22.255 124.168 -7.281
v -21.515 127.539 -6.700
v -20.783 127.392 -6.779
v -21.524 124.021 -7.360
v -3.614 121.140 -7.023
v -2.613 124.240 -5.746
v -1.905 123.996 -5.707
v -2.906 120.895 -6.985
v -3.764 120.814 -6.327
v -2.894 123.630 -4.439
v -2.186 123.386 -4.401
v -3.056 120.570 -6.289
v -3.952 120.366 -5.713
v -3.247 122.788 -3.288
v -2.539 122.544 -3.249
v -3.244 120.121 -5.675
v -4.171 119.811 -5.206
v -3.658 121.747 -2.336
v -2.950 121.503 -2.298
v -3.463 119.566 -5.168
v -4.413 119.171 -4.825
v -4.111 120.547 -1.621
v -3.403 120.302 -1.582
v -3.705 118.927 -4.787
v -4.668 118.471 -4.584
v -4.589 119.233 -1.169
v -3.881 118.989 -1.131
v -3.960 118.226 -4.546
v -4.926 117.737 -4.493
v -5.074 117.857 -0.998
v -4.366 117.612 -0.960
v -4.218 117.493 -4.455
v -5.178 116.998 -4.555
v -5.546 116.470 -1.115
v -4.838 116.226 -1.077
v -4.470 116.754 -4.517
v -5.413 116.283 -4.768
v -5.988 115.128 -1.515
v -5.280 114.883 -1.477
v -4.705 116.038 -4.730
v -5.624 115.618 -5.124
v -6.383 113.880 -2.183
v -5.675 113.635 -2.144
v -4.916 115.373 -5.086
v -5.801 115.029 -5.609
v -6.715 112.775 -3.092
v -6.007 112.531 -3.054
v -5.093 114.784 -5.571
v -5.938 114.539 -6.204
v -6.972 111.856 -4.209
v -6.264 111.611 -4.171
v -5.230 114.294 -6.166
v -6.029 114.166 -6.887
v -7.144 111.157 -5.490
v -6.436 110.913 -5.452
v -5.321 113.922 -6.849
v -6.072 113.926 -7.631
v -7.224 110.706 -6.886
v -6.516 110.462 -6.848
v -5.364 113.682 -7.593
v -6.064 113.827 -8.408
v -7.209 110.520 -8.343
v -6.501 110.276 -8.305
v -5.356 113.583 -8.370
v -6.006 113.873 -9.187
v -7.100 110.606 -9.806
v -6.392 110.362 -9.768
v -5.298 113.629 -9.149
v -5.900 114.062 -9.940
v -6.901 110.961 -11.218
v -6.193 110.717 -11.179
v -5.192 113.818 -9.902
v -5.750 114.387 -10.636
v -6.620 111.571 -12.524
v -5.912 111.327 -12.486
v -5.042 114.143 -10.598
v -5.562 114.836 -11.250
v -6.267 112.413 -13.675
v -5.559 112.169 -13.637
v -4.854 114.592 -11.211
v -5.343 115.391 -11.757
v -5.856 113.454 -14.627
v -5.148 113.210 -14.589
v -4.635 115.146 -11.719
v -5.101 116.031 -12.138
v -5.403 114.655 -15.342
v -4.695 114.411 -15.304
v -4.393 115.786 -12.100
v -4.847 116.731 -12.379
v -4.925 115.969 -15.794
v -4.217 115.724 -15.756
v -4.139 116.487 -12.341
v -4.589 117.465 -12.470
v -4.441 117.345 -15.965
v -3.733 117.101 -15.927
v -3.880 117.220 -12.432
v -4.337 118.203 -12.408
v -3.968 118.731 -15.848
v -3.260 118.487 -15.810
v -3.629 117.959 -12.369
v -4.101 118.919 -12.195
v -3.526 120.074 -15.448
v -2.818 119.830 -15.410
v -3.393 118.675 -12.156
v -3.891 119.584 -11.839
v -3.132 121.322 -14.781
v -2.424 121.078 -14.742
v -3.183 119.340 -11.801
v -3.714 120.173 -11.354
v -2.800 122.427 -13.871
v -2.092 122.182 -13.833
v -3.006 119.929 -11.316
v -3.577 120.663 -10.759
v -2.543 123.346 -12.754
v -1.835 123.102 -12.716
v -2.869 120.419 -10.720
v -3.485 121.035 -10.076
v -2.371 124.045 -11.473
v -1.663 123.800 -11.435
v -2.777 120.791 -10.038
v -3.443 121.276 -9.332
v -2.291 124.496 -10.077
v -1.583 124.251 -10.039
v -2.735 121.031 -9.294
v -3.450 121.375 -8.555
v -2.305 124.681 -8.620
v -1.597 124.437 -8.581
v -2.742 121.130 -8.517
v -3.508 121.329 -7.776
v -2.414 124.595 -7.157
v -1.706 124.351 -7.119
v -2.800 121.084 -7.737
v 12.085 109.274 -6.061
v 15.681 115.704 -2.943
v 16.300 115.298 -2.820
v 12.704 108.868 -5.939
v 15.077 115.193 -1.589
v 15.696 114.788 -1.466
v 14.359 114.455 -0.406
v 14.977 114.050 -0.283
v 13.552 113.518 0.559
v 14.171 113.113 0.682
v 12.690 112.418 1.270
v 13.309 112.012 1.393
v 11.804 111.197 1.699
v 12.423 110.791 1.822
v 10.929 109.902 1.830
v 11.548 109.496 1.953
v 10.098 108.583 1.657
v 10.717 108.177 1.780
v 9.344 107.291 1.188
v 9.963 106.885 1.311
v 8.695 106.074 0.440
v 9.314 105.669 0.563
v 8.177 104.981 -0.557
v 8.795 104.575 -0.434
v 7.808 104.053 -1.766
v 8.427 103.647 -1.643
v 7.604 103.325 -3.140
v 8.223 102.919 -3.018
v 7.572 102.826 -4.627
v 8.191 102.420 -4.504
v 7.714 102.574 -6.168
v 8.333 102.169 -6.045
v 8.023 102.581 -7.706
v 8.642 102.175 -7.583
v 8.489 102.844 -9.180
v 9.108 102.438 -9.057
v 9.093 103.354 -10.534
v 9.712 102.949 -10.411
v 9.812 104.092 -11.717
v 10.430 103.687 -11.594
v 10.618 105.029 -12.682
v 11.237 104.624 -12.559
v 11.480 106.129 -13.393
v 12.099 105.724 -13.270
v 12.366 107.350 -13.822
v 12.985 106.945 -13.699
v 13.241 108.645 -13.953
v 13.860 108.240 -13.830
v 14.072 109.964 -13.780
v 14.690 109.559 -13.657
v 14.826 111.257 -13.311
v 15.445 110.851 -13.188
v 15.475 112.473 -12.563
v 16.094 112.068 -12.440
v 15.993 113.567 -11.566
v 16.612 113.161 -11.443
v 16.362 114.495 -10.357
v 16.981 114.089 -10.234
v 16.566 115.223 -8.982
v 17.185 114.817 -8.860
v 16.598 115.722 -7.496
v 17.217 115.316 -7.373
v 16.456 115.973 -5.955
v 17.075 115.567 -5.832
v 16.147 115.967 -4.417
v 16.765 115.561 -4.294
v 30.729 99.482 0.129
v 32.923 101.741 1.657
v 33.415 101.187 1.769
v 31.222 98.927 0.242
v 30.260 99.231 0.954
v 32.125 101.315 3.058
v 32.617 100.761 3.170
v 30.752 98.677 1.066
v 29.687 98.866 1.663
v 31.152 100.695 4.262
v 31.645 100.140 4.375
v 30.180 98.312 1.775
v 29.035 98.400 2.228
v 30.043 99.903 5.224
v 30.536 99.349 5.336
v 29.527 97.846 2.341
v 28.326 97.852 2.630
v 28.840 98.972 5.906
v 29.333 98.418 6.018
v 28.819 97.298 2.742
v 27.590 97.242 2.851
v 27.589 97.936 6.281
v 28.081 97.381 6.394
v 28.083 96.688 2.963
v 26.854 96.594 2.883
v 26.338 96.835 6.337
v 26.830 96.280 6.449
v 27.346 96.040 2.996
v 26.146 95.933 2.726
v 25.135 95.711 6.070
v 25.627 95.157 6.182
v 26.638 95.379 2.838
v 25.493 95.284 2.385
v 24.026 94.608 5.490
v 24.519 94.054 5.602
v 25.986 94.730 2.497
v 24.922 94.672 1.873
v 23.055 93.569 4.621
v 23.547 93.014 4.733
v 25.414 94.118 1.986
v 24.453 94.121 1.211
v 22.258 92.632 3.495
v 22.750 92.078 3.607
v 24.945 93.566 1.323
v 24.104 93.651 0.422
v 21.666 91.834 2.155
v 22.158 91.280 2.268
v 24.597 93.097 0.535
v 23.890 93.282 -0.461
v 21.301 91.206 0.654
v 21.794 90.652 0.766
v 24.382 92.727 -0.349
v 23.817 93.026 -1.406
v 21.179 90.772 -0.951
v 21.671 90.218 -0.839
v 24.310 92.472 -1.294
v 23.890 92.895 -2.376
v 21.302 90.549 -2.599
v 21.795 89.995 -2.487
v 24.383 92.340 -2.263
v 24.106 92.892 -3.333
v 21.668 90.544 -4.226
v 22.161 89.990 -4.114
v 24.598 92.338 -3.221
v 24.455 93.018 -4.242
v 22.261 90.759 -5.769
v 22.754 90.205 -5.657
v 24.947 92.464 -4.129
v 24.924 93.269 -5.066
v 23.059 91.185 -7.170
v 23.552 90.631 -7.058
v 25.417 92.715 -4.954
v 25.497 93.634 -5.775
v 24.032 91.805 -8.375
v 24.524 91.251 -8.262
v 25.989 93.080 -5.663
v 26.149 94.100 -6.341
v 25.141 92.596 -9.336
v 25.633 92.042 -9.224
v 26.642 93.545 -6.228
v 26.857 94.648 -6.742
v 26.344 93.528 -10.018
v 26.837 92.974 -9.906
v 27.350 94.094 -6.630
v 27.594 95.258 -6.963
v 27.595 94.564 -10.394
v 28.088 94.010 -10.281
v 28.087 94.704 -6.851
v 28.330 95.906 -6.996
v 28.846 95.665 -10.449
v 29.339 95.111 -10.337
v 28.823 95.352 -6.883
v 29.038 96.567 -6.838
v 30.049 96.789 -10.182
v 30.542 96.235 -10.070
v 29.531 96.013 -6.726
v 29.691 97.216 -6.497
v 31.158 97.891 -9.602
v 31.650 97.337 -9.490
v 30.183 96.662 -6.385
v 30.262 97.828 -5.986
v 32.129 98.931 -8.733
v 32.622 98.377 -8.621
v 30.755 97.274 -5.873
v 30.731 98.379 -5.323
v 32.926 99.868 -7.607
v 33.419 99.314 -7.495
v 31.224 97.825 -5.211
v 31.080 98.849 -4.535
v 33.518 100.665 -6.268
v 34.011 100.111 -6.155
v 31.573 98.294 -4.422
v 31.294 99.218 -3.651
v 33.883 101.293 -4.766
v 34.375 100.739 -4.654
v 31.787 98.664 -3.539
v 31.366 99.474 -2.706
v 34.005 101.727 -3.161
v 34.498 101.173 -3.049
v 31.859 98.919 -2.594
v 31.294 99.605 -1.737
v 33.881 101.951 -1.513
v 34.374 101.397 -1.401
v 31.786 99.051 -1.624
v 31.078 99.608 -0.779
v 33.516 101.956 0.114
v 34.009 101.401 0.226
v 31.571 99.054 -0.667
v 38.762 79.643 -0.019
v 45.905 83.156 4.181
v 46.218 82.475 4.218
v 39.075 78.962 0.019
v 44.990 82.815 5.651
v 45.303 82.135 5.688
v 43.836 82.353 6.903
v 44.149 81.672 6.940
v 42.487 81.786 7.889
v 42.800 81.106 7.926
v 40.995 81.137 8.571
v 41.308 80.457 8.608
v 39.417 80.431 8.923
v 39.730 79.750 8.960
v 37.814 79.694 8.931
v 38.127 79.014 8.968
v 36.247 78.955 8.596
v 36.560 78.275 8.633
v 34.777 78.243 7.929
v 35.090 77.563 7.966
v 33.460 77.585 6.957
v 33.773 76.904 6.994
v 32.347 77.005 5.717
v 32.660 76.325 5.754
v 31.480 76.527 4.257
v 31.793 75.847 4.294
v 30.893 76.169 2.632
v 31.206 75.488 2.669
v 30.609 75.944 0.905
v 30.922 75.264 0.942
v 30.638 75.862 -0.857
v 30.951 75.181 -0.820
v 30.979 75.924 -2.587
v 31.292 75.244 -2.550
v 31.619 76.130 -4.218
v 31.932 75.449 -4.181
v 32.533 76.470 -5.688
v 32.846 75.790 -5.651
v 33.687 76.933 -6.940
v 34.000 76.252 -6.903
v 35.036 77.499 -7.926
v 35.349 76.819 -7.889
v 36.528 78.148 -8.608
v 36.841 77.468 -8.571
v 38.106 78.855 -8.960
v 38.419 78.174 -8.923
v 39.709 79.591 -8.968
v 40.022 78.911 -8.931
v 41.276 80.330 -8.633
v 41.589 79.649 -8.596
v 42.746 81.042 -7.966
v 43.059 80.362 -7.929
v 44.063 81.701 -6.994
v 44.376 81.020 -6.957
v 45.176 82.280 -5.754
v 45.489 81.600 -5.717
v 46.043 82.758 -4.294
v 46.356 82.078 -4.257
v 46.630 83.116 -2.669
v 46.943 82.436 -2.632
v 46.914 83.341 -0.942
v 47.227 82.661 -0.905
v 46.886 83.424 0.820
v 47.199 82.743 0.857
v 46.545 83.361 2.550
v 46.858 82.681 2.587
v 44.027 61.374 0.000
v 53.732 62.000 5.139
v 53.781 61.251 5.138
v 44.075 60.625 -0.000
v 52.546 61.921 6.938
v 52.594 61.172 6.937
v 51.032 61.821 8.470
v 51.080 61.072 8.469
v 49.248 61.703 9.676
v 49.297 60.955 9.676
v 47.264 61.573 10.511
v 47.313 60.825 10.510
v 45.156 61.436 10.942
v 45.205 60.687 10.941
v 43.004 61.296 10.952
v 43.053 60.547 10.952
v 40.892 61.159 10.542
v 40.940 60.410 10.541
v 38.900 61.030 9.726
v 38.948 60.281 9.726
v 37.105 60.914 8.537
v 37.153 60.166 8.536
v 35.576 60.816 7.020
v 35.624 60.068 7.019
v 34.371 60.740 5.232
v 34.420 59.991 5.232
v 33.538 60.688 3.244
v 33.587 59.939 3.243
v 33.108 60.662 1.131
v 33.157 59.914 1.131
v 33.098 60.664 -1.025
v 33.146 59.915 -1.026
v 33.507 60.692 -3.142
v 33.556 59.944 -3.143
v 34.321 60.747 -5.138
v 34.370 59.999 -5.139
v 35.508 60.827 -6.937
v 35.556 60.078 -6.938
v 37.022 60.927 -8.469
v 37.070 60.178 -8.470
v 38.805 61.044 -9.676
v 38.854 60.296 -9.676
v 40.789 61.174 -10.510
v 40.838 60.426 -10.511
v 42.897 61.312 -10.941
v 42.946 60.563 -10.942
v 45.049 61.452 -10.952
v 45.098 60.703 -10.952
v 47.162 61.589 -10.541
v 47.210 60.840 -10.542
v 49.154 61.717 -9.726
v 49.202 60.969 -9.726
v 50.949 61.833 -8.536
v 50.997 61.085 -8.537
v 52.478 61.931 -7.019
v 52.526 61.182 -7.020
v 53.682 62.007 -5.232
v 53.731 61.259 -5.232
v 54.515 62.059 -3.243
v 54.564 61.311 -3.244
v 54.945 62.085 -1.131
v 54.994 61.337 -1.131
v 54.956 62.084 1.026
v 55.004 61.335 1.025
v 54.546 62.055 3.143
v 54.595 61.306 3.142
v 41.533 43.268 0.000
v 51.302 39.155 5.626
v 51.011 38.463 5.626
v 41.242 42.576 0.000
v 50.103 39.660 7.586
v 49.812 38.968 7.586
v 48.575 40.303 9.254
v 48.284 39.612 9.254
v 46.775 41.061 10.566
v 46.484 40.369 10.566
v 44.775 41.903 11.473
v 44.484 41.212 11.473
v 42.650 42.798 11.939
v 42.359 42.106 11.939
v 40.481 43.710 11.946
v 40.190 43.019 11.946
v 38.354 44.606 11.493
v 38.063 43.915 11.493
v 36.348 45.450 10.600
v 36.057 44.759 10.600
v 34.542 46.211 9.298
v 34.251 45.520 9.298
v 33.005 46.858 7.640
v 32.714 46.167 7.640
v 31.795 47.368 5.688
v 31.504 46.676 5.688
v 30.959 47.719 3.517
v 30.668 47.028 3.517
v 30.530 47.900 1.211
v 30.239 47.209 1.211
v 30.524 47.903 -1.141
v 30.233 47.212 -1.141
v 30.940 47.727 -3.450
v 30.649 47.036 -3.450
v 31.764 47.380 -5.626
v 31.473 46.689 -5.626
v 32.963 46.876 -7.586
v 32.672 46.184 -7.586
v 34.492 46.232 -9.254
v 34.201 45.541 -9.254
v 36.291 45.475 -10.566
v 36.000 44.783 -10.566
v 38.292 44.632 -11.473
v 38.001 43.941 -11.473
v 40.417 43.738 -11.939
v 40.126 43.046 -11.939
v 42.585 42.825 -11.946
v 42.294 42.133 -11.946
v 44.713 41.929 -11.493
v 44.422 41.238 -11.493
v 46.718 41.085 -10.600
v 46.427 40.393 -10.600
v 48.524 40.324 -9.298
v 48.233 39.633 -9.298
v 50.062 39.677 -7.640
v 49.771 38.986 -7.640
v 51.272 39.167 -5.688
v 50.981 38.476 -5.688
v 52.107 38.816 -3.517
v 51.816 38.124 -3.517
v 52.537 38.635 -1.211
v 52.246 37.944 -1.211
v 52.543 38.632 1.141
v 52.252 37.941 1.141
v 52.126 38.808 3.450
v 51.835 38.117 3.450
v 37.472 24.961 4.157
v 39.411 22.558 5.804
v 38.827 22.087 5.804
v 36.888 24.490 4.157
v 36.868 25.708 5.596
v 38.568 23.602 7.815
v 37.985 23.131 7.815
v 36.285 25.237 5.596
v 36.100 26.660 6.821
v 37.496 24.931 9.525
v 36.912 24.460 9.525
v 35.517 26.189 6.821
v 35.197 27.780 7.784
v 36.235 26.494 10.869
v 35.651 26.023 10.869
v 34.613 27.309 7.784
v 34.193 29.024 8.447
v 34.833 28.231 11.796
v 34.249 27.760 11.796
v 33.610 28.553 8.447
v 33.127 30.345 8.786
v 33.344 30.076 12.269
v 32.761 29.605 12.269
v 32.544 29.874 8.786
v 32.040 31.692 8.788
v 31.827 31.957 12.271
v 31.243 31.486 12.271
v 31.457 31.221 8.788
v 30.974 33.013 8.451
v 30.338 33.802 11.801
v 29.754 33.331 11.801
v 30.391 32.542 8.451
v 29.970 34.258 7.790
v 28.935 35.541 10.878
v 28.352 35.070 10.878
v 29.386 33.787 7.790
v 29.066 35.379 6.829
v 27.673 37.105 9.537
v 27.089 36.634 9.537
v 28.482 34.908 6.829
v 28.297 36.332 5.606
v 26.599 38.436 7.829
v 26.015 37.965 7.829
v 27.713 35.861 5.606
v 27.692 37.081 4.168
v 25.755 39.483 5.820
v 25.171 39.012 5.820
v 27.108 36.610 4.168
v 27.275 37.598 2.569
v 25.173 40.204 3.588
v 24.589 39.733 3.588
v 26.692 37.127 2.569
v 27.063 37.861 0.872
v 24.876 40.572 1.217
v 24.292 40.101 1.217
v 26.479 37.391 0.872
v 27.062 37.862 -0.859
v 24.874 40.573 -1.200
v 24.291 40.102 -1.200
v 26.478 37.392 -0.859
v 27.273 37.601 -2.557
v 25.169 40.208 -3.570
v 24.586 39.737 -3.570
v 26.689 37.130 -2.557
v 27.688 37.086 -4.157
v 25.749 39.489 -5.804
v 25.166 39.018 -5.804
v 27.105 36.615 -4.157
v 28.291 36.338 -5.596
v 26.592 38.445 -7.815
v 26.008 37.974 -7.815
v 27.708 35.867 -5.596
v 29.059 35.387 -6.821
v 27.664 37.116 -9.525
v 27.080 36.645 -9.525
v 28.476 34.916 -6.821
v 29.963 34.267 -7.784
v 28.925 35.553 -10.869
v 28.342 35.082 -10.869
v 29.379 33.796 -7.784
v 30.967 33.023 -8.447
v 30.327 33.816 -11.796
v 29.743 33.345 -11.796
v 30.383 32.552 -8.447
v 32.032 31.702 -8.786
v 31.815 31.971 -12.269
v 31.232 31.500 -12.269
v 31.449 31.231 -8.786
v 33.119 30.355 -8.788
v 33.333 30.090 -12.271
v 32.749 29.619 -12.271
v 32.536 29.884 -8.788
v 34.186 29.033 -8.451
v 34.822 28.245 -11.801
v 34.238 27.774 -11.801
v 33.602 28.563 -8.451
v 35.190 27.789 -7.790
v 36.225 26.506 -10.878
v 35.641 26.035 -10.878
v 34.606 27.318 -7.790
v 36.094 26.668 -6.829
v 37.487 24.941 -9.537
v 36.903 24.470 -9.537
v 35.510 26.197 -6.829
v 36.863 25.715 -5.606
v 38.561 23.610 -7.829
v 37.977 23.139 -7.829
v 36.280 25.244 -5.606
v 37.468 24.966 -4.168
v 39.405 22.564 -5.820
v 38.822 22.093 -5.820
v 36.884 24.495 -4.168
v 37.884 24.449 -2.569
v 39.987 21.843 -3.588
v 39.403 21.372 -3.588
v 37.301 23.978 -2.569
v 38.097 24.185 -0.872
v 40.284 21.475 -1.217
v 39.701 21.004 -1.217
v 37.514 23.714 -0.872
v 38.098 24.184 0.859
v 40.285 21.473 1.200
v 39.702 21.002 1.200
v 37.514 23.713 0.859
v 37.887 24.446 2.557
v 39.990 21.839 3.570
v 39.407 21.368 3.570
v 37.303 23.975 2.557
v 20.136 16.901 4.331
v 20.800 13.889 5.985
v 20.067 13.728 5.985
v 19.403 16.740 4.331
v 19.920 17.878 5.824
v 20.502 15.239 8.047
v 19.770 15.077 8.047
v 19.188 17.717 5.824
v 19.647 19.120 7.093
v 20.124 16.955 9.801
v 19.391 16.794 9.801
v 18.914 18.959 7.093
v 19.325 20.581 8.089
v 19.679 18.973 11.178
v 18.947 18.812 11.178
v 18.592 20.419 8.089
v 18.967 22.203 8.775
v 19.185 21.215 12.125
v 18.453 21.053 12.125
v 18.235 22.041 8.775
v 18.588 23.924 9.123
v 18.661 23.593 12.607
v 17.928 23.432 12.607
v 17.855 23.763 9.123
v 18.201 25.679 9.121
v 18.126 26.018 12.603
v 17.394 25.857 12.603
v 17.468 25.517 9.121
v 17.822 27.399 8.768
v 17.602 28.396 12.116
v 16.870 28.234 12.116
v 17.089 27.238 8.768
v 17.464 29.020 8.078
v 17.108 30.635 11.163
v 16.376 30.473 11.163
v 16.732 28.858 8.078
v 17.143 30.477 7.078
v 16.664 32.649 9.781
v 15.932 32.488 9.781
v 16.411 30.316 7.078
v 16.870 31.717 5.806
v 16.287 34.361 8.023
v 15.554 34.200 8.023
v 16.137 31.555 5.806
v 16.655 32.690 4.311
v 15.990 35.706 5.957
v 15.258 35.545 5.957
v 15.923 32.528 4.311
v 16.508 33.359 2.650
v 15.786 36.631 3.662
v 15.054 36.470 3.662
v 15.775 33.198 2.650
v 16.433 33.699 0.887
v 15.683 37.101 1.226
v 14.950 36.940 1.226
v 15.700 33.538 0.887
v 16.433 33.697 -0.910
v 15.683 37.098 -1.257
v 14.951 36.937 -1.257
v 15.701 33.536 -0.910
v 16.509 33.353 -2.672
v 15.788 36.622 -3.692
v 15.056 36.461 -3.692
v 15.777 33.191 -2.672
v 16.658 32.679 -4.331
v 15.994 35.692 -5.985
v 15.261 35.530 -5.985
v 15.925 32.518 -4.331
v 16.873 31.703 -5.824
v 16.291 34.342 -8.047
v 15.559 34.180 -8.047
v 16.141 31.541 -5.824
v 17.147 30.460 -7.093
v 16.670 32.625 -9.801
v 15.937 32.464 -9.801
v 16.414 30.299 -7.093
v 17.469 29.000 -8.089
v 17.114 30.607 -11.178
v 16.382 30.446 -11.178
v 16.736 28.839 -8.089
v 17.826 27.378 -8.775
v 17.608 28.366 -12.125
v 16.876 28.205 -12.125
v 17.094 27.217 -8.775
v 18.206 25.657 -9.123
v 18.133 25.987 -12.607
v 17.400 25.826 -12.607
v 17.473 25.495 -9.123
v 18.593 23.902 -9.121
v 18.667 23.563 -12.603
v 17.935 23.401 -12.603
v 17.860 23.740 -9.121
v 18.972 22.181 -8.768
v 19.191 21.185 -12.116
v 18.459 21.024 -12.116
v 18.239 22.020 -8.768
v 19.329 20.561 -8.078
v 19.685 18.946 -11.163
v 18.953 18.785 -11.163
v 18.597 20.400 -8.078
v 19.650 19.103 -7.078
v 20.129 16.932 -9.781
v 19.397 16.770 -9.781
v 18.918 18.942 -7.078
v 19.924 17.864 -5.806
v 20.507 15.219 -8.023
v 19.774 15.058 -8.023
v 19.191 17.703 -5.806
v 20.138 16.891 -4.311
v 20.803 13.875 -5.957
v 20.071 13.713 -5.957
v 19.406 16.730 -4.311
v 20.286 16.222 -2.650
v 21.007 12.950 -3.662
v 20.275 12.788 -3.662
v 19.553 16.060 -2.650
v 20.361 15.881 -0.887
v 21.111 12.479 -1.226
v 20.378 12.318 -1.226
v 19.628 15.720 -0.887
v 20.360 15.883 0.910
v 21.110 12.482 1.257
v 20.378 12.321 1.257
v 19.628 15.722 0.910
v 20.284 16.228 2.672
v 21.005 12.958 3.692
v 20.273 12.797 3.692
v 19.552 16.067 2.672
v 2.963 23.960 0.000
v 1.751 12.573 6.153
v 1.005 12.652 6.153
v 2.217 24.040 0.000
v 1.901 13.985 8.269
v 1.155 14.065 8.269
v 2.092 15.781 10.067
v 1.346 15.860 10.067
v 2.317 17.891 11.478
v 1.571 17.971 11.478
v 2.566 20.235 12.448
v 1.820 20.314 12.448
v 2.831 22.721 12.940
v 2.085 22.800 12.940
v 3.101 25.255 12.935
v 2.355 25.335 12.935
v 3.365 27.740 12.432
v 2.619 27.819 12.432
v 3.614 30.079 11.452
v 2.868 30.158 11.452
v 3.838 32.183 10.031
v 3.092 32.262 10.031
v 4.028 33.971 8.225
v 3.282 34.050 8.225
v 4.178 35.374 6.103
v 3.432 35.453 6.103
v 4.280 36.339 3.747
v 3.534 36.418 3.747
v 4.332 36.828 1.246
v 3.587 36.907 1.246
v 4.332 36.822 -1.302
v 3.586 36.902 -1.302
v 4.279 36.323 -3.801
v 3.533 36.402 -3.801
v 4.175 35.348 -6.153
v 3.429 35.427 -6.153
v 4.024 33.935 -8.269
v 3.279 34.015 -8.269
v 3.833 32.140 -10.067
v 3.087 32.219 -10.067
v 3.609 30.029 -11.478
v 2.863 30.109 -11.478
v 3.359 27.686 -12.448
v 2.613 27.765 -12.448
v 3.095 25.200 -12.940
v 2.349 25.279 -12.940
v 2.825 22.665 -12.935
v 2.079 22.745 -12.935
v 2.560 20.181 -12.432
v 1.815 20.260 -12.432
v 2.311 17.842 -11.452
v 1.566 17.921 -11.452
v 2.087 15.738 -10.031
v 1.342 15.817 -10.031
v 1.897 13.950 -8.225
v 1.151 14.029 -8.225
v 1.748 12.547 -6.103
v 1.002 12.626 -6.103
v 1.645 11.582 -3.747
v 0.899 11.661 -3.747
v 1.593 11.093 -1.246
v 0.847 11.172 -1.246
v 1.594 11.098 1.302
v 0.848 11.178 1.302
v 1.647 11.598 3.801
v 0.901 11.677 3.801
v -17.145 21.146 4.263
v -18.381 18.323 5.922
v -19.068 18.624 5.922
v -17.832 21.447 4.263
v -16.750 22.047 5.726
v -17.833 19.575 7.955
v -18.520 19.876 7.955
v -17.437 22.348 5.726
v -16.248 23.192 6.969
v -17.136 21.166 9.681
v -17.823 21.467 9.681
v -16.935 23.493 6.969
v -15.659 24.538 7.945
v -16.317 23.035 11.036
v -17.004 23.336 11.036
v -16.346 24.839 7.945
v -15.005 26.032 8.615
v -15.408 25.110 11.967
v -16.095 25.411 11.967
v -15.692 26.333 8.615
v -14.311 27.617 8.953
v -14.444 27.312 12.438
v -15.131 27.613 12.438
v -14.997 27.918 8.953
v -13.603 29.232 8.948
v -13.461 29.555 12.430
v -14.148 29.856 12.430
v -14.290 29.533 8.948
v -12.910 30.815 8.599
v -12.498 31.754 11.946
v -13.185 32.055 11.946
v -13.597 31.116 8.599
v -12.257 32.305 7.920
v -11.591 33.825 11.002
v -12.278 34.126 11.002
v -12.944 32.606 7.920
v -11.670 33.645 6.936
v -10.776 35.686 9.635
v -11.463 35.987 9.635
v -12.357 33.946 6.936
v -11.171 34.784 5.685
v -10.083 37.268 7.898
v -10.770 37.569 7.898
v -11.858 35.085 5.685
v -10.780 35.677 4.216
v -9.540 38.509 5.857
v -10.227 38.810 5.857
v -11.467 35.978 4.216
v -10.511 36.291 2.586
v -9.166 39.361 3.592
v -9.853 39.662 3.592
v -11.198 36.592 2.586
v -10.375 36.601 0.855
v -8.977 39.793 1.188
v -9.664 40.094 1.188
v -11.062 36.902 0.855
v -10.377 36.596 -0.908
v -8.980 39.786 -1.261
v -9.667 40.087 -1.261
v -11.064 36.897 -0.908
v -10.517 36.277 -2.636
v -9.175 39.342 -3.662
v -9.862 39.643 -3.662
v -11.204 36.578 -2.636
v -10.790 35.654 -4.263
v -9.553 38.477 -5.922
v -10.240 38.778 -5.922
v -11.477 35.955 -4.263
v -11.185 34.753 -5.726
v -10.102 37.225 -7.955
v -10.789 37.526 -7.955
v -11.872 35.054 -5.726
v -11.686 33.608 -6.969
v -10.799 35.634 -9.681
v -11.486 35.935 -9.681
v -12.373 33.909 -6.969
v -12.276 32.262 -7.945
v -11.617 33.765 -11.036
v -12.304 34.066 -11.036
v -12.963 32.563 -7.945
v -12.930 30.768 -8.615
v -12.526 31.690 -11.967
v -13.213 31.991 -11.967
v -13.617 31.069 -8.615
v -13.624 29.183 -8.953
v -13.491 29.488 -12.438
v -14.178 29.789 -12.438
v -14.311 29.484 -8.953
v -14.332 27.568 -8.948
v -14.473 27.245 -12.430
v -15.160 27.546 -12.430
v -15.019 27.869 -8.948
v -15.025 25.985 -8.599
v -15.437 25.046 -11.946
v -16.124 25.346 -11.946
v -15.712 26.286 -8.599
v -15.678 24.495 -7.920
v -16.343 22.975 -11.002
v -17.030 23.276 -11.002
v -16.365 24.796 -7.920
v -16.265 23.155 -6.936
v -17.159 21.114 -9.635
v -17.846 21.415 -9.635
v -16.952 23.456 -6.936
v -16.764 22.016 -5.685
v -17.852 19.532 -7.898
v -18.539 19.833 -7.898
v -17.451 22.317 -5.685
v -17.155 21.123 -4.216
v -18.395 18.291 -5.857
v -19.082 18.592 -5.857
v -17.842 21.424 -4.216
v -17.424 20.509 -2.586
v -18.769 17.438 -3.592
v -19.456 17.739 -3.592
v -18.111 20.810 -2.586
v -17.560 20.199 -0.855
v -18.958 17.007 -1.188
v -19.644 17.308 -1.188
v -18.247 20.500 -0.855
v -17.558 20.203 0.908
v -18.955 17.014 1.261
v -19.642 17.315 1.261
v -18.245 20.504 0.908
v -17.417 20.523 2.636
v -18.760 17.458 3.662
v -19.447 17.759 3.662
v -18.104 20.824 2.636
v -28.580 37.296 0.000
v -35.507 29.323 5.697
v -36.073 29.815 5.697
v -29.146 37.788 0.000
v -34.645 30.315 7.648
v -35.211 30.807 7.648
v -33.549 31.576 9.305
v -34.116 32.068 9.305
v -32.263 33.056 10.604
v -32.829 33.548 10.604
v -30.836 34.699 11.496
v -31.402 35.191 11.496
v -29.321 36.442 11.947
v -29.887 36.934 11.947
v -27.778 38.218 11.938
v -28.345 38.710 11.938
v -26.266 39.958 11.470
v -26.833 40.450 11.470
v -24.843 41.596 10.562
v -25.409 42.088 10.562
v -23.564 43.069 9.247
v -24.130 43.561 9.247
v -22.477 44.320 7.578
v -23.043 44.812 7.578
v -21.625 45.301 5.617
v -22.191 45.793 5.617
v -21.039 45.974 3.440
v -21.606 46.466 3.440
v -20.744 46.314 1.131
v -21.310 46.806 1.131
v -20.750 46.307 -1.221
v -21.316 46.799 -1.221
v -21.057 45.954 -3.527
v -21.623 46.446 -3.527
v -21.653 45.269 -5.697
v -22.219 45.760 -5.697
v -22.515 44.276 -7.648
v -23.081 44.768 -7.648
v -23.610 43.016 -9.305
v -24.176 43.508 -9.305
v -24.896 41.536 -10.604
v -25.462 42.028 -10.604
v -26.323 39.893 -11.496
v -26.890 40.384 -11.496
v -27.838 38.150 -11.947
v -28.404 38.642 -11.947
v -29.381 36.374 -11.938
v -29.947 36.866 -11.938
v -30.893 34.634 -11.470
v -31.459 35.125 -11.470
v -32.316 32.995 -10.562
v -32.882 33.487 -10.562
v -33.596 31.523 -9.247
v -34.162 32.015 -9.247
v -34.682 30.272 -7.578
v -35.249 30.764 -7.578
v -35.535 29.291 -5.617
v -36.101 29.783 -5.617
v -36.120 28.618 -3.440
v -36.686 29.109 -3.440
v -36.415 28.278 -1.131
v -36.981 28.770 -1.131
v -36.409 28.284 1.221
v -36.975 28.776 1.221
v -36.102 28.637 3.527
v -36.669 29.129 3.527
v -47.149 47.883 4.043
v -49.811 46.335 5.707
v -50.188 46.983 5.707
v -47.526 48.531 4.043
v -46.343 48.352 5.424
v -48.673 46.997 7.657
v -49.050 47.645 7.657
v -46.720 49.000 5.424
v -45.320 48.947 6.596
v -47.228 47.837 9.312
v -47.605 48.485 9.312
v -45.697 49.595 6.596
v -44.119 49.646 7.515
v -45.532 48.824 10.610
v -45.909 49.472 10.610
v -44.496 50.294 7.515
v -42.785 50.421 8.146
v -43.650 49.918 11.500
v -44.027 50.567 11.500
v -43.162 51.070 8.146
v -41.371 51.244 8.463
v -41.653 51.080 11.948
v -42.030 51.728 11.948
v -41.748 51.892 8.463
v -39.931 52.081 8.455
v -39.620 52.262 11.936
v -39.997 52.910 11.936
v -40.308 52.730 8.455
v -38.519 52.902 8.122
v -37.627 53.421 11.467
v -38.004 54.069 11.467
v -38.896 53.551 8.122
v -37.191 53.675 7.477
v -35.752 54.511 10.556
v -36.129 55.160 10.556
v -37.568 54.323 7.477
v -35.997 54.369 6.545
v -34.067 55.492 9.240
v -34.444 56.140 9.240
v -36.375 55.017 6.545
v -34.984 54.958 5.361
v -32.636 56.324 7.568
v -33.013 56.972 7.568
v -35.361 55.607 5.361
v -34.189 55.421 3.971
v -31.514 56.976 5.606
v -31.891 57.625 5.606
v -34.566 56.069 3.971
v -33.644 55.737 2.429
v -30.745 57.424 3.429
v -31.122 58.072 3.429
v -34.022 56.386 2.429
v -33.370 55.897 0.793
v -30.358 57.649 1.119
v -30.735 58.297 1.119
v -33.747 56.545 0.793
v -33.377 55.893 -0.874
v -30.368 57.643 -1.233
v -30.745 58.292 -1.233
v -33.754 56.541 -0.874
v -33.665 55.726 -2.506
v -30.774 57.407 -3.538
v -31.151 58.055 -3.538
v -34.042 56.374 -2.506
v -34.222 55.401 -4.043
v -31.561 56.949 -5.707
v -31.938 57.598 -5.707
v -34.599 56.050 -4.043
v -35.028 54.933 -5.424
v -32.699 56.287 -7.657
v -33.076 56.936 -7.657
v -35.405 55.581 -5.424
v -36.052 54.337 -6.596
v -34.144 55.447 -9.312
v -34.521 56.095 -9.312
v -36.429 54.986 -6.596
v -37.253 53.639 -7.515
v -35.840 54.461 -10.610
v -36.217 55.109 -10.610
v -37.630 54.287 -7.515
v -38.587 52.863 -8.146
v -37.722 53.366 -11.500
v -38.099 54.014 -11.500
v -38.964 53.511 -8.146
v -40.001 52.041 -8.463
v -39.718 52.205 -11.948
v -40.095 52.853 -11.948
v -40.378 52.689 -8.463
v -41.441 51.203 -8.455
v -41.752 51.022 -11.936
v -42.129 51.670 -11.936
v -41.818 51.851 -8.455
v -42.852 50.382 -8.122
v -43.744 49.863 -11.467
v -44.121 50.512 -11.467
v -43.229 51.030 -8.122
v -44.180 49.610 -7.477
v -45.619 48.773 -10.556
v -45.996 49.421 -10.556
v -44.557 50.258 -7.477
v -45.374 48.915 -6.545
v -47.305 47.793 -9.240
v -47.682 48.441 -9.240
v -45.751 49.564 -6.545
v -46.388 48.326 -5.361
v -48.736 46.960 -7.568
v -49.113 47.609 -7.568
v -46.765 48.974 -5.361
v -47.182 47.864 -3.971
v -49.857 46.308 -5.606
v -50.234 46.956 -5.606
v -47.559 48.512 -3.971
v -47.727 47.547 -2.429
v -50.627 45.861 -3.429
v -51.004 46.509 -3.429
v -48.104 48.195 -2.429
v -48.001 47.387 -0.793
v -51.014 45.635 -1.119
v -51.391 46.284 -1.119
v -48.379 48.036 -0.793
v -47.995 47.391 0.874
v -51.004 45.641 1.233
v -51.381 46.289 1.233
v -48.372 48.040 0.874
v -47.707 47.559 2.506
v -50.598 45.877 3.538
v -50.975 46.526 3.538
v -48.084 48.207 2.506
v -47.229 69.752 -0.011
v -57.617 67.912 5.707
v -57.736 68.652 5.729
v -47.348 70.492 0.011
v -56.306 68.064 7.654
v -56.425 68.804 7.676
v -54.646 68.280 9.307
v -54.765 69.020 9.329
v -52.701 68.553 10.601
v -52.820 69.294 10.624
v -50.546 68.873 11.488
v -50.664 69.613 11.510
v -48.263 69.226 11.933
v -48.382 69.966 11.955
v -45.940 69.599 11.918
v -46.059 70.339 11.941
v -43.667 69.978 11.446
v -43.786 70.718 11.468
v -41.531 70.349 10.533
v -41.650 71.089 10.555
v -39.614 70.696 9.215
v -39.733 71.436 9.237
v -37.989 71.008 7.542
v -38.108 71.748 7.564
v -36.720 71.271 5.579
v -36.839 72.011 5.601
v -35.854 71.475 3.401
v -35.973 72.215 3.424
v -35.426 71.614 1.092
v -35.545 72.354 1.115
v -35.451 71.681 -1.259
v -35.570 72.421 -1.237
v -35.929 71.674 -3.562
v -36.048 72.414 -3.540
v -36.841 71.593 -5.729
v -36.960 72.333 -5.707
v -38.152 71.441 -7.676
v -38.271 72.181 -7.654
v -39.812 71.224 -9.329
v -39.931 71.964 -9.307
v -41.757 70.951 -10.624
v -41.876 71.691 -10.601
v -43.913 70.632 -11.510
v -44.032 71.372 -11.488
v -46.196 70.279 -11.955
v -46.314 71.019 -11.933
v -48.518 69.906 -11.941
v -48.637 70.646 -11.918
v -50.791 69.526 -11.468
v -50.910 70.267 -11.446
v -52.927 69.156 -10.555
v -53.046 69.896 -10.533
v -54.844 68.808 -9.237
v -54.963 69.549 -9.215
v -56.469 68.497 -7.564
v -56.588 69.237 -7.542
v -57.738 68.234 -5.601
v -57.857 68.974 -5.579
v -58.604 68.029 -3.424
v -58.723 68.769 -3.401
v -59.032 67.891 -1.115
v -59.151 68.631 -1.092
v -59.007 67.824 1.237
v -59.126 68.564 1.259
v -58.529 67.831 3.540
v -58.648 68.571 3.562
v -53.553 87.305 4.676
v -56.558 87.764 6.409
v -56.407 88.495 6.479
v -53.401 88.036 4.745
v -52.741 87.023 5.867
v -55.368 87.350 8.157
v -55.216 88.082 8.227
v -52.589 87.754 5.937
v -51.713 86.714 6.870
v -53.860 86.898 9.628
v -53.708 87.629 9.698
v -51.561 87.446 6.940
v -50.509 86.391 7.646
v -52.093 86.423 10.767
v -51.941 87.154 10.837
v -50.357 87.122 7.716
v -49.174 86.064 8.165
v -50.135 85.944 11.529
v -49.983 86.675 11.598
v -49.023 86.796 8.235
v -47.761 85.748 8.408
v -48.061 85.479 11.885
v -47.909 86.211 11.954
v -47.609 86.479 8.478
v -46.322 85.454 8.365
v -45.951 85.048 11.821
v -45.799 85.779 11.891
v -46.171 86.185 8.434
v -44.915 85.193 8.037
v -43.885 84.665 11.340
v -43.734 85.396 11.410
v -44.763 85.924 8.106
v -43.592 84.975 7.437
v -41.944 84.346 10.460
v -41.792 85.077 10.530
v -43.440 85.706 7.507
v -42.404 84.809 6.589
v -40.202 84.102 9.216
v -40.050 84.834 9.285
v -42.252 85.540 6.658
v -41.398 84.702 5.525
v -38.725 83.945 7.654
v -38.574 84.676 7.724
v -41.246 85.433 5.594
v -40.611 84.656 4.285
v -37.571 83.878 5.836
v -37.420 84.609 5.905
v -40.459 85.388 4.354
v -40.074 84.675 2.918
v -36.784 83.905 3.830
v -36.632 84.637 3.899
v -39.923 85.406 2.987
v -39.809 84.757 1.476
v -36.394 84.026 1.714
v -36.242 84.757 1.784
v -39.657 85.488 1.545
v -39.824 84.899 0.014
v -36.416 84.234 -0.431
v -36.265 84.966 -0.361
v -39.672 85.630 0.083
v -40.119 85.096 -1.411
v -36.850 84.523 -2.522
v -36.698 85.254 -2.452
v -39.967 85.827 -1.342
v -40.683 85.340 -2.745
v -37.678 84.881 -4.479
v -37.526 85.612 -4.409
v -40.532 86.071 -2.676
v -41.495 85.622 -3.937
v -38.868 85.295 -6.227
v -38.717 86.026 -6.157
v -41.343 86.353 -3.867
v -42.523 85.931 -4.940
v -40.376 85.748 -7.698
v -40.224 86.479 -7.628
v -42.371 86.662 -4.870
v -43.727 86.254 -5.716
v -42.143 86.223 -8.837
v -41.991 86.954 -8.767
v -43.575 86.986 -5.646
v -45.062 86.581 -6.235
v -44.101 86.701 -9.598
v -43.949 87.433 -9.529
v -44.910 87.312 -6.165
v -46.475 86.897 -6.478
v -46.175 87.166 -9.954
v -46.023 87.897 -9.885
v -46.323 87.628 -6.408
v -47.914 87.192 -6.434
v -48.285 87.597 -9.891
v -48.133 88.329 -9.821
v -47.762 87.923 -6.365
v -49.321 87.452 -6.106
v -50.351 87.980 -9.410
v -50.199 88.712 -9.340
v -49.170 88.184 -6.037
v -50.644 87.670 -5.507
v -52.292 88.299 -8.530
v -52.140 89.031 -8.460
v -50.493 88.401 -5.437
v -51.832 87.836 -4.658
v -54.034 88.543 -7.285
v -53.882 89.274 -7.216
v -51.680 88.567 -4.589
v -52.838 87.943 -3.594
v -55.511 88.701 -5.724
v -55.359 89.432 -5.654
v -52.687 88.675 -3.525
v -53.625 87.989 -2.354
v -56.665 88.767 -3.905
v -56.513 89.498 -3.836
v -53.473 88.720 -2.285
v -54.161 87.970 -0.987
v -57.452 88.740 -1.899
v -57.300 89.471 -1.830
v -54.010 88.701 -0.918
v -54.427 87.888 0.455
v -57.842 88.619 0.216
v -57.690 89.350 0.286
v -54.276 88.619 0.524
v -54.412 87.746 1.917
v -57.820 88.411 2.361
v -57.668 89.142 2.431
v -54.261 88.477 1.986
v -54.117 87.549 3.342
v -57.386 88.122 4.452
v -57.235 88.853 4.522
v -53.965 88.280 3.411
v -40.988 101.287 2.937
v -47.988 105.895 8.393
v -47.516 106.465 8.518
v -40.516 101.857 3.063
v -47.196 104.909 9.890
v -46.724 105.478 10.016
v -46.166 103.783 11.121
v -45.694 104.352 11.246
v -44.936 102.561 12.036
v -44.464 103.130 12.162
v -43.555 101.291 12.602
v -43.083 101.860 12.728
v -42.075 100.020 12.797
v -41.603 100.589 12.922
v -40.553 98.798 12.613
v -40.081 99.367 12.738
v -39.048 97.672 12.057
v -38.576 98.241 12.182
v -37.618 96.684 11.150
v -37.146 97.253 11.275
v -36.317 95.874 9.928
v -35.845 96.443 10.053
v -35.196 95.271 8.437
v -34.723 95.840 8.562
v -34.297 94.900 6.735
v -33.825 95.469 6.860
v -33.655 94.774 4.887
v -33.183 95.343 5.012
v -33.295 94.899 2.964
v -32.823 95.468 3.089
v -33.231 95.269 1.040
v -32.759 95.838 1.165
v -33.465 95.870 -0.811
v -32.993 96.439 -0.686
v -33.988 96.679 -2.518
v -33.516 97.248 -2.393
v -34.780 97.666 -4.016
v -34.308 98.235 -3.890
v -35.811 98.792 -5.246
v -35.339 99.361 -5.121
v -37.040 100.013 -6.162
v -36.568 100.583 -6.036
v -38.422 101.284 -6.728
v -37.949 101.853 -6.602
v -39.902 102.555 -6.922
v -39.429 103.124 -6.797
v -41.423 103.777 -6.738
v -40.951 104.346 -6.613
v -42.928 104.903 -6.182
v -42.456 105.472 -6.057
v -44.359 105.891 -5.275
v -43.886 106.460 -5.150
v -45.660 106.701 -4.053
v -45.187 107.270 -3.928
v -46.781 107.304 -2.562
v -46.309 107.873 -2.437
v -47.680 107.675 -0.860
v -47.208 108.244 -0.735
v -48.321 107.801 0.988
v -47.849 108.370 1.113
v -48.681 107.676 2.911
v -48.209 108.245 3.036
v -48.745 107.306 4.835
v -48.273 107.875 4.960
v -48.511 106.705 6.686
v -48.039 107.274 6.811
v -24.231 112.669 6.948
v -28.062 118.641 12.486
v -27.397 118.972 12.589
v -23.566 113.000 7.052
v -27.672 117.465 13.742
v -27.007 117.796 13.846
v -27.150 116.105 14.738
v -26.485 116.436 14.841
v -26.516 114.613 15.434
v -25.851 114.944 15.537
v -25.793 113.046 15.804
v -25.128 113.377 15.907
v -25.011 111.465 15.833
v -24.346 111.796 15.937
v -24.199 109.930 15.521
v -23.534 110.261 15.625
v -23.388 108.501 14.880
v -22.723 108.832 14.983
v -22.610 107.231 13.934
v -21.945 107.562 14.037
v -21.893 106.171 12.719
v -21.228 106.502 12.823
v -21.267 105.360 11.283
v -20.602 105.691 11.386
v -20.755 104.830 9.680
v -20.089 105.161 9.783
v -20.376 104.602 7.972
v -19.711 104.933 8.076
v -20.145 104.683 6.225
v -19.480 105.014 6.328
v -20.071 105.071 4.506
v -19.406 105.402 4.609
v -20.157 105.752 2.880
v -19.492 106.083 2.983
v -20.400 106.698 1.411
v -19.735 107.029 1.514
v -20.790 107.874 0.154
v -20.125 108.205 0.258
v -21.312 109.234 -0.841
v -20.647 109.564 -0.738
v -21.946 110.726 -1.537
v -21.281 111.056 -1.434
v -22.668 112.292 -1.907
v -22.003 112.623 -1.804
v -23.450 113.873 -1.937
v -22.785 114.204 -1.833
v -24.263 115.408 -1.625
v -23.598 115.739 -1.521
v -25.074 116.838 -0.983
v -24.408 117.169 -0.880
v -25.852 118.107 -0.037
v -25.187 118.438 0.066
v -26.568 119.168 1.177
v -25.903 119.499 1.281
v -27.195 119.979 2.614
v -26.530 120.310 2.717
v -27.707 120.509 4.217
v -27.042 120.839 4.320
v -28.086 120.737 5.924
v -27.421 121.068 6.028
v -28.317 120.656 7.672
v -27.652 120.987 7.775
v -28.391 120.267 9.391
v -27.726 120.598 9.494
v -28.305 119.587 11.017
v -27.639 119.918 11.120
v -8.474 122.217 11.501
v -9.539 124.705 13.721
v -8.847 124.994 13.728
v -7.783 122.506 11.509
v -8.227 121.608 12.159
v -9.108 123.647 14.864
v -8.416 123.936 14.871
v -7.535 121.898 12.166
v -7.933 120.894 12.675
v -8.598 122.405 15.761
v -7.906 122.694 15.769
v -7.241 121.183 12.682
v -7.605 120.100 13.031
v -8.027 121.026 16.380
v -7.335 121.315 16.387
v -6.913 120.390 13.038
v -7.254 119.259 13.212
v -7.418 119.563 16.695
v -6.726 119.853 16.703
v -6.563 119.549 13.220
v -6.896 118.402 13.213
v -6.794 118.073 16.696
v -6.103 118.363 16.703
v -6.204 118.691 13.220
v -6.542 117.562 13.032
v -6.180 116.613 16.381
v -5.488 116.902 16.388
v -5.850 117.851 13.039
v -6.207 116.771 12.676
v -5.598 115.238 15.763
v -4.906 115.528 15.770
v -5.516 117.060 12.683
v -5.904 116.060 12.160
v -5.071 114.002 14.866
v -4.380 114.292 14.873
v -5.213 116.350 12.167
v -5.645 115.456 11.503
v -4.620 112.953 13.724
v -3.928 113.242 13.731
v -4.953 115.746 11.510
v -5.439 114.983 10.731
v -4.262 112.129 12.381
v -3.570 112.419 12.388
v -4.747 115.272 10.738
v -5.293 114.658 9.872
v -4.010 111.564 10.889
v -3.318 111.854 10.896
v -4.602 114.947 9.879
v -5.215 114.493 8.961
v -3.874 111.279 9.305
v -3.182 111.569 9.312
v -4.523 114.783 8.968
v -5.207 114.497 8.032
v -3.859 111.285 7.689
v -3.167 111.574 7.697
v -4.515 114.786 8.039
v -5.269 114.667 7.120
v -3.966 111.581 6.105
v -3.275 111.871 6.112
v -4.577 114.957 7.127
v -5.398 114.998 6.262
v -4.192 112.157 4.612
v -3.500 112.446 4.620
v -4.707 115.288 6.269
v -5.591 115.477 5.489
v -4.526 112.989 3.269
v -3.834 113.279 3.276
v -4.899 115.767 5.496
v -5.838 116.086 4.832
v -4.957 114.047 2.127
v -4.265 114.337 2.134
v -5.147 116.375 4.839
v -6.132 116.800 4.315
v -5.467 115.289 1.229
v -4.776 115.579 1.236
v -5.440 117.090 4.322
v -6.460 117.593 3.959
v -6.038 116.668 0.610
v -5.346 116.958 0.618
v -5.769 117.883 3.967
v -6.811 118.435 3.778
v -6.647 118.131 0.295
v -5.955 118.420 0.302
v -6.119 118.724 3.785
v -7.170 119.292 3.778
v -7.271 119.621 0.295
v -6.579 119.910 0.302
v -6.478 119.582 3.785
v -7.523 120.132 3.959
v -7.885 121.081 0.609
v -7.193 121.371 0.617
v -6.831 120.422 3.966
v -7.858 120.923 4.314
v -8.467 122.456 1.227
v -7.775 122.745 1.234
v -7.166 121.213 4.321
v -8.161 121.634 4.830
v -8.994 123.692 2.124
v -8.302 123.981 2.131
v -7.469 121.923 4.837
v -8.420 122.238 5.487
v -9.445 124.741 3.266
v -8.753 125.031 3.273
v -7.728 122.527 5.494
v -8.627 122.711 6.260
v -9.803 125.564 4.609
v -9.112 125.854 4.616
v -7.935 123.001 6.267
v -8.772 123.036 7.118
v -10.056 126.130 6.101
v -9.364 126.419 6.108
v -8.080 123.326 7.125
v -8.850 123.200 8.029
v -10.192 126.415 7.685
v -9.500 126.704 7.693
v -8.158 123.490 8.037
v -8.858 123.197 8.959
v -10.206 126.409 9.301
v -9.514 126.699 9.308
v -8.166 123.487 8.966
v -8.796 123.027 9.870
v -10.099 126.113 10.885
v -9.407 126.402 10.892
v -8.105 123.316 9.877
v -8.667 122.696 10.729
v -9.873 125.537 12.378
v -9.182 125.827 12.385
v -7.975 122.985 10.736
v 8.360 127.796 7.055
v 5.973 133.112 11.777
v 6.608 133.495 11.667
v 8.995 128.179 6.945
v 6.642 132.298 12.803
v 7.277 132.681 12.692
v 7.378 131.311 13.607
v 8.013 131.694 13.497
v 8.150 130.189 14.160
v 8.786 130.572 14.050
v 8.932 128.975 14.440
v 9.567 129.359 14.329
v 9.691 127.716 14.436
v 10.326 128.099 14.325
v 10.399 126.460 14.148
v 11.034 126.843 14.038
v 11.028 125.255 13.588
v 11.663 125.639 13.478
v 11.555 124.148 12.777
v 12.190 124.532 12.666
v 11.959 123.181 11.745
v 12.595 123.565 11.635
v 12.225 122.392 10.534
v 12.861 122.775 10.424
v 12.343 121.810 9.189
v 12.978 122.193 9.079
v 12.307 121.458 7.762
v 12.942 121.841 7.652
v 12.120 121.350 6.308
v 12.755 121.733 6.197
v 11.788 121.489 4.882
v 12.423 121.873 4.772
v 11.325 121.871 3.540
v 11.960 122.254 3.430
v 10.747 122.481 2.333
v 11.382 122.864 2.223
v 10.078 123.294 1.308
v 10.713 123.678 1.197
v 9.343 124.281 0.503
v 9.978 124.664 0.393
v 8.570 125.403 -0.050
v 9.205 125.786 -0.160
v 7.789 126.617 -0.329
v 8.424 127.000 -0.440
v 7.030 127.876 -0.325
v 7.665 128.259 -0.436
v 6.322 129.132 -0.038
v 6.957 129.515 -0.148
v 5.692 130.337 0.522
v 6.327 130.720 0.412
v 5.165 131.444 1.334
v 5.800 131.827 1.223
v 4.761 132.411 2.365
v 5.396 132.794 2.255
v 4.495 133.200 3.576
v 5.130 133.584 3.466
v 4.377 133.782 4.921
v 5.013 134.166 4.811
v 4.413 134.134 6.348
v 5.048 134.517 6.238
v 4.600 134.242 7.803
v 5.235 134.626 7.692
v 4.932 134.103 9.228
v 5.567 134.486 9.118
v 5.396 133.721 10.570
v 6.031 134.104 10.460
v 25.445 138.103 3.065
v 23.323 142.668 7.176
v 23.941 143.072 7.047
v 26.063 138.507 2.935
v 23.949 141.990 8.055
v 24.567 142.394 7.926
v 24.633 141.163 8.742
v 25.251 141.567 8.612
v 25.347 140.218 9.210
v 25.966 140.622 9.081
v 26.066 139.192 9.443
v 26.685 139.596 9.313
v 26.761 138.124 9.430
v 27.379 138.528 9.301
v 27.405 137.055 9.173
v 28.024 137.459 9.043
v 27.974 136.026 8.681
v 28.593 136.430 8.551
v 28.446 135.077 7.973
v 29.064 135.481 7.843
v 28.802 134.245 7.076
v 29.420 134.649 6.947
v 29.029 133.561 6.025
v 29.648 133.965 5.896
v 29.119 133.051 4.861
v 29.737 133.455 4.732
v 29.067 132.736 3.628
v 29.686 133.140 3.498
v 28.876 132.627 2.372
v 29.495 133.030 2.243
v 28.553 132.728 1.144
v 29.172 133.132 1.015
v 28.111 133.036 -0.011
v 28.730 133.440 -0.140
v 27.567 133.538 -1.047
v 28.185 133.942 -1.176
v 26.940 134.216 -1.926
v 27.559 134.620 -2.055
v 26.257 135.044 -2.612
v 26.875 135.448 -2.742
v 25.542 135.989 -3.081
v 26.160 136.393 -3.210
v 24.823 137.015 -3.313
v 25.442 137.419 -3.443
v 24.128 138.083 -3.301
v 24.747 138.487 -3.430
v 23.484 139.152 -3.043
v 24.103 139.556 -3.173
v 22.915 140.180 -2.551
v 23.534 140.584 -2.681
v 22.444 141.129 -1.843
v 23.062 141.533 -1.973
v 22.087 141.962 -0.947
v 22.706 142.365 -1.076
v 21.860 142.646 0.104
v 22.479 143.050 -0.025
v 21.770 143.155 1.268
v 22.389 143.559 1.139
v 21.822 143.471 2.502
v 22.441 143.875 2.372
v 22.013 143.580 3.757
v 22.632 143.984 3.628
v 22.336 143.479 4.985
v 22.954 143.883 4.856
v 22.778 143.171 6.140
v 23.397 143.575 6.011
v 39.492 148.029 0.536
v 36.392 151.267 4.524
v 36.885 151.828 4.452
v 39.985 148.590 0.464
v 37.094 150.752 5.315
v 37.587 151.312 5.243
v 37.887 150.131 5.922
v 38.380 150.692 5.850
v 38.743 149.430 6.322
v 39.236 149.991 6.250
v 39.627 148.675 6.500
v 40.120 149.236 6.428
v 40.506 147.896 6.448
v 40.999 148.456 6.376
v 41.346 147.121 6.169
v 41.839 147.682 6.097
v 42.115 146.381 5.674
v 42.608 146.942 5.602
v 42.783 145.705 4.982
v 43.276 146.266 4.910
v 43.325 145.118 4.118
v 43.818 145.679 4.046
v 43.719 144.643 3.117
v 44.212 145.203 3.045
v 43.951 144.298 2.017
v 44.444 144.858 1.945
v 44.011 144.096 0.860
v 44.504 144.657 0.788
v 43.898 144.046 -0.310
v 44.391 144.606 -0.382
v 43.615 144.148 -1.447
v 44.108 144.709 -1.519
v 43.174 144.400 -2.508
v 43.667 144.961 -2.580
v 42.592 144.791 -3.452
v 43.085 145.352 -3.524
v 41.890 145.307 -4.243
v 42.383 145.868 -4.315
v 41.096 145.927 -4.850
v 41.589 146.488 -4.922
v 40.241 146.628 -5.250
v 40.734 147.189 -5.322
v 39.356 147.383 -5.428
v 39.849 147.944 -5.500
v 38.477 148.163 -5.376
v 38.970 148.724 -5.448
v 37.637 148.938 -5.097
v 38.130 149.498 -5.169
v 36.868 149.677 -4.602
v 37.361 150.238 -4.674
v 36.200 150.354 -3.910
v 36.693 150.914 -3.982
v 35.659 150.941 -3.046
v 36.152 151.501 -3.118
v 35.265 151.416 -2.045
v 35.758 151.977 -2.117
v 35.033 151.761 -0.945
v 35.526 152.322 -1.017
v 34.972 151.963 0.212
v 35.465 152.523 0.140
v 35.086 152.013 1.382
v 35.579 152.574 1.310
v 35.368 151.910 2.519
v 35.861 152.471 2.447
v 35.809 151.659 3.580
v 36.302 152.219 3.508
v 44.967 157.521 0.026
v 40.705 158.514 4.132
v 40.862 159.247 4.117
v 45.123 158.255 0.011
v 41.574 158.345 4.906
v 41.731 159.078 4.891
v 42.574 158.144 5.493
v 42.730 158.877 5.478
v 43.665 157.919 5.870
v 43.821 158.652 5.855
v 44.806 157.679 6.022
v 44.963 158.412 6.007
v 45.954 157.432 5.944
v 46.110 158.166 5.929
v 47.063 157.190 5.638
v 47.220 157.923 5.623
v 48.092 156.960 5.117
v 48.249 157.693 5.102
v 49.001 156.751 4.400
v 49.158 157.485 4.385
v 49.755 156.572 3.515
v 49.911 157.306 3.500
v 50.325 156.430 2.496
v 50.481 157.163 2.481
v 50.689 156.329 1.382
v 50.845 157.063 1.367
v 50.833 156.275 0.216
v 50.989 157.008 0.201
v 50.751 156.268 -0.957
v 50.908 157.002 -0.972
v 50.448 156.310 -2.093
v 50.604 157.043 -2.108
v 49.933 156.398 -3.147
v 50.090 157.131 -3.162
v 49.228 156.529 -4.079
v 49.385 157.262 -4.094
v 48.359 156.698 -4.853
v 48.516 157.431 -4.868
v 47.360 156.899 -5.440
v 47.516 157.632 -5.455
v 46.269 157.124 -5.817
v 46.425 157.857 -5.832
v 45.127 157.364 -5.969
v 45.284 158.097 -5.984
v 43.980 157.610 -5.891
v 44.136 158.344 -5.906
v 42.870 157.853 -5.586
v 43.027 158.586 -5.601
v 41.841 158.083 -5.064
v 41.998 158.816 -5.079
v 40.932 158.292 -4.347
v 41.089 159.025 -4.362
v 40.179 158.470 -3.462
v 40.335 159.204 -3.477
v 39.609 158.613 -2.443
v 39.765 159.346 -2.458
v 39.245 158.713 -1.329
v 39.401 159.447 -1.344
v 39.101 158.768 -0.163
v 39.257 159.501 -0.178
v 39.182 158.775 1.010
v 39.338 159.508 0.995
v 39.486 158.733 2.146
v 39.642 159.466 2.131
v 40.000 158.645 3.200
v 40.156 159.378 3.185
v 43.153 168.160 -0.000
v 38.936 167.177 4.154
v 38.767 167.907 4.154
v 42.983 168.891 0.000
v 39.807 167.378 4.919
v 39.637 168.109 4.919
v 40.806 167.610 5.494
v 40.636 168.340 5.495
v 41.895 167.863 5.859
v 41.726 168.593 5.860
v 43.033 168.127 5.998
v 42.863 168.858 5.999
v 44.175 168.393 5.907
v 44.005 169.123 5.908
v 45.278 168.649 5.589
v 45.108 169.380 5.590
v 46.299 168.887 5.056
v 46.130 169.618 5.057
v 47.200 169.097 4.329
v 47.030 169.828 4.330
v 47.944 169.271 3.435
v 47.775 170.002 3.436
v 48.505 169.402 2.410
v 48.335 170.133 2.410
v 48.860 169.486 1.292
v 48.690 170.216 1.292
v 48.996 169.518 0.124
v 48.826 170.249 0.124
v 48.907 169.499 -1.049
v 48.737 170.229 -1.048
v 48.596 169.428 -2.181
v 48.427 170.158 -2.181
v 48.077 169.308 -3.230
v 47.907 170.038 -3.229
v 47.369 169.144 -4.154
v 47.199 169.875 -4.154
v 46.498 168.942 -4.919
v 46.328 169.673 -4.919
v 45.499 168.711 -5.495
v 45.329 169.441 -5.494
v 44.410 168.458 -5.860
v 44.240 169.188 -5.859
v 43.272 168.193 -5.999
v 43.102 168.924 -5.998
v 42.130 167.928 -5.908
v 41.960 168.658 -5.907
v 41.027 167.671 -5.590
v 40.857 168.402 -5.589
v 40.006 167.433 -5.057
v 39.836 168.164 -5.056
v 39.105 167.223 -4.330
v 38.936 167.954 -4.329
v 38.361 167.050 -3.436
v 38.191 167.780 -3.435
v 37.800 166.918 -2.410
v 37.630 167.649 -2.410
v 37.445 166.835 -1.292
v 37.275 167.565 -1.292
v 37.310 166.802 -0.124
v 37.140 167.533 -0.124
v 37.399 166.822 1.048
v 37.229 167.552 1.049
v 37.709 166.893 2.181
v 37.539 167.623 2.181
v 38.228 167.013 3.229
v 38.058 167.743 3.230
f 2 1 5
f 2 5 3
f 3 5 6
f 3 6 4
f 5 1 7
f 5 7 6
f 6 7 8
f 6 8 4
f 7 1 9
f 7 9 8
f 8 9 10
f 8 10 4
f 9 1 11
f 9 11 10
f 10 11 12
f 10 12 4
f 11 1 13
f 11 13 12
f 12 13 14
f 12 14 4
f 13 1 15
f 13 15 14
f 14 15 16
f 14 16 4
f 15 1 17
f 15 17 16
f 16 17 18
f 16 18 4
f 17 1 19
f 17 19 18
f 18 19 20
f 18 20 4
f 19 1 21
f 19 21 20
f 20 21 22
f 20 22 4
f 21 1 23
f 21 23 22
f 22 23 24
f 22 24 4
f 23 1 25
f 23 25 24
f 24 25 26
f 24 26 4
f 25 1 27
f 25 27 26
f 26 27 28
f 26 28 4
f 27 1 29
f 27 29 28
f 28 29 30
f 28 30 4
f 29 1 31
f 29 31 30
f 30 31 32
f 30 32 4
f 31 1 33
f 31 33 32
f 32 33 34
f 32 34 4
f 33 1 35
f 33 35 34
f 34 35 36
f 34 36 4
f 35 1 37
f 35 37 36
f 36 37 38
f 36 38 4
f 37 1 39
f 37 39 38
f 38 39 40
f 38 40 4
f 39 1 41
f 39 41 40
f 40 41 42
f 40 42 4
f 41 1 43
f 41 43 42
f 42 43 44
f 42 44 4
f 43 1 45
f 43 45 44
f 44 45 46
f 44 46 4
f 45 1 47
f 45 47 46
f 46 47 48
f 46 48 4
f 47 1 49
f 47 49 48
f 48 49 50
f 48 50 4
f 49 1 51
f 49 51 50
f 50 51 52
f 50 52 4
f 51 1 53
f 51 53 52
f 52 53 54
f 52 54 4
f 53 1 55
f 53 55 54
f 54 55 56
f 54 56 4
f 55 1 57
f 55 57 56
f 56 57 58
f 56 58 4
f 57 1 59
f 57 59 58
f 58 59 60
f 58 60 4
f 59 1 61
f 59 61 60
f 60 61 62
f 60 62 4
f 61 1 63
f 61 63 62
f 62 63 64
f 62 64 4
f 63 1 65
f 63 65 64
f 64 65 66
f 64 66 4
f 65 1 2
f 65 2 66
f 66 2 3
f 66 3 4
f 68 67 71
f 68 71 69
f 69 71 72
f 69 72 70
f 71 67 73
f 71 73 72
f 72 73 74
f 72 74 70
f 73 67 75
f 73 75 74
f 74 75 76
f 74 76 70
f 75 67 77
f 75 77 76
f 76 77 78
f 76 78 70
f 77 67 79
f 77 79 78
f 78 79 80
f 78 80 70
f 79 67 81
f 79 81 80
f 80 81 82
f 80 82 70
f 81 67 83
f 81 83 82
f 82 83 84
f 82 84 70
f 83 67 85
f 83 85 84
f 84 85 86
f 84 86 70
f 85 67 87
f 85 87 86
f 86 87 88
f 86 88 70
f 87 67 89
f 87 89 88
f 88 89 90
f 88 90 70
f 89 67 91
f 89 91 90
f 90 91 92
f 90 92 70
f 91 67 93
f 91 93 92
f 92 93 94
f 92 94 70
f 93 67 95
f 93 95 94
f 94 95 96
f 94 96 70
f 95 67 97
f 95 97 96
f 96 97 98
f 96 98 70
f 97 67 99
f 97 99 98
f 98 99 100
f 98 100 70
f 99 67 101
f 99 101 100
f 100 101 102
f 100 102 70
f 101 67 103
f 101 103 102
f 102 103 104
f 102 104 70
f 103 67 105
f 103 105 104
f 104 105 106
f 104 106 70
f 105 67 107
f 105 107 106
f 106 107 108
f 106 108 70
f 107 67 109
f 107 109 108
f 108 109 110
f 108 110 70
f 109 67 111
f 109 111 110
f 110 111 112
f 110 112 70
f 111 67 113
f 111 113 112
f 112 113 114
f 112 114 70
f 113 67 115
f 113 115 114
f 114 115 116
f 114 116 70
f 115 67 117
f 115 117 116
f 116 117 118
f 116 118 70
f 117 67 119
f 117 119 118
f 118 119 120
f 118 120 70
f 119 67 121
f 119 121 120
f 120 121 122
f 120 122 70
f 121 67 123
f 121 123 122
f 122 123 124
f 122 124 70
f 123 67 125
f 123 125 124
f 124 125 126
f 124 126 70
f 125 67 127
f 125 127 126
f 126 127 128
f 126 128 70
f 127 67 129
f 127 129 128
f 128 129 130
f 128 130 70
f 129 67 131
f 129 131 130
f 130 131 132
f 130 132 70
f 131 67 68
f 131 68 132
f 132 68 69
f 132 69 70
f 134 133 137
f 134 137 135
f 135 137 138
f 135 138 136
f 137 133 139
f 137 139 138
f 138 139 140
f 138 140 136
f 139 133 141
f 139 141 140
f 140 141 142
f 140 142 136
f 141 133 143
f 141 143 142
f 142 143 144
f 142 144 136
f 143 133 145
f 143 145 144
f 144 145 146
f 144 146 136
f 145 133 147
f 145 147 146
f 146 147 148
f 146 148 136
f 147 133 149
f 147 149 148
f 148 149 150
f 148 150 136
f 149 133 151
f 149 151 150
f 150 151 152
f 150 152 136
f 151 133 153
f 151 153 152
f 152 153 154
f 152 154 136
f 153 133 155
f 153 155 154
f 154 155 156
f 154 156 136
f 155 133 157
f 155 157 156
f 156 157 158
f 156 158 136
f 157 133 159
f 157 159 158
f 158 159 160
f 158 160 136
f 159 133 161
f 159 161 160
f 160 161 162
f 160 162 136
f 161 133 163
f 161 163 162
f 162 163 164
f 162 164 136
f 163 133 165
f 163 165 164
f 164 165 166
f 164 166 136
f 165 133 167
f 165 167 166
f 166 167 168
f 166 168 136
f 167 133 169
f 167 169 168
f 168 169 170
f 168 170 136
f 169 133 171
f 169 171 170
f 170 171 172
f 170 172 136
f 171 133 173
f 171 173 172
f 172 173 174
f 172 174 136
f 173 133 175
f 173 175 174
f 174 175 176
f 174 176 136
f 175 133 177
f 175 177 176
f 176 177 178
f 176 178 136
f 177 133 179
f 177 179 178
f 178 179 180
f 178 180 136
f 179 133 181
f 179 181 180
f 180 181 182
f 180 182 136
f 181 133 183
f 181 183 182
f 182 183 184
f 182 184 136
f 183 133 185
f 183 185 184
f 184 185 186
f 184 186 136
f 185 133 187
f 185 187 186
f 186 187 188
f 186 188 136
f 187 133 189
f 187 189 188
f 188 189 190
f 188 190 136
f 189 133 191
f 189 191 190
f 190 191 192
f 190 192 136
f 191 133 193
f 191 193 192
f 192 193 194
f 192 194 136
f 193 133 195
f 193 195 194
f 194 195 196
f 194 196 136
f 195 133 197
f 195 197 196
f 196 197 198
f 196 198 136
f 197 133 134
f 197 134 198
f 198 134 135
f 198 135 136
f 200 199 203
f 200 203 201
f 201 203 204
f 201 204 202
f 203 199 205
f 203 205 204
f 204 205 206
f 204 206 202
f 205 199 207
f 205 207 206
f 206 207 208
f 206 208 202
f 207 199 209
f 207 209 208
f 208 209 210
f 208 210 202
f 209 199 211
f 209 211 210
f 210 211 212
f 210 212 202
f 211 199 213
f 211 213 212
f 212 213 214
f 212 214 202
f 213 199 215
f 213 215 214
f 214 215 216
f 214 216 202
f 215 199 217
f 215 217 216
f 216 217 218
f 216 218 202
f 217 199 219
f 217 219 218
f 218 219 220
f 218 220 202
f 219 199 221
f 219 221 220
f 220 221 222
f 220 222 202
f 221 199 223
f 221 223 222
f 222 223 224
f 222 224 202
f 223 199 225
f 223 225 224
f 224 225 226
f 224 226 202
f 225 199 227
f 225 227 226
f 226 227 228
f 226 228 202
f 227 199 229
f 227 229 228
f 228 229 230
f 228 230 202
f 229 199 231
f 229 231 230
f 230 231 232
f 230 232 202
f 231 199 233
f 231 233 232
f 232 233 234
f 232 234 202
f 233 199 235
f 233 235 234
f 234 235 236
f 234 236 202
f 235 199 237
f 235 237 236
f 236 237 238
f 236 238 202
f 237 199 239
f 237 239 238
f 238 239 240
f 238 240 202
f 239 199 241
f 239 241 240
f 240 241 242
f 240 242 202
f 241 199 243
f 241 243 242
f 242 243 244
f 242 244 202
f 243 199 245
f 243 245 244
f 244 245 246
f 244 246 202
f 245 199 247
f 245 247 246
f 246 247 248
f 246 248 202
f 247 199 249
f 247 249 248
f 248 249 250
f 248 250 202
f 249 199 251
f 249 251 250
f 250 251 252
f 250 252 202
f 251 199 253
f 251 253 252
f 252 253 254
f 252 254 202
f 253 199 255
f 253 255 254
f 254 255 256
f 254 256 202
f 255 199 257
f 255 257 256
f 256 257 258
f 256 258 202
f 257 199 259
f 257 259 258
f 258 259 260
f 258 260 202
f 259 199 261
f 259 261 260
f 260 261 262
f 260 262 202
f 261 199 263
f 261 263 262
f 262 263 264
f 262 264 202
f 263 199 200
f 263 200 264
f 264 200 201
f 264 201 202
f 266 265 269
f 266 269 267
f 267 269 270
f 267 270 268
f 269 265 271
f 269 271 270
f 270 271 272
f 270 272 268
f 271 265 273
f 271 273 272
f 272 273 274
f 272 274 268
f 273 265 275
f 273 275 274
f 274 275 276
f 274 276 268
f 275 265 277
f 275 277 276
f 276 277 278
f 276 278 268
f 277 265 279
f 277 279 278
f 278 279 280
f 278 280 268
f 279 265 281
f 279 281 280
f 280 281 282
f 280 282 268
f 281 265 283
f 281 283 282
f 282 283 284
f 282 284 268
f 283 265 285
f 283 285 284
f 284 285 286
f 284 286 268
f 285 265 287
f 285 287 286
f 286 287 288
f 286 288 268
f 287 265 289
f 287 289 288
f 288 289 290
f 288 290 268
f 289 265 291
f 289 291 290
f 290 291 292
f 290 292 268
f 291 265 293
f 291 293 292
f 292 293 294
f 292 294 268
f 293 265 295
f 293 295 294
f 294 295 296
f 294 296 268
f 295 265 297
f 295 297 296
f 296 297 298
f 296 298 268
f 297 265 299
f 297 299 298
f 298 299 300
f 298 300 268
f 299 265 301
f 299 301 300
f 300 301 302
f 300 302 268
f 301 265 303
f 301 303 302
f 302 303 304
f 302 304 268
f 303 265 305
f 303 305 304
f 304 305 306
f 304 306 268
f 305 265 307
f 305 307 306
f 306 307 308
f 306 308 268
f 307 265 309
f 307 309 308
f 308 309 310
f 308 310 268
f 309 265 311
f 309 311 310
f 310 311 312
f 310 312 268
f 311 265 313
f 311 313 312
f 312 313 314
f 312 314 268
f 313 265 315
f 313 315 314
f 314 315 316
f 314 316 268
f 315 265 317
f 315 317 316
f 316 317 318
f 316 318 268
f 317 265 319
f 317 319 318
f 318 319 320
f 318 320 268
f 319 265 321
f 319 321 320
f 320 321 322
f 320 322 268
f 321 265 323
f 321 323 322
f 322 323 324
f 322 324 268
f 323 265 325
f 323 325 324
f 324 325 326
f 324 326 268
f 325 265 327
f 325 327 326
f 326 327 328
f 326 328 268
f 327 265 329
f 327 329 328
f 328 329 330
f 328 330 268
f 329 265 266
f 329 266 330
f 330 266 267
f 330 267 268
f 332 331 335
f 332 335 333
f 333 335 336
f 333 336 334
f 335 331 337
f 335 337 336
f 336 337 338
f 336 338 334
f 337 331 339
f 337 339 338
f 338 339 340
f 338 340 334
f 339 331 341
f 339 341 340
f 340 341 342
f 340 342 334
f 341 331 343
f 341 343 342
f 342 343 344
f 342 344 334
f 343 331 345
f 343 345 344
f 344 345 346
f 344 346 334
f 345 331 347
f 345 347 346
f 346 347 348
f 346 348 334
f 347 331 349
f 347 349 348
f 348 349 350
f 348 350 334
f 349 331 351
f 349 351 350
f 350 351 352
f 350 352 334
f 351 331 353
f 351 353 352
f 352 353 354
f 352 354 334
f 353 331 355
f 353 355 354
f 354 355 356
f 354 356 334
f 355 331 357
f 355 357 356
f 356 357 358
f 356 358 334
f 357 331 359
f 357 359 358
f 358 359 360
f 358 360 334
f 359 331 361
f 359 361 360
f 360 361 362
f 360 362 334
f 361 331 363
f 361 363 362
f 362 363 364
f 362 364 334
f 363 331 365
f 363 365 364
f 364 365 366
f 364 366 334
f 365 331 367
f 365 367 366
f 366 367 368
f 366 368 334
f 367 331 369
f 367 369 368
f 368 369 370
f 368 370 334
f 369 331 371
f 369 371 370
f 370 371 372
f 370 372 334
f 371 331 373
f 371 373 372
f 372 373 374
f 372 374 334
f 373 331 375
f 373 375 374
f 374 375 376
f 374 376 334
f 375 331 377
f 375 377 376
f 376 377 378
f 376 378 334
f 377 331 379
f 377 379 378
f 378 379 380
f 378 380 334
f 379 331 381
f 379 381 380
f 380 381 382
f 380 382 334
f 381 331 383
f 381 383 382
f 382 383 384
f 382 384 334
f 383 331 385
f 383 385 384
f 384 385 386
f 384 386 334
f 385 331 387
f 385 387 386
f 386 387 388
f 386 388 334
f 387 331 389
f 387 389 388
f 388 389 390
f 388 390 334
f 389 331 391
f 389 391 390
f 390 391 392
f 390 392 334
f 391 331 393
f 391 393 392
f 392 393 394
f 392 394 334
f 393 331 395
f 393 395 394
f 394 395 396
f 394 396 334
f 395 331 332
f 395 332 396
f 396 332 333
f 396 333 334
f 398 397 401
f 398 401 399
f 399 401 402
f 399 402 400
f 401 397 403
f 401 403 402
f 402 403 404
f 402 404 400
f 403 397 405
f 403 405 404
f 404 405 406
f 404 406 400
f 405 397 407
f 405 407 406
f 406 407 408
f 406 408 400
f 407 397 409
f 407 409 408
f 408 409 410
f 408 410 400
f 409 397 411
f 409 411 410
f 410 411 412
f 410 412 400
f 411 397 413
f 411 413 412
f 412 413 414
f 412 414 400
f 413 397 415
f 413 415 414
f 414 415 416
f 414 416 400
f 415 397 417
f 415 417 416
f 416 417 418
f 416 418 400
f 417 397 419
f 417 419 418
f 418 419 420
f 418 420 400
f 419 397 421
f 419 421 420
f 420 421 422
f 420 422 400
f 421 397 423
f 421 423 422
f 422 423 424
f 422 424 400
f 423 397 425
f 423 425 424
f 424 425 426
f 424 426 400
f 425 397 427
f 425 427 426
f 426 427 428
f 426 428 400
f 427 397 429
f 427 429 428
f 428 429 430
f 428 430 400
f 429 397 431
f 429 431 430
f 430 431 432
f 430 432 400
f 431 397 433
f 431 433 432
f 432 433 434
f 432 434 400
f 433 397 435
f 433 435 434
f 434 435 436
f 434 436 400
f 435 397 437
f 435 437 436
f 436 437 438
f 436 438 400
f 437 397 439
f 437 439 438
f 438 439 440
f 438 440 400
f 439 397 441
f 439 441 440
f 440 441 442
f 440 442 400
f 441 397 443
f 441 443 442
f 442 443 444
f 442 444 400
f 443 397 445
f 443 445 444
f 444 445 446
f 444 446 400
f 445 397 447
f 445 447 446
f 446 447 448
f 446 448 400
f 447 397 449
f 447 449 448
f 448 449 450
f 448 450 400
f 449 397 451
f 449 451 450
f 450 451 452
f 450 452 400
f 451 397 453
f 451 453 452
f 452 453 454
f 452 454 400
f 453 397 455
f 453 455 454
f 454 455 456
f 454 456 400
f 455 397 457
f 455 457 456
f 456 457 458
f 456 458 400
f 457 397 459
f 457 459 458
f 458 459 460
f 458 460 400
f 459 397 461
f 459 461 460
f 460 461 462
f 460 462 400
f 461 397 398
f 461 398 462
f 462 398 399
f 462 399 400
f 464 463 467
f 464 467 465
f 465 467 468
f 465 468 466
f 467 463 469
f 467 469 468
f 468 469 470
f 468 470 466
f 469 463 471
f 469 471 470
f 470 471 472
f 470 472 466
f 471 463 473
f 471 473 472
f 472 473 474
f 472 474 466
f 473 463 475
f 473 475 474
f 474 475 476
f 474 476 466
f 475 463 477
f 475 477 476
f 476 477 478
f 476 478 466
f 477 463 479
f 477 479 478
f 478 479 480
f 478 480 466
f 479 463 481
f 479 481 480
f 480 481 482
f 480 482 466
f 481 463 483
f 481 483 482
f 482 483 484
f 482 484 466
f 483 463 485
f 483 485 484
f 484 485 486
f 484 486 466
f 485 463 487
f 485 487 486
f 486 487 488
f 486 488 466
f 487 463 489
f 487 489 488
f 488 489 490
f 488 490 466
f 489 463 491
f 489 491 490
f 490 491 492
f 490 492 466
f 491 463 493
f 491 493 492
f 492 493 494
f 492 494 466
f 493 463 495
f 493 495 494
f 494 495 496
f 494 496 466
f 495 463 497
f 495 497 496
f 496 497 498
f 496 498 466
f 497 463 499
f 497 499 498
f 498 499 500
f 498 500 466
f 499 463 501
f 499 501 500
f 500 501 502
f 500 502 466
f 501 463 503
f 501 503 502
f 502 503 504
f 502 504 466
f 503 463 505
f 503 505 504
f 504 505 506
f 504 506 466
f 505 463 507
f 505 507 506
f 506 507 508
f 506 508 466
f 507 463 509
f 507 509 508
f 508 509 510
f 508 510 466
f 509 463 511
f 509 511 510
f 510 511 512
f 510 512 466
f 511 463 513
f 511 513 512
f 512 513 514
f 512 514 466
f 513 463 515
f 513 515 514
f 514 515 516
f 514 516 466
f 515 463 517
f 515 517 516
f 516 517 518
f 516 518 466
f 517 463 519
f 517 519 518
f 518 519 520
f 518 520 466
f 519 463 521
f 519 521 520
f 520 521 522
f 520 522 466
f 521 463 523
f 521 523 522
f 522 523 524
f 522 524 466
f 523 463 525
f 523 525 524
f 524 525 526
f 524 526 466
f 525 463 527
f 525 527 526
f 526 527 528
f 526 528 466
f 527 463 464
f 527 464 528
f 528 464 465
f 528 465 466
f 530 529 533
f 530 533 531
f 531 533 534
f 531 534 532
f 533 529 535
f 533 535 534
f 534 535 536
f 534 536 532
f 535 529 537
f 535 537 536
f 536 537 538
f 536 538 532
f 537 529 539
f 537 539 538
f 538 539 540
f 538 540 532
f 539 529 541
f 539 541 540
f 540 541 542
f 540 542 532
f 541 529 543
f 541 543 542
f 542 543 544
f 542 544 532
f 543 529 545
f 543 545 544
f 544 545 546
f 544 546 532
f 545 529 547
f 545 547 546
f 546 547 548
f 546 548 532
f 547 529 549
f 547 549 548
f 548 549 550
f 548 550 532
f 549 529 551
f 549 551 550
f 550 551 552
f 550 552 532
f 551 529 553
f 551 553 552
f 552 553 554
f 552 554 532
f 553 529 555
f 553 555 554
f 554 555 556
f 554 556 532
f 555 529 557
f 555 557 556
f 556 557 558
f 556 558 532
f 557 529 559
f 557 559 558
f 558 559 560
f 558 560 532
f 559 529 561
f 559 561 560
f 560 561 562
f 560 562 532
f 561 529 563
f 561 563 562
f 562 563 564
f 562 564 532
f 563 529 565
f 563 565 564
f 564 565 566
f 564 566 532
f 565 529 567
f 565 567 566
f 566 567 568
f 566 568 532
f 567 529 569
f 567 569 568
f 568 569 570
f 568 570 532
f 569 529 571
f 569 571 570
f 570 571 572
f 570 572 532
f 571 529 573
f 571 573 572
f 572 573 574
f 572 574 532
f 573 529 575
f 573 575 574
f 574 575 576
f 574 576 532
f 575 529 577
f 575 577 576
f 576 577 578
f 576 578 532
f 577 529 579
f 577 579 578
f 578 579 580
f 578 580 532
f 579 529 581
f 579 581 580
f 580 581 582
f 580 582 532
f 581 529 583
f 581 583 582
f 582 583 584
f 582 584 532
f 583 529 585
f 583 585 584
f 584 585 586
f 584 586 532
f 585 529 587
f 585 587 586
f 586 587 588
f 586 588 532
f 587 529 589
f 587 589 588
f 588 589 590
f 588 590 532
f 589 529 591
f 589 591 590
f 590 591 592
f 590 592 532
f 591 529 593
f 591 593 592
f 592 593 594
f 592 594 532
f 593 529 530
f 593 530 594
f 594 530 531
f 594 531 532
f 595 599 596
f 596 599 600
f 596 600 597
f 597 600 601
f 597 601 598
f 598 601 602
f 598 602 595
f 595 602 599
f 599 603 600
f 600 603 604
f 600 604 601
f 601 604 605
f 601 605 602
f 602 605 606
f 602 606 599
f 599 606 603
f 603 607 604
f 604 607 608
f 604 608 605
f 605 608 609
f 605 609 606
f 606 609 610
f 606 610 603
f 603 610 607
f 607 611 608
f 608 611 612
f 608 612 609
f 609 612 613
f 609 613 610
f 610 613 614
f 610 614 607
f 607 614 611
f 611 615 612
f 612 615 616
f 612 616 613
f 613 616 617
f 613 617 614
f 614 617 618
f 614 618 611
f 611 618 615
f 615 619 616
f 616 619 620
f 616 620 617
f 617 620 621
f 617 621 618
f 618 621 622
f 618 622 615
f 615 622 619
f 619 623 620
f 620 623 624
f 620 624 621
f 621 624 625
f 621 625 622
f 622 625 626
f 622 626 619
f 619 626 623
f 623 627 624
f 624 627 628
f 624 628 625
f 625 628 629
f 625 629 626
f 626 629 630
f 626 630 623
f 623 630 627
f 627 631 628
f 628 631 632
f 628 632 629
f 629 632 633
f 629 633 630
f 630 633 634
f 630 634 627
f 627 634 631
f 631 635 632
f 632 635 636
f 632 636 633
f 633 636 637
f 633 637 634
f 634 637 638
f 634 638 631
f 631 638 635
f 635 639 636
f 636 639 640
f 636 640 637
f 637 640 641
f 637 641 638
f 638 641 642
f 638 642 635
f 635 642 639
f 639 643 640
f 640 643 644
f 640 644 641
f 641 644 645
f 641 645 642
f 642 645 646
f 642 646 639
f 639 646 643
f 643 647 644
f 644 647 648
f 644 648 645
f 645 648 649
f 645 649 646
f 646 649 650
f 646 650 643
f 643 650 647
f 647 651 648
f 648 651 652
f 648 652 649
f 649 652 653
f 649 653 650
f 650 653 654
f 650 654 647
f 647 654 651
f 651 655 652
f 652 655 656
f 652 656 653
f 653 656 657
f 653 657 654
f 654 657 658
f 654 658 651
f 651 658 655
f 655 659 656
f 656 659 660
f 656 660 657
f 657 660 661
f 657 661 658
f 658 661 662
f 658 662 655
f 655 662 659
f 659 663 660
f 660 663 664
f 660 664 661
f 661 664 665
f 661 665 662
f 662 665 666
f 662 666 659
f 659 666 663
f 663 667 664
f 664 667 668
f 664 668 665
f 665 668 669
f 665 669 666
f 666 669 670
f 666 670 663
f 663 670 667
f 667 671 668
f 668 671 672
f 668 672 669
f 669 672 673
f 669 673 670
f 670 673 674
f 670 674 667
f 667 674 671
f 671 675 672
f 672 675 676
f 672 676 673
f 673 676 677
f 673 677 674
f 674 677 678
f 674 678 671
f 671 678 675
f 675 679 676
f 676 679 680
f 676 680 677
f 677 680 681
f 677 681 678
f 678 681 682
f 678 682 675
f 675 682 679
f 679 683 680
f 680 683 684
f 680 684 681
f 681 684 685
f 681 685 682
f 682 685 686
f 682 686 679
f 679 686 683
f 683 687 684
f 684 687 688
f 684 688 685
f 685 688 689
f 685 689 686
f 686 689 690
f 686 690 683
f 683 690 687
f 687 691 688
f 688 691 692
f 688 692 689
f 689 692 693
f 689 693 690
f 690 693 694
f 690 694 687
f 687 694 691
f 691 695 692
f 692 695 696
f 692 696 693
f 693 696 697
f 693 697 694
f 694 697 698
f 694 698 691
f 691 698 695
f 695 699 696
f 696 699 700
f 696 700 697
f 697 700 701
f 697 701 698
f 698 701 702
f 698 702 695
f 695 702 699
f 699 703 700
f 700 703 704
f 700 704 701
f 701 704 705
f 701 705 702
f 702 705 706
f 702 706 699
f 699 706 703
f 703 707 704
f 704 707 708
f 704 708 705
f 705 708 709
f 705 709 706
f 706 709 710
f 706 710 703
f 703 710 707
f 707 711 708
f 708 711 712
f 708 712 709
f 709 712 713
f 709 713 710
f 710 713 714
f 710 714 707
f 707 714 711
f 711 715 712
f 712 715 716
f 712 716 713
f 713 716 717
f 713 717 714
f 714 717 718
f 714 718 711
f 711 718 715
f 715 719 716
f 716 719 720
f 716 720 717
f 717 720 721
f 717 721 718
f 718 721 722
f 718 722 715
f 715 722 719
f 719 595 720
f 720 595 596
f 720 596 721
f 721 596 597
f 721 597 722
f 722 597 598
f 722 598 719
f 719 598 595
f 724 723 727
f 724 727 725
f 725 727 728
f 725 728 726
f 727 723 729
f 727 729 728
f 728 729 730
f 728 730 726
f 729 723 731
f 729 731 730
f 730 731 732
f 730 732 726
f 731 723 733
f 731 733 732
f 732 733 734
f 732 734 726
f 733 723 735
f 733 735 734
f 734 735 736
f 734 736 726
f 735 723 737
f 735 737 736
f 736 737 738
f 736 738 726
f 737 723 739
f 737 739 738
f 738 739 740
f 738 740 726
f 739 723 741
f 739 741 740
f 740 741 742
f 740 742 726
f 741 723 743
f 741 743 742
f 742 743 744
f 742 744 726
f 743 723 745
f 743 745 744
f 744 745 746
f 744 746 726
f 745 723 747
f 745 747 746
f 746 747 748
f 746 748 726
f 747 723 749
f 747 749 748
f 748 749 750
f 748 750 726
f 749 723 751
f 749 751 750
f 750 751 752
f 750 752 726
f 751 723 753
f 751 753 752
f 752 753 754
f 752 754 726
f 753 723 755
f 753 755 754
f 754 755 756
f 754 756 726
f 755 723 757
f 755 757 756
f 756 757 758
f 756 758 726
f 757 723 759
f 757 759 758
f 758 759 760
f 758 760 726
f 759 723 761
f 759 761 760
f 760 761 762
f 760 762 726
f 761 723 763
f 761 763 762
f 762 763 764
f 762 764 726
f 763 723 765
f 763 765 764
f 764 765 766
f 764 766 726
f 765 723 767
f 765 767 766
f 766 767 768
f 766 768 726
f 767 723 769
f 767 769 768
f 768 769 770
f 768 770 726
f 769 723 771
f 769 771 770
f 770 771 772
f 770 772 726
f 771 723 773
f 771 773 772
f 772 773 774
f 772 774 726
f 773 723 775
f 773 775 774
f 774 775 776
f 774 776 726
f 775 723 777
f 775 777 776
f 776 777 778
f 776 778 726
f 777 723 779
f 777 779 778
f 778 779 780
f 778 780 726
f 779 723 781
f 779 781 780
f 780 781 782
f 780 782 726
f 781 723 783
f 781 783 782
f 782 783 784
f 782 784 726
f 783 723 785
f 783 785 784
f 784 785 786
f 784 786 726
f 785 723 787
f 785 787 786
f 786 787 788
f 786 788 726
f 787 723 724
f 787 724 788
f 788 724 725
f 788 725 726
f 789 793 790
f 790 793 794
f 790 794 791
f 791 794 795
f 791 795 792
f 792 795 796
f 792 796 789
f 789 796 793
f 793 797 794
f 794 797 798
f 794 798 795
f 795 798 799
f 795 799 796
f 796 799 800
f 796 800 793
f 793 800 797
f 797 801 798
f 798 801 802
f 798 802 799
f 799 802 803
f 799 803 800
f 800 803 804
f 800 804 797
f 797 804 801
f 801 805 802
f 802 805 806
f 802 806 803
f 803 806 807
f 803 807 804
f 804 807 808
f 804 808 801
f 801 808 805
f 805 809 806
f 806 809 810
f 806 810 807
f 807 810 811
f 807 811 808
f 808 811 812
f 808 812 805
f 805 812 809
f 809 813 810
f 810 813 814
f 810 814 811
f 811 814 815
f 811 815 812
f 812 815 816
f 812 816 809
f 809 816 813
f 813 817 814
f 814 817 818
f 814 818 815
f 815 818 819
f 815 819 816
f 816 819 820
f 816 820 813
f 813 820 817
f 817 821 818
f 818 821 822
f 818 822 819
f 819 822 823
f 819 823 820
f 820 823 824
f 820 824 817
f 817 824 821
f 821 825 822
f 822 825 826
f 822 826 823
f 823 826 827
f 823 827 824
f 824 827 828
f 824 828 821
f 821 828 825
f 825 829 826
f 826 829 830
f 826 830 827
f 827 830 831
f 827 831 828
f 828 831 832
f 828 832 825
f 825 832 829
f 829 833 830
f 830 833 834
f 830 834 831
f 831 834 835
f 831 835 832
f 832 835 836
f 832 836 829
f 829 836 833
f 833 837 834
f 834 837 838
f 834 838 835
f 835 838 839
f 835 839 836
f 836 839 840
f 836 840 833
f 833 840 837
f 837 841 838
f 838 841 842
f 838 842 839
f 839 842 843
f 839 843 840
f 840 843 844
f 840 844 837
f 837 844 841
f 841 845 842
f 842 845 846
f 842 846 843
f 843 846 847
f 843 847 844
f 844 847 848
f 844 848 841
f 841 848 845
f 845 849 846
f 846 849 850
f 846 850 847
f 847 850 851
f 847 851 848
f 848 851 852
f 848 852 845
f 845 852 849
f 849 853 850
f 850 853 854
f 850 854 851
f 851 854 855
f 851 855 852
f 852 855 856
f 852 856 849
f 849 856 853
f 853 857 854
f 854 857 858
f 854 858 855
f 855 858 859
f 855 859 856
f 856 859 860
f 856 860 853
f 853 860 857
f 857 861 858
f 858 861 862
f 858 862 859
f 859 862 863
f 859 863 860
f 860 863 864
f 860 864 857
f 857 864 861
f 861 865 862
f 862 865 866
f 862 866 863
f 863 866 867
f 863 867 864
f 864 867 868
f 864 868 861
f 861 868 865
f 865 869 866
f 866 869 870
f 866 870 867
f 867 870 871
f 867 871 868
f 868 871 872
f 868 872 865
f 865 872 869
f 869 873 870
f 870 873 874
f 870 874 871
f 871 874 875
f 871 875 872
f 872 875 876
f 872 876 869
f 869 876 873
f 873 877 874
f 874 877 878
f 874 878 875
f 875 878 879
f 875 879 876
f 876 879 880
f 876 880 873
f 873 880 877
f 877 881 878
f 878 881 882
f 878 882 879
f 879 882 883
f 879 883 880
f 880 883 884
f 880 884 877
f 877 884 881
f 881 885 882
f 882 885 886
f 882 886 883
f 883 886 887
f 883 887 884
f 884 887 888
f 884 888 881
f 881 888 885
f 885 889 886
f 886 889 890
f 886 890 887
f 887 890 891
f 887 891 888
f 888 891 892
f 888 892 885
f 885 892 889
f 889 893 890
f 890 893 894
f 890 894 891
f 891 894 895
f 891 895 892
f 892 895 896
f 892 896 889
f 889 896 893
f 893 897 894
f 894 897 898
f 894 898 895
f 895 898 899
f 895 899 896
f 896 899 900
f 896 900 893
f 893 900 897
f 897 901 898
f 898 901 902
f 898 902 899
f 899 902 903
f 899 903 900
f 900 903 904
f 900 904 897
f 897 904 901
f 901 905 902
f 902 905 906
f 902 906 903
f 903 906 907
f 903 907 904
f 904 907 908
f 904 908 901
f 901 908 905
f 905 909 906
f 906 909 910
f 906 910 907
f 907 910 911
f 907 911 908
f 908 911 912
f 908 912 905
f 905 912 909
f 909 913 910
f 910 913 914
f 910 914 911
f 911 914 915
f 911 915 912
f 912 915 916
f 912 916 909
f 909 916 913
f 913 789 914
f 914 789 790
f 914 790 915
f 915 790 791
f 915 791 916
f 916 791 792
f 916 792 913
f 913 792 789
f 917 921 918
f 918 921 922
f 918 922 919
f 919 922 923
f 919 923 920
f 920 923 924
f 920 924 917
f 917 924 921
f 921 925 922
f 922 925 926
f 922 926 923
f 923 926 927
f 923 927 924
f 924 927 928
f 924 928 921
f 921 928 925
f 925 929 926
f 926 929 930
f 926 930 927
f 927 930 931
f 927 931 928
f 928 931 932
f 928 932 925
f 925 932 929
f 929 933 930
f 930 933 934
f 930 934 931
f 931 934 935
f 931 935 932
f 932 935 936
f 932 936 929
f 929 936 933
f 933 937 934
f 934 937 938
f 934 938 935
f 935 938 939
f 935 939 936
f 936 939 940
f 936 940 933
f 933 940 937
f 937 941 938
f 938 941 942
f 938 942 939
f 939 942 943
f 939 943 940
f 940 943 944
f 940 944 937
f 937 944 941
f 941 945 942
f 942 945 946
f 942 946 943
f 943 946 947
f 943 947 944
f 944 947 948
f 944 948 941
f 941 948 945
f 945 949 946
f 946 949 950
f 946 950 947
f 947 950 951
f 947 951 948
f 948 951 952
f 948 952 945
f 945 952 949
f 949 953 950
f 950 953 954
f 950 954 951
f 951 954 955
f 951 955 952
f 952 955 956
f 952 956 949
f 949 956 953
f 953 957 954
f 954 957 958
f 954 958 955
f 955 958 959
f 955 959 956
f 956 959 960
f 956 960 953
f 953 960 957
f 957 961 958
f 958 961 962
f 958 962 959
f 959 962 963
f 959 963 960
f 960 963 964
f 960 964 957
f 957 964 961
f 961 965 962
f 962 965 966
f 962 966 963
f 963 966 967
f 963 967 964
f 964 967 968
f 964 968 961
f 961 968 965
f 965 969 966
f 966 969 970
f 966 970 967
f 967 970 971
f 967 971 968
f 968 971 972
f 968 972 965
f 965 972 969
f 969 973 970
f 970 973 974
f 970 974 971
f 971 974 975
f 971 975 972
f 972 975 976
f 972 976 969
f 969 976 973
f 973 977 974
f 974 977 978
f 974 978 975
f 975 978 979
f 975 979 976
f 976 979 980
f 976 980 973
f 973 980 977
f 977 981 978
f 978 981 982
f 978 982 979
f 979 982 983
f 979 983 980
f 980 983 984
f 980 984 977
f 977 984 981
f 981 985 982
f 982 985 986
f 982 986 983
f 983 986 987
f 983 987 984
f 984 987 988
f 984 988 981
f 981 988 985
f 985 989 986
f 986 989 990
f 986 990 987
f 987 990 991
f 987 991 988
f 988 991 992
f 988 992 985
f 985 992 989
f 989 993 990
f 990 993 994
f 990 994 991
f 991 994 995
f 991 995 992
f 992 995 996
f 992 996 989
f 989 996 993
f 993 997 994
f 994 997 998
f 994 998 995
f 995 998 999
f 995 999 996
f 996 999 1000
f 996 1000 993
f 993 1000 997
f 997 1001 998
f 998 1001 1002
f 998 1002 999
f 999 1002 1003
f 999 1003 1000
f 1000 1003 1004
f 1000 1004 997
f 997 1004 1001
f 1001 1005 1002
f 1002 1005 1006
f 1002 1006 1003
f 1003 1006 1007
f 1003 1007 1004
f 1004 1007 1008
f 1004 1008 1001
f 1001 1008 1005
f 1005 1009 1006
f 1006 1009 1010
f 1006 1010 1007
f 1007 1010 1011
f 1007 1011 1008
f 1008 1011 1012
f 1008 1012 1005
f 1005 1012 1009
f 1009 1013 1010
f 1010 1013 1014
f 1010 1014 1011
f 1011 1014 1015
f 1011 1015 1012
f 1012 1015 1016
f 1012 1016 1009
f 1009 1016 1013
f 1013 1017 1014
f 1014 1017 1018
f 1014 1018 1015
f 1015 1018 1019
f 1015 1019 1016
f 1016 1019 1020
f 1016 1020 1013
f 1013 1020 1017
f 1017 1021 1018
f 1018 1021 1022
f 1018 1022 1019
f 1019 1022 1023
f 1019 1023 1020
f 1020 1023 1024
f 1020 1024 1017
f 1017 1024 1021
f 1021 1025 1022
f 1022 1025 1026
f 1022 1026 1023
f 1023 1026 1027
f 1023 1027 1024
f 1024 1027 1028
f 1024 1028 1021
f 1021 1028 1025
f 1025 1029 1026
f 1026 1029 1030
f 1026 1030 1027
f 1027 1030 1031
f 1027 1031 1028
f 1028 1031 1032
f 1028 1032 1025
f 1025 1032 1029
f 1029 1033 1030
f 1030 1033 1034
f 1030 1034 1031
f 1031 1034 1035
f 1031 1035 1032
f 1032 1035 1036
f 1032 1036 1029
f 1029 1036 1033
f 1033 1037 1034
f 1034 1037 1038
f 1034 1038 1035
f 1035 1038 1039
f 1035 1039 1036
f 1036 1039 1040
f 1036 1040 1033
f 1033 1040 1037
f 1037 1041 1038
f 1038 1041 1042
f 1038 1042 1039
f 1039 1042 1043
f 1039 1043 1040
f 1040 1043 1044
f 1040 1044 1037
f 1037 1044 1041
f 1041 917 1042
f 1042 917 918
f 1042 918 1043
f 1043 918 919
f 1043 919 1044
f 1044 919 920
f 1044 920 1041
f 1041 920 917
f 1046 1045 1049
f 1046 1049 1047
f 1047 1049 1050
f 1047 1050 1048
f 1049 1045 1051
f 1049 1051 1050
f 1050 1051 1052
f 1050 1052 1048
f 1051 1045 1053
f 1051 1053 1052
f 1052 1053 1054
f 1052 1054 1048
f 1053 1045 1055
f 1053 1055 1054
f 1054 1055 1056
f 1054 1056 1048
f 1055 1045 1057
f 1055 1057 1056
f 1056 1057 1058
f 1056 1058 1048
f 1057 1045 1059
f 1057 1059 1058
f 1058 1059 1060
f 1058 1060 1048
f 1059 1045 1061
f 1059 1061 1060
f 1060 1061 1062
f 1060 1062 1048
f 1061 1045 1063
f 1061 1063 1062
f 1062 1063 1064
f 1062 1064 1048
f 1063 1045 1065
f 1063 1065 1064
f 1064 1065 1066
f 1064 1066 1048
f 1065 1045 1067
f 1065 1067 1066
f 1066 1067 1068
f 1066 1068 1048
f 1067 1045 1069
f 1067 1069 1068
f 1068 1069 1070
f 1068 1070 1048
f 1069 1045 1071
f 1069 1071 1070
f 1070 1071 1072
f 1070 1072 1048
f 1071 1045 1073
f 1071 1073 1072
f 1072 1073 1074
f 1072 1074 1048
f 1073 1045 1075
f 1073 1075 1074
f 1074 1075 1076
f 1074 1076 1048
f 1075 1045 1077
f 1075 1077 1076
f 1076 1077 1078
f 1076 1078 1048
f 1077 1045 1079
f 1077 1079 1078
f 1078 1079 1080
f 1078 1080 1048
f 1079 1045 1081
f 1079 1081 1080
f 1080 1081 1082
f 1080 1082 1048
f 1081 1045 1083
f 1081 1083 1082
f 1082 1083 1084
f 1082 1084 1048
f 1083 1045 1085
f 1083 1085 1084
f 1084 1085 1086
f 1084 1086 1048
f 1085 1045 1087
f 1085 1087 1086
f 1086 1087 1088
f 1086 1088 1048
f 1087 1045 1089
f 1087 1089 1088
f 1088 1089 1090
f 1088 1090 1048
f 1089 1045 1091
f 1089 1091 1090
f 1090 1091 1092
f 1090 1092 1048
f 1091 1045 1093
f 1091 1093 1092
f 1092 1093 1094
f 1092 1094 1048
f 1093 1045 1095
f 1093 1095 1094
f 1094 1095 1096
f 1094 1096 1048
f 1095 1045 1097
f 1095 1097 1096
f 1096 1097 1098
f 1096 1098 1048
f 1097 1045 1099
f 1097 1099 1098
f 1098 1099 1100
f 1098 1100 1048
f 1099 1045 1101
f 1099 1101 1100
f 1100 1101 1102
f 1100 1102 1048
f 1101 1045 1103
f 1101 1103 1102
f 1102 1103 1104
f 1102 1104 1048
f 1103 1045 1105
f 1103 1105 1104
f 1104 1105 1106
f 1104 1106 1048
f 1105 1045 1107
f 1105 1107 1106
f 1106 1107 1108
f 1106 1108 1048
f 1107 1045 1109
f 1107 1109 1108
f 1108 1109 1110
f 1108 1110 1048
f 1109 1045 1046
f 1109 1046 1110
f 1110 1046 1047
f 1110 1047 1048
f 1111 1115 1112
f 1112 1115 1116
f 1112 1116 1113
f 1113 1116 1117
f 1113 1117 1114
f 1114 1117 1118
f 1114 1118 1111
f 1111 1118 1115
f 1115 1119 1116
f 1116 1119 1120
f 1116 1120 1117
f 1117 1120 1121
f 1117 1121 1118
f 1118 1121 1122
f 1118 1122 1115
f 1115 1122 1119
f 1119 1123 1120
f 1120 1123 1124
f 1120 1124 1121
f 1121 1124 1125
f 1121 1125 1122
f 1122 1125 1126
f 1122 1126 1119
f 1119 1126 1123
f 1123 1127 1124
f 1124 1127 1128
f 1124 1128 1125
f 1125 1128 1129
f 1125 1129 1126
f 1126 1129 1130
f 1126 1130 1123
f 1123 1130 1127
f 1127 1131 1128
f 1128 1131 1132
f 1128 1132 1129
f 1129 1132 1133
f 1129 1133 1130
f 1130 1133 1134
f 1130 1134 1127
f 1127 1134 1131
f 1131 1135 1132
f 1132 1135 1136
f 1132 1136 1133
f 1133 1136 1137
f 1133 1137 1134
f 1134 1137 1138
f 1134 1138 1131
f 1131 1138 1135
f 1135 1139 1136
f 1136 1139 1140
f 1136 1140 1137
f 1137 1140 1141
f 1137 1141 1138
f 1138 1141 1142
f 1138 1142 1135
f 1135 1142 1139
f 1139 1143 1140
f 1140 1143 1144
f 1140 1144 1141
f 1141 1144 1145
f 1141 1145 1142
f 1142 1145 1146
f 1142 1146 1139
f 1139 1146 1143
f 1143 1147 1144
f 1144 1147 1148
f 1144 1148 1145
f 1145 1148 1149
f 1145 1149 1146
f 1146 1149 1150
f 1146 1150 1143
f 1143 1150 1147
f 1147 1151 1148
f 1148 1151 1152
f 1148 1152 1149
f 1149 1152 1153
f 1149 1153 1150
f 1150 1153 1154
f 1150 1154 1147
f 1147 1154 1151
f 1151 1155 1152
f 1152 1155 1156
f 1152 1156 1153
f 1153 1156 1157
f 1153 1157 1154
f 1154 1157 1158
f 1154 1158 1151
f 1151 1158 1155
f 1155 1159 1156
f 1156 1159 1160
f 1156 1160 1157
f 1157 1160 1161
f 1157 1161 1158
f 1158 1161 1162
f 1158 1162 1155
f 1155 1162 1159
f 1159 1163 1160
f 1160 1163 1164
f 1160 1164 1161
f 1161 1164 1165
f 1161 1165 1162
f 1162 1165 1166
f 1162 1166 1159
f 1159 1166 1163
f 1163 1167 1164
f 1164 1167 1168
f 1164 1168 1165
f 1165 1168 1169
f 1165 1169 1166
f 1166 1169 1170
f 1166 1170 1163
f 1163 1170 1167
f 1167 1171 1168
f 1168 1171 1172
f 1168 1172 1169
f 1169 1172 1173
f 1169 1173 1170
f 1170 1173 1174
f 1170 1174 1167
f 1167 1174 1171
f 1171 1175 1172
f 1172 1175 1176
f 1172 1176 1173
f 1173 1176 1177
f 1173 1177 1174
f 1174 1177 1178
f 1174 1178 1171
f 1171 1178 1175
f 1175 1179 1176
f 1176 1179 1180
f 1176 1180 1177
f 1177 1180 1181
f 1177 1181 1178
f 1178 1181 1182
f 1178 1182 1175
f 1175 1182 1179
f 1179 1183 1180
f 1180 1183 1184
f 1180 1184 1181
f 1181 1184 1185
f 1181 1185 1182
f 1182 1185 1186
f 1182 1186 1179
f 1179 1186 1183
f 1183 1187 1184
f 1184 1187 1188
f 1184 1188 1185
f 1185 1188 1189
f 1185 1189 1186
f 1186 1189 1190
f 1186 1190 1183
f 1183 1190 1187
f 1187 1191 1188
f 1188 1191 1192
f 1188 1192 1189
f 1189 1192 1193
f 1189 1193 1190
f 1190 1193 1194
f 1190 1194 1187
f 1187 1194 1191
f 1191 1195 1192
f 1192 1195 1196
f 1192 1196 1193
f 1193 1196 1197
f 1193 1197 1194
f 1194 1197 1198
f 1194 1198 1191
f 1191 1198 1195
f 1195 1199 1196
f 1196 1199 1200
f 1196 1200 1197
f 1197 1200 1201
f 1197 1201 1198
f 1198 1201 1202
f 1198 1202 1195
f 1195 1202 1199
f 1199 1203 1200
f 1200 1203 1204
f 1200 1204 1201
f 1201 1204 1205
f 1201 1205 1202
f 1202 1205 1206
f 1202 1206 1199
f 1199 1206 1203
f 1203 1207 1204
f 1204 1207 1208
f 1204 1208 1205
f 1205 1208 1209
f 1205 1209 1206
f 1206 1209 1210
f 1206 1210 1203
f 1203 1210 1207
f 1207 1211 1208
f 1208 1211 1212
f 1208 1212 1209
f 1209 1212 1213
f 1209 1213 1210
f 1210 1213 1214
f 1210 1214 1207
f 1207 1214 1211
f 1211 1215 1212
f 1212 1215 1216
f 1212 1216 1213
f 1213 1216 1217
f 1213 1217 1214
f 1214 1217 1218
f 1214 1218 1211
f 1211 1218 1215
f 1215 1219 1216
f 1216 1219 1220
f 1216 1220 1217
f 1217 1220 1221
f 1217 1221 1218
f 1218 1221 1222
f 1218 1222 1215
f 1215 1222 1219
f 1219 1223 1220
f 1220 1223 1224
f 1220 1224 1221
f 1221 1224 1225
f 1221 1225 1222
f 1222 1225 1226
f 1222 1226 1219
f 1219 1226 1223
f 1223 1227 1224
f 1224 1227 1228
f 1224 1228 1225
f 1225 1228 1229
f 1225 1229 1226
f 1226 1229 1230
f 1226 1230 1223
f 1223 1230 1227
f 1227 1231 1228
f 1228 1231 1232
f 1228 1232 1229
f 1229 1232 1233
f 1229 1233 1230
f 1230 1233 1234
f 1230 1234 1227
f 1227 1234 1231
f 1231 1235 1232
f 1232 1235 1236
f 1232 1236 1233
f 1233 1236 1237
f 1233 1237 1234
f 1234 1237 1238
f 1234 1238 1231
f 1231 1238 1235
f 1235 1111 1236
f 1236 1111 1112
f 1236 1112 1237
f 1237 1112 1113
f 1237 1113 1238
f 1238 1113 1114
f 1238 1114 1235
f 1235 1114 1111
f 1240 1239 1243
f 1240 1243 1241
f 1241 1243 1244
f 1241 1244 1242
f 1243 1239 1245
f 1243 1245 1244
f 1244 1245 1246
f 1244 1246 1242
f 1245 1239 1247
f 1245 1247 1246
f 1246 1247 1248
f 1246 1248 1242
f 1247 1239 1249
f 1247 1249 1248
f 1248 1249 1250
f 1248 1250 1242
f 1249 1239 1251
f 1249 1251 1250
f 1250 1251 1252
f 1250 1252 1242
f 1251 1239 1253
f 1251 1253 1252
f 1252 1253 1254
f 1252 1254 1242
f 1253 1239 1255
f 1253 1255 1254
f 1254 1255 1256
f 1254 1256 1242
f 1255 1239 1257
f 1255 1257 1256
f 1256 1257 1258
f 1256 1258 1242
f 1257 1239 1259
f 1257 1259 1258
f 1258 1259 1260
f 1258 1260 1242
f 1259 1239 1261
f 1259 1261 1260
f 1260 1261 1262
f 1260 1262 1242
f 1261 1239 1263
f 1261 1263 1262
f 1262 1263 1264
f 1262 1264 1242
f 1263 1239 1265
f 1263 1265 1264
f 1264 1265 1266
f 1264 1266 1242
f 1265 1239 1267
f 1265 1267 1266
f 1266 1267 1268
f 1266 1268 1242
f 1267 1239 1269
f 1267 1269 1268
f 1268 1269 1270
f 1268 1270 1242
f 1269 1239 1271
f 1269 1271 1270
f 1270 1271 1272
f 1270 1272 1242
f 1271 1239 1273
f 1271 1273 1272
f 1272 1273 1274
f 1272 1274 1242
f 1273 1239 1275
f 1273 1275 1274
f 1274 1275 1276
f 1274 1276 1242
f 1275 1239 1277
f 1275 1277 1276
f 1276 1277 1278
f 1276 1278 1242
f 1277 1239 1279
f 1277 1279 1278
f 1278 1279 1280
f 1278 1280 1242
f 1279 1239 1281
f 1279 1281 1280
f 1280 1281 1282
f 1280 1282 1242
f 1281 1239 1283
f 1281 1283 1282
f 1282 1283 1284
f 1282 1284 1242
f 1283 1239 1285
f 1283 1285 1284
f 1284 1285 1286
f 1284 1286 1242
f 1285 1239 1287
f 1285 1287 1286
f 1286 1287 1288
f 1286 1288 1242
f 1287 1239 1289
f 1287 1289 1288
f 1288 1289 1290
f 1288 1290 1242
f 1289 1239 1291
f 1289 1291 1290
f 1290 1291 1292
f 1290 1292 1242
f 1291 1239 1293
f 1291 1293 1292
f 1292 1293 1294
f 1292 1294 1242
f 1293 1239 1295
f 1293 1295 1294
f 1294 1295 1296
f 1294 1296 1242
f 1295 1239 1297
f 1295 1297 1296
f 1296 1297 1298
f 1296 1298 1242
f 1297 1239 1299
f 1297 1299 1298
f 1298 1299 1300
f 1298 1300 1242
f 1299 1239 1301
f 1299 1301 1300
f 1300 1301 1302
f 1300 1302 1242
f 1301 1239 1303
f 1301 1303 1302
f 1302 1303 1304
f 1302 1304 1242
f 1303 1239 1240
f 1303 1240 1304
f 1304 1240 1241
f 1304 1241 1242
f 1306 1305 1309
f 1306 1309 1307
f 1307 1309 1310
f 1307 1310 1308
f 1309 1305 1311
f 1309 1311 1310
f 1310 1311 1312
f 1310 1312 1308
f 1311 1305 1313
f 1311 1313 1312
f 1312 1313 1314
f 1312 1314 1308
f 1313 1305 1315
f 1313 1315 1314
f 1314 1315 1316
f 1314 1316 1308
f 1315 1305 1317
f 1315 1317 1316
f 1316 1317 1318
f 1316 1318 1308
f 1317 1305 1319
f 1317 1319 1318
f 1318 1319 1320
f 1318 1320 1308
f 1319 1305 1321
f 1319 1321 1320
f 1320 1321 1322
f 1320 1322 1308
f 1321 1305 1323
f 1321 1323 1322
f 1322 1323 1324
f 1322 1324 1308
f 1323 1305 1325
f 1323 1325 1324
f 1324 1325 1326
f 1324 1326 1308
f 1325 1305 1327
f 1325 1327 1326
f 1326 1327 1328
f 1326 1328 1308
f 1327 1305 1329
f 1327 1329 1328
f 1328 1329 1330
f 1328 1330 1308
f 1329 1305 1331
f 1329 1331 1330
f 1330 1331 1332
f 1330 1332 1308
f 1331 1305 1333
f 1331 1333 1332
f 1332 1333 1334
f 1332 1334 1308
f 1333 1305 1335
f 1333 1335 1334
f 1334 1335 1336
f 1334 1336 1308
f 1335 1305 1337
f 1335 1337 1336
f 1336 1337 1338
f 1336 1338 1308
f 1337 1305 1339
f 1337 1339 1338
f 1338 1339 1340
f 1338 1340 1308
f 1339 1305 1341
f 1339 1341 1340
f 1340 1341 1342
f 1340 1342 1308
f 1341 1305 1343
f 1341 1343 1342
f 1342 1343 1344
f 1342 1344 1308
f 1343 1305 1345
f 1343 1345 1344
f 1344 1345 1346
f 1344 1346 1308
f 1345 1305 1347
f 1345 1347 1346
f 1346 1347 1348
f 1346 1348 1308
f 1347 1305 1349
f 1347 1349 1348
f 1348 1349 1350
f 1348 1350 1308
f 1349 1305 1351
f 1349 1351 1350
f 1350 1351 1352
f 1350 1352 1308
f 1351 1305 1353
f 1351 1353 1352
f 1352 1353 1354
f 1352 1354 1308
f 1353 1305 1355
f 1353 1355 1354
f 1354 1355 1356
f 1354 1356 1308
f 1355 1305 1357
f 1355 1357 1356
f 1356 1357 1358
f 1356 1358 1308
f 1357 1305 1359
f 1357 1359 1358
f 1358 1359 1360
f 1358 1360 1308
f 1359 1305 1361
f 1359 1361 1360
f 1360 1361 1362
f 1360 1362 1308
f 1361 1305 1363
f 1361 1363 1362
f 1362 1363 1364
f 1362 1364 1308
f 1363 1305 1365
f 1363 1365 1364
f 1364 1365 1366
f 1364 1366 1308
f 1365 1305 1367
f 1365 1367 1366
f 1366 1367 1368
f 1366 1368 1308
f 1367 1305 1369
f 1367 1369 1368
f 1368 1369 1370
f 1368 1370 1308
f 1369 1305 1306
f 1369 1306 1370
f 1370 1306 1307
f 1370 1307 1308
f 1372 1371 1375
f 1372 1375 1373
f 1373 1375 1376
f 1373 1376 1374
f 1375 1371 1377
f 1375 1377 1376
f 1376 1377 1378
f 1376 1378 1374
f 1377 1371 1379
f 1377 1379 1378
f 1378 1379 1380
f 1378 1380 1374
f 1379 1371 1381
f 1379 1381 1380
f 1380 1381 1382
f 1380 1382 1374
f 1381 1371 1383
f 1381 1383 1382
f 1382 1383 1384
f 1382 1384 1374
f 1383 1371 1385
f 1383 1385 1384
f 1384 1385 1386
f 1384 1386 1374
f 1385 1371 1387
f 1385 1387 1386
f 1386 1387 1388
f 1386 1388 1374
f 1387 1371 1389
f 1387 1389 1388
f 1388 1389 1390
f 1388 1390 1374
f 1389 1371 1391
f 1389 1391 1390
f 1390 1391 1392
f 1390 1392 1374
f 1391 1371 1393
f 1391 1393 1392
f 1392 1393 1394
f 1392 1394 1374
f 1393 1371 1395
f 1393 1395 1394
f 1394 1395 1396
f 1394 1396 1374
f 1395 1371 1397
f 1395 1397 1396
f 1396 1397 1398
f 1396 1398 1374
f 1397 1371 1399
f 1397 1399 1398
f 1398 1399 1400
f 1398 1400 1374
f 1399 1371 1401
f 1399 1401 1400
f 1400 1401 1402
f 1400 1402 1374
f 1401 1371 1403
f 1401 1403 1402
f 1402 1403 1404
f 1402 1404 1374
f 1403 1371 1405
f 1403 1405 1404
f 1404 1405 1406
f 1404 1406 1374
f 1405 1371 1407
f 1405 1407 1406
f 1406 1407 1408
f 1406 1408 1374
f 1407 1371 1409
f 1407 1409 1408
f 1408 1409 1410
f 1408 1410 1374
f 1409 1371 1411
f 1409 1411 1410
f 1410 1411 1412
f 1410 1412 1374
f 1411 1371 1413
f 1411 1413 1412
f 1412 1413 1414
f 1412 1414 1374
f 1413 1371 1415
f 1413 1415 1414
f 1414 1415 1416
f 1414 1416 1374
f 1415 1371 1417
f 1415 1417 1416
f 1416 1417 1418
f 1416 1418 1374
f 1417 1371 1419
f 1417 1419 1418
f 1418 1419 1420
f 1418 1420 1374
f 1419 1371 1421
f 1419 1421 1420
f 1420 1421 1422
f 1420 1422 1374
f 1421 1371 1423
f 1421 1423 1422
f 1422 1423 1424
f 1422 1424 1374
f 1423 1371 1425
f 1423 1425 1424
f 1424 1425 1426
f 1424 1426 1374
f 1425 1371 1427
f 1425 1427 1426
f 1426 1427 1428
f 1426 1428 1374
f 1427 1371 1429
f 1427 1429 1428
f 1428 1429 1430
f 1428 1430 1374
f 1429 1371 1431
f 1429 1431 1430
f 1430 1431 1432
f 1430 1432 1374
f 1431 1371 1433
f 1431 1433 1432
f 1432 1433 1434
f 1432 1434 1374
f 1433 1371 1435
f 1433 1435 1434
f 1434 1435 1436
f 1434 1436 1374
f 1435 1371 1372
f 1435 1372 1436
f 1436 1372 1373
f 1436 1373 1374
f 1437 1441 1438
f 1438 1441 1442
f 1438 1442 1439
f 1439 1442 1443
f 1439 1443 1440
f 1440 1443 1444
f 1440 1444 1437
f 1437 1444 1441
f 1441 1445 1442
f 1442 1445 1446
f 1442 1446 1443
f 1443 1446 1447
f 1443 1447 1444
f 1444 1447 1448
f 1444 1448 1441
f 1441 1448 1445
f 1445 1449 1446
f 1446 1449 1450
f 1446 1450 1447
f 1447 1450 1451
f 1447 1451 1448
f 1448 1451 1452
f 1448 1452 1445
f 1445 1452 1449
f 1449 1453 1450
f 1450 1453 1454
f 1450 1454 1451
f 1451 1454 1455
f 1451 1455 1452
f 1452 1455 1456
f 1452 1456 1449
f 1449 1456 1453
f 1453 1457 1454
f 1454 1457 1458
f 1454 1458 1455
f 1455 1458 1459
f 1455 1459 1456
f 1456 1459 1460
f 1456 1460 1453
f 1453 1460 1457
f 1457 1461 1458
f 1458 1461 1462
f 1458 1462 1459
f 1459 1462 1463
f 1459 1463 1460
f 1460 1463 1464
f 1460 1464 1457
f 1457 1464 1461
f 1461 1465 1462
f 1462 1465 1466
f 1462 1466 1463
f 1463 1466 1467
f 1463 1467 1464
f 1464 1467 1468
f 1464 1468 1461
f 1461 1468 1465
f 1465 1469 1466
f 1466 1469 1470
f 1466 1470 1467
f 1467 1470 1471
f 1467 1471 1468
f 1468 1471 1472
f 1468 1472 1465
f 1465 1472 1469
f 1469 1473 1470
f 1470 1473 1474
f 1470 1474 1471
f 1471 1474 1475
f 1471 1475 1472
f 1472 1475 1476
f 1472 1476 1469
f 1469 1476 1473
f 1473 1477 1474
f 1474 1477 1478
f 1474 1478 1475
f 1475 1478 1479
f 1475 1479 1476
f 1476 1479 1480
f 1476 1480 1473
f 1473 1480 1477
f 1477 1481 1478
f 1478 1481 1482
f 1478 1482 1479
f 1479 1482 1483
f 1479 1483 1480
f 1480 1483 1484
f 1480 1484 1477
f 1477 1484 1481
f 1481 1485 1482
f 1482 1485 1486
f 1482 1486 1483
f 1483 1486 1487
f 1483 1487 1484
f 1484 1487 1488
f 1484 1488 1481
f 1481 1488 1485
f 1485 1489 1486
f 1486 1489 1490
f 1486 1490 1487
f 1487 1490 1491
f 1487 1491 1488
f 1488 1491 1492
f 1488 1492 1485
f 1485 1492 1489
f 1489 1493 1490
f 1490 1493 1494
f 1490 1494 1491
f 1491 1494 1495
f 1491 1495 1492
f 1492 1495 1496
f 1492 1496 1489
f 1489 1496 1493
f 1493 1497 1494
f 1494 1497 1498
f 1494 1498 1495
f 1495 1498 1499
f 1495 1499 1496
f 1496 1499 1500
f 1496 1500 1493
f 1493 1500 1497
f 1497 1501 1498
f 1498 1501 1502
f 1498 1502 1499
f 1499 1502 1503
f 1499 1503 1500
f 1500 1503 1504
f 1500 1504 1497
f 1497 1504 1501
f 1501 1505 1502
f 1502 1505 1506
f 1502 1506 1503
f 1503 1506 1507
f 1503 1507 1504
f 1504 1507 1508
f 1504 1508 1501
f 1501 1508 1505
f 1505 1509 1506
f 1506 1509 1510
f 1506 1510 1507
f 1507 1510 1511
f 1507 1511 1508
f 1508 1511 1512
f 1508 1512 1505
f 1505 1512 1509
f 1509 1513 1510
f 1510 1513 1514
f 1510 1514 1511
f 1511 1514 1515
f 1511 1515 1512
f 1512 1515 1516
f 1512 1516 1509
f 1509 1516 1513
f 1513 1517 1514
f 1514 1517 1518
f 1514 1518 1515
f 1515 1518 1519
f 1515 1519 1516
f 1516 1519 1520
f 1516 1520 1513
f 1513 1520 1517
f 1517 1521 1518
f 1518 1521 1522
f 1518 1522 1519
f 1519 1522 1523
f 1519 1523 1520
f 1520 1523 1524
f 1520 1524 1517
f 1517 1524 1521
f 1521 1525 1522
f 1522 1525 1526
f 1522 1526 1523
f 1523 1526 1527
f 1523 1527 1524
f 1524 1527 1528
f 1524 1528 1521
f 1521 1528 1525
f 1525 1529 1526
f 1526 1529 1530
f 1526 1530 1527
f 1527 1530 1531
f 1527 1531 1528
f 1528 1531 1532
f 1528 1532 1525
f 1525 1532 1529
f 1529 1533 1530
f 1530 1533 1534
f 1530 1534 1531
f 1531 1534 1535
f 1531 1535 1532
f 1532 1535 1536
f 1532 1536 1529
f 1529 1536 1533
f 1533 1537 1534
f 1534 1537 1538
f 1534 1538 1535
f 1535 1538 1539
f 1535 1539 1536
f 1536 1539 1540
f 1536 1540 1533
f 1533 1540 1537
f 1537 1541 1538
f 1538 1541 1542
f 1538 1542 1539
f 1539 1542 1543
f 1539 1543 1540
f 1540 1543 1544
f 1540 1544 1537
f 1537 1544 1541
f 1541 1545 1542
f 1542 1545 1546
f 1542 1546 1543
f 1543 1546 1547
f 1543 1547 1544
f 1544 1547 1548
f 1544 1548 1541
f 1541 1548 1545
f 1545 1549 1546
f 1546 1549 1550
f 1546 1550 1547
f 1547 1550 1551
f 1547 1551 1548
f 1548 1551 1552
f 1548 1552 1545
f 1545 1552 1549
f 1549 1553 1550
f 1550 1553 1554
f 1550 1554 1551
f 1551 1554 1555
f 1551 1555 1552
f 1552 1555 1556
f 1552 1556 1549
f 1549 1556 1553
f 1553 1557 1554
f 1554 1557 1558
f 1554 1558 1555
f 1555 1558 1559
f 1555 1559 1556
f 1556 1559 1560
f 1556 1560 1553
f 1553 1560 1557
f 1557 1561 1558
f 1558 1561 1562
f 1558 1562 1559
f 1559 1562 1563
f 1559 1563 1560
f 1560 1563 1564
f 1560 1564 1557
f 1557 1564 1561
f 1561 1437 1562
f 1562 1437 1438
f 1562 1438 1563
f 1563 1438 1439
f 1563 1439 1564
f 1564 1439 1440
f 1564 1440 1561
f 1561 1440 1437
f 1565 1569 1566
f 1566 1569 1570
f 1566 1570 1567
f 1567 1570 1571
f 1567 1571 1568
f 1568 1571 1572
f 1568 1572 1565
f 1565 1572 1569
f 1569 1573 1570
f 1570 1573 1574
f 1570 1574 1571
f 1571 1574 1575
f 1571 1575 1572
f 1572 1575 1576
f 1572 1576 1569
f 1569 1576 1573
f 1573 1577 1574
f 1574 1577 1578
f 1574 1578 1575
f 1575 1578 1579
f 1575 1579 1576
f 1576 1579 1580
f 1576 1580 1573
f 1573 1580 1577
f 1577 1581 1578
f 1578 1581 1582
f 1578 1582 1579
f 1579 1582 1583
f 1579 1583 1580
f 1580 1583 1584
f 1580 1584 1577
f 1577 1584 1581
f 1581 1585 1582
f 1582 1585 1586
f 1582 1586 1583
f 1583 1586 1587
f 1583 1587 1584
f 1584 1587 1588
f 1584 1588 1581
f 1581 1588 1585
f 1585 1589 1586
f 1586 1589 1590
f 1586 1590 1587
f 1587 1590 1591
f 1587 1591 1588
f 1588 1591 1592
f 1588 1592 1585
f 1585 1592 1589
f 1589 1593 1590
f 1590 1593 1594
f 1590 1594 1591
f 1591 1594 1595
f 1591 1595 1592
f 1592 1595 1596
f 1592 1596 1589
f 1589 1596 1593
f 1593 1597 1594
f 1594 1597 1598
f 1594 1598 1595
f 1595 1598 1599
f 1595 1599 1596
f 1596 1599 1600
f 1596 1600 1593
f 1593 1600 1597
f 1597 1601 1598
f 1598 1601 1602
f 1598 1602 1599
f 1599 1602 1603
f 1599 1603 1600
f 1600 1603 1604
f 1600 1604 1597
f 1597 1604 1601
f 1601 1605 1602
f 1602 1605 1606
f 1602 1606 1603
f 1603 1606 1607
f 1603 1607 1604
f 1604 1607 1608
f 1604 1608 1601
f 1601 1608 1605
f 1605 1609 1606
f 1606 1609 1610
f 1606 1610 1607
f 1607 1610 1611
f 1607 1611 1608
f 1608 1611 1612
f 1608 1612 1605
f 1605 1612 1609
f 1609 1613 1610
f 1610 1613 1614
f 1610 1614 1611
f 1611 1614 1615
f 1611 1615 1612
f 1612 1615 1616
f 1612 1616 1609
f 1609 1616 1613
f 1613 1617 1614
f 1614 1617 1618
f 1614 1618 1615
f 1615 1618 1619
f 1615 1619 1616
f 1616 1619 1620
f 1616 1620 1613
f 1613 1620 1617
f 1617 1621 1618
f 1618 1621 1622
f 1618 1622 1619
f 1619 1622 1623
f 1619 1623 1620
f 1620 1623 1624
f 1620 1624 1617
f 1617 1624 1621
f 1621 1625 1622
f 1622 1625 1626
f 1622 1626 1623
f 1623 1626 1627
f 1623 1627 1624
f 1624 1627 1628
f 1624 1628 1621
f 1621 1628 1625
f 1625 1629 1626
f 1626 1629 1630
f 1626 1630 1627
f 1627 1630 1631
f 1627 1631 1628
f 1628 1631 1632
f 1628 1632 1625
f 1625 1632 1629
f 1629 1633 1630
f 1630 1633 1634
f 1630 1634 1631
f 1631 1634 1635
f 1631 1635 1632
f 1632 1635 1636
f 1632 1636 1629
f 1629 1636 1633
f 1633 1637 1634
f 1634 1637 1638
f 1634 1638 1635
f 1635 1638 1639
f 1635 1639 1636
f 1636 1639 1640
f 1636 1640 1633
f 1633 1640 1637
f 1637 1641 1638
f 1638 1641 1642
f 1638 1642 1639
f 1639 1642 1643
f 1639 1643 1640
f 1640 1643 1644
f 1640 1644 1637
f 1637 1644 1641
f 1641 1645 1642
f 1642 1645 1646
f 1642 1646 1643
f 1643 1646 1647
f 1643 1647 1644
f 1644 1647 1648
f 1644 1648 1641
f 1641 1648 1645
f 1645 1649 1646
f 1646 1649 1650
f 1646 1650 1647
f 1647 1650 1651
f 1647 1651 1648
f 1648 1651 1652
f 1648 1652 1645
f 1645 1652 1649
f 1649 1653 1650
f 1650 1653 1654
f 1650 1654 1651
f 1651 1654 1655
f 1651 1655 1652
f 1652 1655 1656
f 1652 1656 1649
f 1649 1656 1653
f 1653 1657 1654
f 1654 1657 1658
f 1654 1658 1655
f 1655 1658 1659
f 1655 1659 1656
f 1656 1659 1660
f 1656 1660 1653
f 1653 1660 1657
f 1657 1661 1658
f 1658 1661 1662
f 1658 1662 1659
f 1659 1662 1663
f 1659 1663 1660
f 1660 1663 1664
f 1660 1664 1657
f 1657 1664 1661
f 1661 1665 1662
f 1662 1665 1666
f 1662 1666 1663
f 1663 1666 1667
f 1663 1667 1664
f 1664 1667 1668
f 1664 1668 1661
f 1661 1668 1665
f 1665 1669 1666
f 1666 1669 1670
f 1666 1670 1667
f 1667 1670 1671
f 1667 1671 1668
f 1668 1671 1672
f 1668 1672 1665
f 1665 1672 1669
f 1669 1673 1670
f 1670 1673 1674
f 1670 1674 1671
f 1671 1674 1675
f 1671 1675 1672
f 1672 1675 1676
f 1672 1676 1669
f 1669 1676 1673
f 1673 1677 1674
f 1674 1677 1678
f 1674 1678 1675
f 1675 1678 1679
f 1675 1679 1676
f 1676 1679 1680
f 1676 1680 1673
f 1673 1680 1677
f 1677 1681 1678
f 1678 1681 1682
f 1678 1682 1679
f 1679 1682 1683
f 1679 1683 1680
f 1680 1683 1684
f 1680 1684 1677
f 1677 1684 1681
f 1681 1685 1682
f 1682 1685 1686
f 1682 1686 1683
f 1683 1686 1687
f 1683 1687 1684
f 1684 1687 1688
f 1684 1688 1681
f 1681 1688 1685
f 1685 1689 1686
f 1686 1689 1690
f 1686 1690 1687
f 1687 1690 1691
f 1687 1691 1688
f 1688 1691 1692
f 1688 1692 1685
f 1685 1692 1689
f 1689 1565 1690
f 1690 1565 1566
f 1690 1566 1691
f 1691 1566 1567
f 1691 1567 1692
f 1692 1567 1568
f 1692 1568 1689
f 1689 1568 1565
f 1694 1693 1697
f 1694 1697 1695
f 1695 1697 1698
f 1695 1698 1696
f 1697 1693 1699
f 1697 1699 1698
f 1698 1699 1700
f 1698 1700 1696
f 1699 1693 1701
f 1699 1701 1700
f 1700 1701 1702
f 1700 1702 1696
f 1701 1693 1703
f 1701 1703 1702
f 1702 1703 1704
f 1702 1704 1696
f 1703 1693 1705
f 1703 1705 1704
f 1704 1705 1706
f 1704 1706 1696
f 1705 1693 1707
f 1705 1707 1706
f 1706 1707 1708
f 1706 1708 1696
f 1707 1693 1709
f 1707 1709 1708
f 1708 1709 1710
f 1708 1710 1696
f 1709 1693 1711
f 1709 1711 1710
f 1710 1711 1712
f 1710 1712 1696
f 1711 1693 1713
f 1711 1713 1712
f 1712 1713 1714
f 1712 1714 1696
f 1713 1693 1715
f 1713 1715 1714
f 1714 1715 1716
f 1714 1716 1696
f 1715 1693 1717
f 1715 1717 1716
f 1716 1717 1718
f 1716 1718 1696
f 1717 1693 1719
f 1717 1719 1718
f 1718 1719 1720
f 1718 1720 1696
f 1719 1693 1721
f 1719 1721 1720
f 1720 1721 1722
f 1720 1722 1696
f 1721 1693 1723
f 1721 1723 1722
f 1722 1723 1724
f 1722 1724 1696
f 1723 1693 1725
f 1723 1725 1724
f 1724 1725 1726
f 1724 1726 1696
f 1725 1693 1727
f 1725 1727 1726
f 1726 1727 1728
f 1726 1728 1696
f 1727 1693 1729
f 1727 1729 1728
f 1728 1729 1730
f 1728 1730 1696
f 1729 1693 1731
f 1729 1731 1730
f 1730 1731 1732
f 1730 1732 1696
f 1731 1693 1733
f 1731 1733 1732
f 1732 1733 1734
f 1732 1734 1696
f 1733 1693 1735
f 1733 1735 1734
f 1734 1735 1736
f 1734 1736 1696
f 1735 1693 1737
f 1735 1737 1736
f 1736 1737 1738
f 1736 1738 1696
f 1737 1693 1739
f 1737 1739 1738
f 1738 1739 1740
f 1738 1740 1696
f 1739 1693 1741
f 1739 1741 1740
f 1740 1741 1742
f 1740 1742 1696
f 1741 1693 1743
f 1741 1743 1742
f 1742 1743 1744
f 1742 1744 1696
f 1743 1693 1745
f 1743 1745 1744
f 1744 1745 1746
f 1744 1746 1696
f 1745 1693 1747
f 1745 1747 1746
f 1746 1747 1748
f 1746 1748 1696
f 1747 1693 1749
f 1747 1749 1748
f 1748 1749 1750
f 1748 1750 1696
f 1749 1693 1751
f 1749 1751 1750
f 1750 1751 1752
f 1750 1752 1696
f 1751 1693 1753
f 1751 1753 1752
f 1752 1753 1754
f 1752 1754 1696
f 1753 1693 1755
f 1753 1755 1754
f 1754 1755 1756
f 1754 1756 1696
f 1755 1693 1757
f 1755 1757 1756
f 1756 1757 1758
f 1756 1758 1696
f 1757 1693 1694
f 1757 1694 1758
f 1758 1694 1695
f 1758 1695 1696
f 1759 1763 1760
f 1760 1763 1764
f 1760 1764 1761
f 1761 1764 1765
f 1761 1765 1762
f 1762 1765 1766
f 1762 1766 1759
f 1759 1766 1763
f 1763 1767 1764
f 1764 1767 1768
f 1764 1768 1765
f 1765 1768 1769
f 1765 1769 1766
f 1766 1769 1770
f 1766 1770 1763
f 1763 1770 1767
f 1767 1771 1768
f 1768 1771 1772
f 1768 1772 1769
f 1769 1772 1773
f 1769 1773 1770
f 1770 1773 1774
f 1770 1774 1767
f 1767 1774 1771
f 1771 1775 1772
f 1772 1775 1776
f 1772 1776 1773
f 1773 1776 1777
f 1773 1777 1774
f 1774 1777 1778
f 1774 1778 1771
f 1771 1778 1775
f 1775 1779 1776
f 1776 1779 1780
f 1776 1780 1777
f 1777 1780 1781
f 1777 1781 1778
f 1778 1781 1782
f 1778 1782 1775
f 1775 1782 1779
f 1779 1783 1780
f 1780 1783 1784
f 1780 1784 1781
f 1781 1784 1785
f 1781 1785 1782
f 1782 1785 1786
f 1782 1786 1779
f 1779 1786 1783
f 1783 1787 1784
f 1784 1787 1788
f 1784 1788 1785
f 1785 1788 1789
f 1785 1789 1786
f 1786 1789 1790
f 1786 1790 1783
f 1783 1790 1787
f 1787 1791 1788
f 1788 1791 1792
f 1788 1792 1789
f 1789 1792 1793
f 1789 1793 1790
f 1790 1793 1794
f 1790 1794 1787
f 1787 1794 1791
f 1791 1795 1792
f 1792 1795 1796
f 1792 1796 1793
f 1793 1796 1797
f 1793 1797 1794
f 1794 1797 1798
f 1794 1798 1791
f 1791 1798 1795
f 1795 1799 1796
f 1796 1799 1800
f 1796 1800 1797
f 1797 1800 1801
f 1797 1801 1798
f 1798 1801 1802
f 1798 1802 1795
f 1795 1802 1799
f 1799 1803 1800
f 1800 1803 1804
f 1800 1804 1801
f 1801 1804 1805
f 1801 1805 1802
f 1802 1805 1806
f 1802 1806 1799
f 1799 1806 1803
f 1803 1807 1804
f 1804 1807 1808
f 1804 1808 1805
f 1805 1808 1809
f 1805 1809 1806
f 1806 1809 1810
f 1806 1810 1803
f 1803 1810 1807
f 1807 1811 1808
f 1808 1811 1812
f 1808 1812 1809
f 1809 1812 1813
f 1809 1813 1810
f 1810 1813 1814
f 1810 1814 1807
f 1807 1814 1811
f 1811 1815 1812
f 1812 1815 1816
f 1812 1816 1813
f 1813 1816 1817
f 1813 1817 1814
f 1814 1817 1818
f 1814 1818 1811
f 1811 1818 1815
f 1815 1819 1816
f 1816 1819 1820
f 1816 1820 1817
f 1817 1820 1821
f 1817 1821 1818
f 1818 1821 1822
f 1818 1822 1815
f 1815 1822 1819
f 1819 1823 1820
f 1820 1823 1824
f 1820 1824 1821
f 1821 1824 1825
f 1821 1825 1822
f 1822 1825 1826
f 1822 1826 1819
f 1819 1826 1823
f 1823 1827 1824
f 1824 1827 1828
f 1824 1828 1825
f 1825 1828 1829
f 1825 1829 1826
f 1826 1829 1830
f 1826 1830 1823
f 1823 1830 1827
f 1827 1831 1828
f 1828 1831 1832
f 1828 1832 1829
f 1829 1832 1833
f 1829 1833 1830
f 1830 1833 1834
f 1830 1834 1827
f 1827 1834 1831
f 1831 1835 1832
f 1832 1835 1836
f 1832 1836 1833
f 1833 1836 1837
f 1833 1837 1834
f 1834 1837 1838
f 1834 1838 1831
f 1831 1838 1835
f 1835 1839 1836
f 1836 1839 1840
f 1836 1840 1837
f 1837 1840 1841
f 1837 1841 1838
f 1838 1841 1842
f 1838 1842 1835
f 1835 1842 1839
f 1839 1843 1840
f 1840 1843 1844
f 1840 1844 1841
f 1841 1844 1845
f 1841 1845 1842
f 1842 1845 1846
f 1842 1846 1839
f 1839 1846 1843
f 1843 1847 1844
f 1844 1847 1848
f 1844 1848 1845
f 1845 1848 1849
f 1845 1849 1846
f 1846 1849 1850
f 1846 1850 1843
f 1843 1850 1847
f 1847 1851 1848
f 1848 1851 1852
f 1848 1852 1849
f 1849 1852 1853
f 1849 1853 1850
f 1850 1853 1854
f 1850 1854 1847
f 1847 1854 1851
f 1851 1855 1852
f 1852 1855 1856
f 1852 1856 1853
f 1853 1856 1857
f 1853 1857 1854
f 1854 1857 1858
f 1854 1858 1851
f 1851 1858 1855
f 1855 1859 1856
f 1856 1859 1860
f 1856 1860 1857
f 1857 1860 1861
f 1857 1861 1858
f 1858 1861 1862
f 1858 1862 1855
f 1855 1862 1859
f 1859 1863 1860
f 1860 1863 1864
f 1860 1864 1861
f 1861 1864 1865
f 1861 1865 1862
f 1862 1865 1866
f 1862 1866 1859
f 1859 1866 1863
f 1863 1867 1864
f 1864 1867 1868
f 1864 1868 1865
f 1865 1868 1869
f 1865 1869 1866
f 1866 1869 1870
f 1866 1870 1863
f 1863 1870 1867
f 1867 1871 1868
f 1868 1871 1872
f 1868 1872 1869
f 1869 1872 1873
f 1869 1873 1870
f 1870 1873 1874
f 1870 1874 1867
f 1867 1874 1871
f 1871 1875 1872
f 1872 1875 1876
f 1872 1876 1873
f 1873 1876 1877
f 1873 1877 1874
f 1874 1877 1878
f 1874 1878 1871
f 1871 1878 1875
f 1875 1879 1876
f 1876 1879 1880
f 1876 1880 1877
f 1877 1880 1881
f 1877 1881 1878
f 1878 1881 1882
f 1878 1882 1875
f 1875 1882 1879
f 1879 1883 1880
f 1880 1883 1884
f 1880 1884 1881
f 1881 1884 1885
f 1881 1885 1882
f 1882 1885 1886
f 1882 1886 1879
f 1879 1886 1883
f 1883 1759 1884
f 1884 1759 1760
f 1884 1760 1885
f 1885 1760 1761
f 1885 1761 1886
f 1886 1761 1762
f 1886 1762 1883
f 1883 1762 1759
f 1888 1887 1891
f 1888 1891 1889
f 1889 1891 1892
f 1889 1892 1890
f 1891 1887 1893
f 1891 1893 1892
f 1892 1893 1894
f 1892 1894 1890
f 1893 1887 1895
f 1893 1895 1894
f 1894 1895 1896
f 1894 1896 1890
f 1895 1887 1897
f 1895 1897 1896
f 1896 1897 1898
f 1896 1898 1890
f 1897 1887 1899
f 1897 1899 1898
f 1898 1899 1900
f 1898 1900 1890
f 1899 1887 1901
f 1899 1901 1900
f 1900 1901 1902
f 1900 1902 1890
f 1901 1887 1903
f 1901 1903 1902
f 1902 1903 1904
f 1902 1904 1890
f 1903 1887 1905
f 1903 1905 1904
f 1904 1905 1906
f 1904 1906 1890
f 1905 1887 1907
f 1905 1907 1906
f 1906 1907 1908
f 1906 1908 1890
f 1907 1887 1909
f 1907 1909 1908
f 1908 1909 1910
f 1908 1910 1890
f 1909 1887 1911
f 1909 1911 1910
f 1910 1911 1912
f 1910 1912 1890
f 1911 1887 1913
f 1911 1913 1912
f 1912 1913 1914
f 1912 1914 1890
f 1913 1887 1915
f 1913 1915 1914
f 1914 1915 1916
f 1914 1916 1890
f 1915 1887 1917
f 1915 1917 1916
f 1916 1917 1918
f 1916 1918 1890
f 1917 1887 1919
f 1917 1919 1918
f 1918 1919 1920
f 1918 1920 1890
f 1919 1887 1921
f 1919 1921 1920
f 1920 1921 1922
f 1920 1922 1890
f 1921 1887 1923
f 1921 1923 1922
f 1922 1923 1924
f 1922 1924 1890
f 1923 1887 1925
f 1923 1925 1924
f 1924 1925 1926
f 1924 1926 1890
f 1925 1887 1927
f 1925 1927 1926
f 1926 1927 1928
f 1926 1928 1890
f 1927 1887 1929
f 1927 1929 1928
f 1928 1929 1930
f 1928 1930 1890
f 1929 1887 1931
f 1929 1931 1930
f 1930 1931 1932
f 1930 1932 1890
f 1931 1887 1933
f 1931 1933 1932
f 1932 1933 1934
f 1932 1934 1890
f 1933 1887 1935
f 1933 1935 1934
f 1934 1935 1936
f 1934 1936 1890
f 1935 1887 1937
f 1935 1937 1936
f 1936 1937 1938
f 1936 1938 1890
f 1937 1887 1939
f 1937 1939 1938
f 1938 1939 1940
f 1938 1940 1890
f 1939 1887 1941
f 1939 1941 1940
f 1940 1941 1942
f 1940 1942 1890
f 1941 1887 1943
f 1941 1943 1942
f 1942 1943 1944
f 1942 1944 1890
f 1943 1887 1945
f 1943 1945 1944
f 1944 1945 1946
f 1944 1946 1890
f 1945 1887 1947
f 1945 1947 1946
f 1946 1947 1948
f 1946 1948 1890
f 1947 1887 1949
f 1947 1949 1948
f 1948 1949 1950
f 1948 1950 1890
f 1949 1887 1951
f 1949 1951 1950
f 1950 1951 1952
f 1950 1952 1890
f 1951 1887 1888
f 1951 1888 1952
f 1952 1888 1889
f 1952 1889 1890
f 1953 1957 1954
f 1954 1957 1958
f 1954 1958 1955
f 1955 1958 1959
f 1955 1959 1956
f 1956 1959 1960
f 1956 1960 1953
f 1953 1960 1957
f 1957 1961 1958
f 1958 1961 1962
f 1958 1962 1959
f 1959 1962 1963
f 1959 1963 1960
f 1960 1963 1964
f 1960 1964 1957
f 1957 1964 1961
f 1961 1965 1962
f 1962 1965 1966
f 1962 1966 1963
f 1963 1966 1967
f 1963 1967 1964
f 1964 1967 1968
f 1964 1968 1961
f 1961 1968 1965
f 1965 1969 1966
f 1966 1969 1970
f 1966 1970 1967
f 1967 1970 1971
f 1967 1971 1968
f 1968 1971 1972
f 1968 1972 1965
f 1965 1972 1969
f 1969 1973 1970
f 1970 1973 1974
f 1970 1974 1971
f 1971 1974 1975
f 1971 1975 1972
f 1972 1975 1976
f 1972 1976 1969
f 1969 1976 1973
f 1973 1977 1974
f 1974 1977 1978
f 1974 1978 1975
f 1975 1978 1979
f 1975 1979 1976
f 1976 1979 1980
f 1976 1980 1973
f 1973 1980 1977
f 1977 1981 1978
f 1978 1981 1982
f 1978 1982 1979
f 1979 1982 1983
f 1979 1983 1980
f 1980 1983 1984
f 1980 1984 1977
f 1977 1984 1981
f 1981 1985 1982
f 1982 1985 1986
f 1982 1986 1983
f 1983 1986 1987
f 1983 1987 1984
f 1984 1987 1988
f 1984 1988 1981
f 1981 1988 1985
f 1985 1989 1986
f 1986 1989 1990
f 1986 1990 1987
f 1987 1990 1991
f 1987 1991 1988
f 1988 1991 1992
f 1988 1992 1985
f 1985 1992 1989
f 1989 1993 1990
f 1990 1993 1994
f 1990 1994 1991
f 1991 1994 1995
f 1991 1995 1992
f 1992 1995 1996
f 1992 1996 1989
f 1989 1996 1993
f 1993 1997 1994
f 1994 1997 1998
f 1994 1998 1995
f 1995 1998 1999
f 1995 1999 1996
f 1996 1999 2000
f 1996 2000 1993
f 1993 2000 1997
f 1997 2001 1998
f 1998 2001 2002
f 1998 2002 1999
f 1999 2002 2003
f 1999 2003 2000
f 2000 2003 2004
f 2000 2004 1997
f 1997 2004 2001
f 2001 2005 2002
f 2002 2005 2006
f 2002 2006 2003
f 2003 2006 2007
f 2003 2007 2004
f 2004 2007 2008
f 2004 2008 2001
f 2001 2008 2005
f 2005 2009 2006
f 2006 2009 2010
f 2006 2010 2007
f 2007 2010 2011
f 2007 2011 2008
f 2008 2011 2012
f 2008 2012 2005
f 2005 2012 2009
f 2009 2013 2010
f 2010 2013 2014
f 2010 2014 2011
f 2011 2014 2015
f 2011 2015 2012
f 2012 2015 2016
f 2012 2016 2009
f 2009 2016 2013
f 2013 2017 2014
f 2014 2017 2018
f 2014 2018 2015
f 2015 2018 2019
f 2015 2019 2016
f 2016 2019 2020
f 2016 2020 2013
f 2013 2020 2017
f 2017 2021 2018
f 2018 2021 2022
f 2018 2022 2019
f 2019 2022 2023
f 2019 2023 2020
f 2020 2023 2024
f 2020 2024 2017
f 2017 2024 2021
f 2021 2025 2022
f 2022 2025 2026
f 2022 2026 2023
f 2023 2026 2027
f 2023 2027 2024
f 2024 2027 2028
f 2024 2028 2021
f 2021 2028 2025
f 2025 2029 2026
f 2026 2029 2030
f 2026 2030 2027
f 2027 2030 2031
f 2027 2031 2028
f 2028 2031 2032
f 2028 2032 2025
f 2025 2032 2029
f 2029 2033 2030
f 2030 2033 2034
f 2030 2034 2031
f 2031 2034 2035
f 2031 2035 2032
f 2032 2035 2036
f 2032 2036 2029
f 2029 2036 2033
f 2033 2037 2034
f 2034 2037 2038
f 2034 2038 2035
f 2035 2038 2039
f 2035 2039 2036
f 2036 2039 2040
f 2036 2040 2033
f 2033 2040 2037
f 2037 2041 2038
f 2038 2041 2042
f 2038 2042 2039
f 2039 2042 2043
f 2039 2043 2040
f 2040 2043 2044
f 2040 2044 2037
f 2037 2044 2041
f 2041 2045 2042
f 2042 2045 2046
f 2042 2046 2043
f 2043 2046 2047
f 2043 2047 2044
f 2044 2047 2048
f 2044 2048 2041
f 2041 2048 2045
f 2045 2049 2046
f 2046 2049 2050
f 2046 2050 2047
f 2047 2050 2051
f 2047 2051 2048
f 2048 2051 2052
f 2048 2052 2045
f 2045 2052 2049
f 2049 2053 2050
f 2050 2053 2054
f 2050 2054 2051
f 2051 2054 2055
f 2051 2055 2052
f 2052 2055 2056
f 2052 2056 2049
f 2049 2056 2053
f 2053 2057 2054
f 2054 2057 2058
f 2054 2058 2055
f 2055 2058 2059
f 2055 2059 2056
f 2056 2059 2060
f 2056 2060 2053
f 2053 2060 2057
f 2057 2061 2058
f 2058 2061 2062
f 2058 2062 2059
f 2059 2062 2063
f 2059 2063 2060
f 2060 2063 2064
f 2060 2064 2057
f 2057 2064 2061
f 2061 2065 2062
f 2062 2065 2066
f 2062 2066 2063
f 2063 2066 2067
f 2063 2067 2064
f 2064 2067 2068
f 2064 2068 2061
f 2061 2068 2065
f 2065 2069 2066
f 2066 2069 2070
f 2066 2070 2067
f 2067 2070 2071
f 2067 2071 2068
f 2068 2071 2072
f 2068 2072 2065
f 2065 2072 2069
f 2069 2073 2070
f 2070 2073 2074
f 2070 2074 2071
f 2071 2074 2075
f 2071 2075 2072
f 2072 2075 2076
f 2072 2076 2069
f 2069 2076 2073
f 2073 2077 2074
f 2074 2077 2078
f 2074 2078 2075
f 2075 2078 2079
f 2075 2079 2076
f 2076 2079 2080
f 2076 2080 2073
f 2073 2080 2077
f 2077 1953 2078
f 2078 1953 1954
f 2078 1954 2079
f 2079 1954 1955
f 2079 1955 2080
f 2080 1955 1956
f 2080 1956 2077
f 2077 1956 1953
f 2082 2081 2085
f 2082 2085 2083
f 2083 2085 2086
f 2083 2086 2084
f 2085 2081 2087
f 2085 2087 2086
f 2086 2087 2088
f 2086 2088 2084
f 2087 2081 2089
f 2087 2089 2088
f 2088 2089 2090
f 2088 2090 2084
f 2089 2081 2091
f 2089 2091 2090
f 2090 2091 2092
f 2090 2092 2084
f 2091 2081 2093
f 2091 2093 2092
f 2092 2093 2094
f 2092 2094 2084
f 2093 2081 2095
f 2093 2095 2094
f 2094 2095 2096
f 2094 2096 2084
f 2095 2081 2097
f 2095 2097 2096
f 2096 2097 2098
f 2096 2098 2084
f 2097 2081 2099
f 2097 2099 2098
f 2098 2099 2100
f 2098 2100 2084
f 2099 2081 2101
f 2099 2101 2100
f 2100 2101 2102
f 2100 2102 2084
f 2101 2081 2103
f 2101 2103 2102
f 2102 2103 2104
f 2102 2104 2084
f 2103 2081 2105
f 2103 2105 2104
f 2104 2105 2106
f 2104 2106 2084
f 2105 2081 2107
f 2105 2107 2106
f 2106 2107 2108
f 2106 2108 2084
f 2107 2081 2109
f 2107 2109 2108
f 2108 2109 2110
f 2108 2110 2084
f 2109 2081 2111
f 2109 2111 2110
f 2110 2111 2112
f 2110 2112 2084
f 2111 2081 2113
f 2111 2113 2112
f 2112 2113 2114
f 2112 2114 2084
f 2113 2081 2115
f 2113 2115 2114
f 2114 2115 2116
f 2114 2116 2084
f 2115 2081 2117
f 2115 2117 2116
f 2116 2117 2118
f 2116 2118 2084
f 2117 2081 2119
f 2117 2119 2118
f 2118 2119 2120
f 2118 2120 2084
f 2119 2081 2121
f 2119 2121 2120
f 2120 2121 2122
f 2120 2122 2084
f 2121 2081 2123
f 2121 2123 2122
f 2122 2123 2124
f 2122 2124 2084
f 2123 2081 2125
f 2123 2125 2124
f 2124 2125 2126
f 2124 2126 2084
f 2125 2081 2127
f 2125 2127 2126
f 2126 2127 2128
f 2126 2128 2084
f 2127 2081 2129
f 2127 2129 2128
f 2128 2129 2130
f 2128 2130 2084
f 2129 2081 2131
f 2129 2131 2130
f 2130 2131 2132
f 2130 2132 2084
f 2131 2081 2133
f 2131 2133 2132
f 2132 2133 2134
f 2132 2134 2084
f 2133 2081 2135
f 2133 2135 2134
f 2134 2135 2136
f 2134 2136 2084
f 2135 2081 2137
f 2135 2137 2136
f 2136 2137 2138
f 2136 2138 2084
f 2137 2081 2139
f 2137 2139 2138
f 2138 2139 2140
f 2138 2140 2084
f 2139 2081 2141
f 2139 2141 2140
f 2140 2141 2142
f 2140 2142 2084
f 2141 2081 2143
f 2141 2143 2142
f 2142 2143 2144
f 2142 2144 2084
f 2143 2081 2145
f 2143 2145 2144
f 2144 2145 2146
f 2144 2146 2084
f 2145 2081 2082
f 2145 2082 2146
f 2146 2082 2083
f 2146 2083 2084
f 2147 2151 2148
f 2148 2151 2152
f 2148 2152 2149
f 2149 2152 2153
f 2149 2153 2150
f 2150 2153 2154
f 2150 2154 2147
f 2147 2154 2151
f 2151 2155 2152
f 2152 2155 2156
f 2152 2156 2153
f 2153 2156 2157
f 2153 2157 2154
f 2154 2157 2158
f 2154 2158 2151
f 2151 2158 2155
f 2155 2159 2156
f 2156 2159 2160
f 2156 2160 2157
f 2157 2160 2161
f 2157 2161 2158
f 2158 2161 2162
f 2158 2162 2155
f 2155 2162 2159
f 2159 2163 2160
f 2160 2163 2164
f 2160 2164 2161
f 2161 2164 2165
f 2161 2165 2162
f 2162 2165 2166
f 2162 2166 2159
f 2159 2166 2163
f 2163 2167 2164
f 2164 2167 2168
f 2164 2168 2165
f 2165 2168 2169
f 2165 2169 2166
f 2166 2169 2170
f 2166 2170 2163
f 2163 2170 2167
f 2167 2171 2168
f 2168 2171 2172
f 2168 2172 2169
f 2169 2172 2173
f 2169 2173 2170
f 2170 2173 2174
f 2170 2174 2167
f 2167 2174 2171
f 2171 2175 2172
f 2172 2175 2176
f 2172 2176 2173
f 2173 2176 2177
f 2173 2177 2174
f 2174 2177 2178
f 2174 2178 2171
f 2171 2178 2175
f 2175 2179 2176
f 2176 2179 2180
f 2176 2180 2177
f 2177 2180 2181
f 2177 2181 2178
f 2178 2181 2182
f 2178 2182 2175
f 2175 2182 2179
f 2179 2183 2180
f 2180 2183 2184
f 2180 2184 2181
f 2181 2184 2185
f 2181 2185 2182
f 2182 2185 2186
f 2182 2186 2179
f 2179 2186 2183
f 2183 2187 2184
f 2184 2187 2188
f 2184 2188 2185
f 2185 2188 2189
f 2185 2189 2186
f 2186 2189 2190
f 2186 2190 2183
f 2183 2190 2187
f 2187 2191 2188
f 2188 2191 2192
f 2188 2192 2189
f 2189 2192 2193
f 2189 2193 2190
f 2190 2193 2194
f 2190 2194 2187
f 2187 2194 2191
f 2191 2195 2192
f 2192 2195 2196
f 2192 2196 2193
f 2193 2196 2197
f 2193 2197 2194
f 2194 2197 2198
f 2194 2198 2191
f 2191 2198 2195
f 2195 2199 2196
f 2196 2199 2200
f 2196 2200 2197
f 2197 2200 2201
f 2197 2201 2198
f 2198 2201 2202
f 2198 2202 2195
f 2195 2202 2199
f 2199 2203 2200
f 2200 2203 2204
f 2200 2204 2201
f 2201 2204 2205
f 2201 2205 2202
f 2202 2205 2206
f 2202 2206 2199
f 2199 2206 2203
f 2203 2207 2204
f 2204 2207 2208
f 2204 2208 2205
f 2205 2208 2209
f 2205 2209 2206
f 2206 2209 2210
f 2206 2210 2203
f 2203 2210 2207
f 2207 2211 2208
f 2208 2211 2212
f 2208 2212 2209
f 2209 2212 2213
f 2209 2213 2210
f 2210 2213 2214
f 2210 2214 2207
f 2207 2214 2211
f 2211 2215 2212
f 2212 2215 2216
f 2212 2216 2213
f 2213 2216 2217
f 2213 2217 2214
f 2214 2217 2218
f 2214 2218 2211
f 2211 2218 2215
f 2215 2219 2216
f 2216 2219 2220
f 2216 2220 2217
f 2217 2220 2221
f 2217 2221 2218
f 2218 2221 2222
f 2218 2222 2215
f 2215 2222 2219
f 2219 2223 2220
f 2220 2223 2224
f 2220 2224 2221
f 2221 2224 2225
f 2221 2225 2222
f 2222 2225 2226
f 2222 2226 2219
f 2219 2226 2223
f 2223 2227 2224
f 2224 2227 2228
f 2224 2228 2225
f 2225 2228 2229
f 2225 2229 2226
f 2226 2229 2230
f 2226 2230 2223
f 2223 2230 2227
f 2227 2231 2228
f 2228 2231 2232
f 2228 2232 2229
f 2229 2232 2233
f 2229 2233 2230
f 2230 2233 2234
f 2230 2234 2227
f 2227 2234 2231
f 2231 2235 2232
f 2232 2235 2236
f 2232 2236 2233
f 2233 2236 2237
f 2233 2237 2234
f 2234 2237 2238
f 2234 2238 2231
f 2231 2238 2235
f 2235 2239 2236
f 2236 2239 2240
f 2236 2240 2237
f 2237 2240 2241
f 2237 2241 2238
f 2238 2241 2242
f 2238 2242 2235
f 2235 2242 2239
f 2239 2243 2240
f 2240 2243 2244
f 2240 2244 2241
f 2241 2244 2245
f 2241 2245 2242
f 2242 2245 2246
f 2242 2246 2239
f 2239 2246 2243
f 2243 2247 2244
f 2244 2247 2248
f 2244 2248 2245
f 2245 2248 2249
f 2245 2249 2246
f 2246 2249 2250
f 2246 2250 2243
f 2243 2250 2247
f 2247 2251 2248
f 2248 2251 2252
f 2248 2252 2249
f 2249 2252 2253
f 2249 2253 2250
f 2250 2253 2254
f 2250 2254 2247
f 2247 2254 2251
f 2251 2255 2252
f 2252 2255 2256
f 2252 2256 2253
f 2253 2256 2257
f 2253 2257 2254
f 2254 2257 2258
f 2254 2258 2251
f 2251 2258 2255
f 2255 2259 2256
f 2256 2259 2260
f 2256 2260 2257
f 2257 2260 2261
f 2257 2261 2258
f 2258 2261 2262
f 2258 2262 2255
f 2255 2262 2259
f 2259 2263 2260
f 2260 2263 2264
f 2260 2264 2261
f 2261 2264 2265
f 2261 2265 2262
f 2262 2265 2266
f 2262 2266 2259
f 2259 2266 2263
f 2263 2267 2264
f 2264 2267 2268
f 2264 2268 2265
f 2265 2268 2269
f 2265 2269 2266
f 2266 2269 2270
f 2266 2270 2263
f 2263 2270 2267
f 2267 2271 2268
f 2268 2271 2272
f 2268 2272 2269
f 2269 2272 2273
f 2269 2273 2270
f 2270 2273 2274
f 2270 2274 2267
f 2267 2274 2271
f 2271 2147 2272
f 2272 2147 2148
f 2272 2148 2273
f 2273 2148 2149
f 2273 2149 2274
f 2274 2149 2150
f 2274 2150 2271
f 2271 2150 2147
f 2276 2275 2279
f 2276 2279 2277
f 2277 2279 2280
f 2277 2280 2278
f 2279 2275 2281
f 2279 2281 2280
f 2280 2281 2282
f 2280 2282 2278
f 2281 2275 2283
f 2281 2283 2282
f 2282 2283 2284
f 2282 2284 2278
f 2283 2275 2285
f 2283 2285 2284
f 2284 2285 2286
f 2284 2286 2278
f 2285 2275 2287
f 2285 2287 2286
f 2286 2287 2288
f 2286 2288 2278
f 2287 2275 2289
f 2287 2289 2288
f 2288 2289 2290
f 2288 2290 2278
f 2289 2275 2291
f 2289 2291 2290
f 2290 2291 2292
f 2290 2292 2278
f 2291 2275 2293
f 2291 2293 2292
f 2292 2293 2294
f 2292 2294 2278
f 2293 2275 2295
f 2293 2295 2294
f 2294 2295 2296
f 2294 2296 2278
f 2295 2275 2297
f 2295 2297 2296
f 2296 2297 2298
f 2296 2298 2278
f 2297 2275 2299
f 2297 2299 2298
f 2298 2299 2300
f 2298 2300 2278
f 2299 2275 2301
f 2299 2301 2300
f 2300 2301 2302
f 2300 2302 2278
f 2301 2275 2303
f 2301 2303 2302
f 2302 2303 2304
f 2302 2304 2278
f 2303 2275 2305
f 2303 2305 2304
f 2304 2305 2306
f 2304 2306 2278
f 2305 2275 2307
f 2305 2307 2306
f 2306 2307 2308
f 2306 2308 2278
f 2307 2275 2309
f 2307 2309 2308
f 2308 2309 2310
f 2308 2310 2278
f 2309 2275 2311
f 2309 2311 2310
f 2310 2311 2312
f 2310 2312 2278
f 2311 2275 2313
f 2311 2313 2312
f 2312 2313 2314
f 2312 2314 2278
f 2313 2275 2315
f 2313 2315 2314
f 2314 2315 2316
f 2314 2316 2278
f 2315 2275 2317
f 2315 2317 2316
f 2316 2317 2318
f 2316 2318 2278
f 2317 2275 2319
f 2317 2319 2318
f 2318 2319 2320
f 2318 2320 2278
f 2319 2275 2321
f 2319 2321 2320
f 2320 2321 2322
f 2320 2322 2278
f 2321 2275 2323
f 2321 2323 2322
f 2322 2323 2324
f 2322 2324 2278
f 2323 2275 2325
f 2323 2325 2324
f 2324 2325 2326
f 2324 2326 2278
f 2325 2275 2327
f 2325 2327 2326
f 2326 2327 2328
f 2326 2328 2278
f 2327 2275 2329
f 2327 2329 2328
f 2328 2329 2330
f 2328 2330 2278
f 2329 2275 2331
f 2329 2331 2330
f 2330 2331 2332
f 2330 2332 2278
f 2331 2275 2333
f 2331 2333 2332
f 2332 2333 2334
f 2332 2334 2278
f 2333 2275 2335
f 2333 2335 2334
f 2334 2335 2336
f 2334 2336 2278
f 2335 2275 2337
f 2335 2337 2336
f 2336 2337 2338
f 2336 2338 2278
f 2337 2275 2339
f 2337 2339 2338
f 2338 2339 2340
f 2338 2340 2278
f 2339 2275 2276
f 2339 2276 2340
f 2340 2276 2277
f 2340 2277 2278
f 2342 2341 2345
f 2342 2345 2343
f 2343 2345 2346
f 2343 2346 2344
f 2345 2341 2347
f 2345 2347 2346
f 2346 2347 2348
f 2346 2348 2344
f 2347 2341 2349
f 2347 2349 2348
f 2348 2349 2350
f 2348 2350 2344
f 2349 2341 2351
f 2349 2351 2350
f 2350 2351 2352
f 2350 2352 2344
f 2351 2341 2353
f 2351 2353 2352
f 2352 2353 2354
f 2352 2354 2344
f 2353 2341 2355
f 2353 2355 2354
f 2354 2355 2356
f 2354 2356 2344
f 2355 2341 2357
f 2355 2357 2356
f 2356 2357 2358
f 2356 2358 2344
f 2357 2341 2359
f 2357 2359 2358
f 2358 2359 2360
f 2358 2360 2344
f 2359 2341 2361
f 2359 2361 2360
f 2360 2361 2362
f 2360 2362 2344
f 2361 2341 2363
f 2361 2363 2362
f 2362 2363 2364
f 2362 2364 2344
f 2363 2341 2365
f 2363 2365 2364
f 2364 2365 2366
f 2364 2366 2344
f 2365 2341 2367
f 2365 2367 2366
f 2366 2367 2368
f 2366 2368 2344
f 2367 2341 2369
f 2367 2369 2368
f 2368 2369 2370
f 2368 2370 2344
f 2369 2341 2371
f 2369 2371 2370
f 2370 2371 2372
f 2370 2372 2344
f 2371 2341 2373
f 2371 2373 2372
f 2372 2373 2374
f 2372 2374 2344
f 2373 2341 2375
f 2373 2375 2374
f 2374 2375 2376
f 2374 2376 2344
f 2375 2341 2377
f 2375 2377 2376
f 2376 2377 2378
f 2376 2378 2344
f 2377 2341 2379
f 2377 2379 2378
f 2378 2379 2380
f 2378 2380 2344
f 2379 2341 2381
f 2379 2381 2380
f 2380 2381 2382
f 2380 2382 2344
f 2381 2341 2383
f 2381 2383 2382
f 2382 2383 2384
f 2382 2384 2344
f 2383 2341 2385
f 2383 2385 2384
f 2384 2385 2386
f 2384 2386 2344
f 2385 2341 2387
f 2385 2387 2386
f 2386 2387 2388
f 2386 2388 2344
f 2387 2341 2389
f 2387 2389 2388
f 2388 2389 2390
f 2388 2390 2344
f 2389 2341 2391
f 2389 2391 2390
f 2390 2391 2392
f 2390 2392 2344
f 2391 2341 2393
f 2391 2393 2392
f 2392 2393 2394
f 2392 2394 2344
f 2393 2341 2395
f 2393 2395 2394
f 2394 2395 2396
f 2394 2396 2344
f 2395 2341 2397
f 2395 2397 2396
f 2396 2397 2398
f 2396 2398 2344
f 2397 2341 2399
f 2397 2399 2398
f 2398 2399 2400
f 2398 2400 2344
f 2399 2341 2401
f 2399 2401 2400
f 2400 2401 2402
f 2400 2402 2344
f 2401 2341 2403
f 2401 2403 2402
f 2402 2403 2404
f 2402 2404 2344
f 2403 2341 2405
f 2403 2405 2404
f 2404 2405 2406
f 2404 2406 2344
f 2405 2341 2342
f 2405 2342 2406
f 2406 2342 2343
f 2406 2343 2344
f 2407 2411 2408
f 2408 2411 2412
f 2408 2412 2409
f 2409 2412 2413
f 2409 2413 2410
f 2410 2413 2414
f 2410 2414 2407
f 2407 2414 2411
f 2411 2415 2412
f 2412 2415 2416
f 2412 2416 2413
f 2413 2416 2417
f 2413 2417 2414
f 2414 2417 2418
f 2414 2418 2411
f 2411 2418 2415
f 2415 2419 2416
f 2416 2419 2420
f 2416 2420 2417
f 2417 2420 2421
f 2417 2421 2418
f 2418 2421 2422
f 2418 2422 2415
f 2415 2422 2419
f 2419 2423 2420
f 2420 2423 2424
f 2420 2424 2421
f 2421 2424 2425
f 2421 2425 2422
f 2422 2425 2426
f 2422 2426 2419
f 2419 2426 2423
f 2423 2427 2424
f 2424 2427 2428
f 2424 2428 2425
f 2425 2428 2429
f 2425 2429 2426
f 2426 2429 2430
f 2426 2430 2423
f 2423 2430 2427
f 2427 2431 2428
f 2428 2431 2432
f 2428 2432 2429
f 2429 2432 2433
f 2429 2433 2430
f 2430 2433 2434
f 2430 2434 2427
f 2427 2434 2431
f 2431 2435 2432
f 2432 2435 2436
f 2432 2436 2433
f 2433 2436 2437
f 2433 2437 2434
f 2434 2437 2438
f 2434 2438 2431
f 2431 2438 2435
f 2435 2439 2436
f 2436 2439 2440
f 2436 2440 2437
f 2437 2440 2441
f 2437 2441 2438
f 2438 2441 2442
f 2438 2442 2435
f 2435 2442 2439
f 2439 2443 2440
f 2440 2443 2444
f 2440 2444 2441
f 2441 2444 2445
f 2441 2445 2442
f 2442 2445 2446
f 2442 2446 2439
f 2439 2446 2443
f 2443 2447 2444
f 2444 2447 2448
f 2444 2448 2445
f 2445 2448 2449
f 2445 2449 2446
f 2446 2449 2450
f 2446 2450 2443
f 2443 2450 2447
f 2447 2451 2448
f 2448 2451 2452
f 2448 2452 2449
f 2449 2452 2453
f 2449 2453 2450
f 2450 2453 2454
f 2450 2454 2447
f 2447 2454 2451
f 2451 2455 2452
f 2452 2455 2456
f 2452 2456 2453
f 2453 2456 2457
f 2453 2457 2454
f 2454 2457 2458
f 2454 2458 2451
f 2451 2458 2455
f 2455 2459 2456
f 2456 2459 2460
f 2456 2460 2457
f 2457 2460 2461
f 2457 2461 2458
f 2458 2461 2462
f 2458 2462 2455
f 2455 2462 2459
f 2459 2463 2460
f 2460 2463 2464
f 2460 2464 2461
f 2461 2464 2465
f 2461 2465 2462
f 2462 2465 2466
f 2462 2466 2459
f 2459 2466 2463
f 2463 2467 2464
f 2464 2467 2468
f 2464 2468 2465
f 2465 2468 2469
f 2465 2469 2466
f 2466 2469 2470
f 2466 2470 2463
f 2463 2470 2467
f 2467 2471 2468
f 2468 2471 2472
f 2468 2472 2469
f 2469 2472 2473
f 2469 2473 2470
f 2470 2473 2474
f 2470 2474 2467
f 2467 2474 2471
f 2471 2475 2472
f 2472 2475 2476
f 2472 2476 2473
f 2473 2476 2477
f 2473 2477 2474
f 2474 2477 2478
f 2474 2478 2471
f 2471 2478 2475
f 2475 2479 2476
f 2476 2479 2480
f 2476 2480 2477
f 2477 2480 2481
f 2477 2481 2478
f 2478 2481 2482
f 2478 2482 2475
f 2475 2482 2479
f 2479 2483 2480
f 2480 2483 2484
f 2480 2484 2481
f 2481 2484 2485
f 2481 2485 2482
f 2482 2485 2486
f 2482 2486 2479
f 2479 2486 2483
f 2483 2487 2484
f 2484 2487 2488
f 2484 2488 2485
f 2485 2488 2489
f 2485 2489 2486
f 2486 2489 2490
f 2486 2490 2483
f 2483 2490 2487
f 2487 2491 2488
f 2488 2491 2492
f 2488 2492 2489
f 2489 2492 2493
f 2489 2493 2490
f 2490 2493 2494
f 2490 2494 2487
f 2487 2494 2491
f 2491 2495 2492
f 2492 2495 2496
f 2492 2496 2493
f 2493 2496 2497
f 2493 2497 2494
f 2494 2497 2498
f 2494 2498 2491
f 2491 2498 2495
f 2495 2499 2496
f 2496 2499 2500
f 2496 2500 2497
f 2497 2500 2501
f 2497 2501 2498
f 2498 2501 2502
f 2498 2502 2495
f 2495 2502 2499
f 2499 2503 2500
f 2500 2503 2504
f 2500 2504 2501
f 2501 2504 2505
f 2501 2505 2502
f 2502 2505 2506
f 2502 2506 2499
f 2499 2506 2503
f 2503 2507 2504
f 2504 2507 2508
f 2504 2508 2505
f 2505 2508 2509
f 2505 2509 2506
f 2506 2509 2510
f 2506 2510 2503
f 2503 2510 2507
f 2507 2511 2508
f 2508 2511 2512
f 2508 2512 2509
f 2509 2512 2513
f 2509 2513 2510
f 2510 2513 2514
f 2510 2514 2507
f 2507 2514 2511
f 2511 2515 2512
f 2512 2515 2516
f 2512 2516 2513
f 2513 2516 2517
f 2513 2517 2514
f 2514 2517 2518
f 2514 2518 2511
f 2511 2518 2515
f 2515 2519 2516
f 2516 2519 2520
f 2516 2520 2517
f 2517 2520 2521
f 2517 2521 2518
f 2518 2521 2522
f 2518 2522 2515
f 2515 2522 2519
f 2519 2523 2520
f 2520 2523 2524
f 2520 2524 2521
f 2521 2524 2525
f 2521 2525 2522
f 2522 2525 2526
f 2522 2526 2519
f 2519 2526 2523
f 2523 2527 2524
f 2524 2527 2528
f 2524 2528 2525
f 2525 2528 2529
f 2525 2529 2526
f 2526 2529 2530
f 2526 2530 2523
f 2523 2530 2527
f 2527 2531 2528
f 2528 2531 2532
f 2528 2532 2529
f 2529 2532 2533
f 2529 2533 2530
f 2530 2533 2534
f 2530 2534 2527
f 2527 2534 2531
f 2531 2407 2532
f 2532 2407 2408
f 2532 2408 2533
f 2533 2408 2409
f 2533 2409 2534
f 2534 2409 2410
f 2534 2410 2531
f 2531 2410 2407
f 2536 2535 2539
f 2536 2539 2537
f 2537 2539 2540
f 2537 2540 2538
f 2539 2535 2541
f 2539 2541 2540
f 2540 2541 2542
f 2540 2542 2538
f 2541 2535 2543
f 2541 2543 2542
f 2542 2543 2544
f 2542 2544 2538
f 2543 2535 2545
f 2543 2545 2544
f 2544 2545 2546
f 2544 2546 2538
f 2545 2535 2547
f 2545 2547 2546
f 2546 2547 2548
f 2546 2548 2538
f 2547 2535 2549
f 2547 2549 2548
f 2548 2549 2550
f 2548 2550 2538
f 2549 2535 2551
f 2549 2551 2550
f 2550 2551 2552
f 2550 2552 2538
f 2551 2535 2553
f 2551 2553 2552
f 2552 2553 2554
f 2552 2554 2538
f 2553 2535 2555
f 2553 2555 2554
f 2554 2555 2556
f 2554 2556 2538
f 2555 2535 2557
f 2555 2557 2556
f 2556 2557 2558
f 2556 2558 2538
f 2557 2535 2559
f 2557 2559 2558
f 2558 2559 2560
f 2558 2560 2538
f 2559 2535 2561
f 2559 2561 2560
f 2560 2561 2562
f 2560 2562 2538
f 2561 2535 2563
f 2561 2563 2562
f 2562 2563 2564
f 2562 2564 2538
f 2563 2535 2565
f 2563 2565 2564
f 2564 2565 2566
f 2564 2566 2538
f 2565 2535 2567
f 2565 2567 2566
f 2566 2567 2568
f 2566 2568 2538
f 2567 2535 2569
f 2567 2569 2568
f 2568 2569 2570
f 2568 2570 2538
f 2569 2535 2571
f 2569 2571 2570
f 2570 2571 2572
f 2570 2572 2538
f 2571 2535 2573
f 2571 2573 2572
f 2572 2573 2574
f 2572 2574 2538
f 2573 2535 2575
f 2573 2575 2574
f 2574 2575 2576
f 2574 2576 2538
f 2575 2535 2577
f 2575 2577 2576
f 2576 2577 2578
f 2576 2578 2538
f 2577 2535 2579
f 2577 2579 2578
f 2578 2579 2580
f 2578 2580 2538
f 2579 2535 2581
f 2579 2581 2580
f 2580 2581 2582
f 2580 2582 2538
f 2581 2535 2583
f 2581 2583 2582
f 2582 2583 2584
f 2582 2584 2538
f 2583 2535 2585
f 2583 2585 2584
f 2584 2585 2586
f 2584 2586 2538
f 2585 2535 2587
f 2585 2587 2586
f 2586 2587 2588
f 2586 2588 2538
f 2587 2535 2589
f 2587 2589 2588
f 2588 2589 2590
f 2588 2590 2538
f 2589 2535 2591
f 2589 2591 2590
f 2590 2591 2592
f 2590 2592 2538
f 2591 2535 2593
f 2591 2593 2592
f 2592 2593 2594
f 2592 2594 2538
f 2593 2535 2595
f 2593 2595 2594
f 2594 2595 2596
f 2594 2596 2538
f 2595 2535 2597
f 2595 2597 2596
f 2596 2597 2598
f 2596 2598 2538
f 2597 2535 2599
f 2597 2599 2598
f 2598 2599 2600
f 2598 2600 2538
f 2599 2535 2536
f 2599 2536 2600
f 2600 2536 2537
f 2600 2537 2538
f 2602 2601 2605
f 2602 2605 2603
f 2603 2605 2606
f 2603 2606 2604
f 2605 2601 2607
f 2605 2607 2606
f 2606 2607 2608
f 2606 2608 2604
f 2607 2601 2609
f 2607 2609 2608
f 2608 2609 2610
f 2608 2610 2604
f 2609 2601 2611
f 2609 2611 2610
f 2610 2611 2612
f 2610 2612 2604
f 2611 2601 2613
f 2611 2613 2612
f 2612 2613 2614
f 2612 2614 2604
f 2613 2601 2615
f 2613 2615 2614
f 2614 2615 2616
f 2614 2616 2604
f 2615 2601 2617
f 2615 2617 2616
f 2616 2617 2618
f 2616 2618 2604
f 2617 2601 2619
f 2617 2619 2618
f 2618 2619 2620
f 2618 2620 2604
f 2619 2601 2621
f 2619 2621 2620
f 2620 2621 2622
f 2620 2622 2604
f 2621 2601 2623
f 2621 2623 2622
f 2622 2623 2624
f 2622 2624 2604
f 2623 2601 2625
f 2623 2625 2624
f 2624 2625 2626
f 2624 2626 2604
f 2625 2601 2627
f 2625 2627 2626
f 2626 2627 2628
f 2626 2628 2604
f 2627 2601 2629
f 2627 2629 2628
f 2628 2629 2630
f 2628 2630 2604
f 2629 2601 2631
f 2629 2631 2630
f 2630 2631 2632
f 2630 2632 2604
f 2631 2601 2633
f 2631 2633 2632
f 2632 2633 2634
f 2632 2634 2604
f 2633 2601 2635
f 2633 2635 2634
f 2634 2635 2636
f 2634 2636 2604
f 2635 2601 2637
f 2635 2637 2636
f 2636 2637 2638
f 2636 2638 2604
f 2637 2601 2639
f 2637 2639 2638
f 2638 2639 2640
f 2638 2640 2604
f 2639 2601 2641
f 2639 2641 2640
f 2640 2641 2642
f 2640 2642 2604
f 2641 2601 2643
f 2641 2643 2642
f 2642 2643 2644
f 2642 2644 2604
f 2643 2601 2645
f 2643 2645 2644
f 2644 2645 2646
f 2644 2646 2604
f 2645 2601 2647
f 2645 2647 2646
f 2646 2647 2648
f 2646 2648 2604
f 2647 2601 2649
f 2647 2649 2648
f 2648 2649 2650
f 2648 2650 2604
f 2649 2601 2651
f 2649 2651 2650
f 2650 2651 2652
f 2650 2652 2604
f 2651 2601 2653
f 2651 2653 2652
f 2652 2653 2654
f 2652 2654 2604
f 2653 2601 2655
f 2653 2655 2654
f 2654 2655 2656
f 2654 2656 2604
f 2655 2601 2657
f 2655 2657 2656
f 2656 2657 2658
f 2656 2658 2604
f 2657 2601 2659
f 2657 2659 2658
f 2658 2659 2660
f 2658 2660 2604
f 2659 2601 2661
f 2659 2661 2660
f 2660 2661 2662
f 2660 2662 2604
f 2661 2601 2663
f 2661 2663 2662
f 2662 2663 2664
f 2662 2664 2604
f 2663 2601 2665
f 2663 2665 2664
f 2664 2665 2666
f 2664 2666 2604
f 2665 2601 2602
f 2665 2602 2666
f 2666 2602 2603
f 2666 2603 2604
f 2668 2667 2671
f 2668 2671 2669
f 2669 2671 2672
f 2669 2672 2670
f 2671 2667 2673
f 2671 2673 2672
f 2672 2673 2674
f 2672 2674 2670
f 2673 2667 2675
f 2673 2675 2674
f 2674 2675 2676
f 2674 2676 2670
f 2675 2667 2677
f 2675 2677 2676
f 2676 2677 2678
f 2676 2678 2670
f 2677 2667 2679
f 2677 2679 2678
f 2678 2679 2680
f 2678 2680 2670
f 2679 2667 2681
f 2679 2681 2680
f 2680 2681 2682
f 2680 2682 2670
f 2681 2667 2683
f 2681 2683 2682
f 2682 2683 2684
f 2682 2684 2670
f 2683 2667 2685
f 2683 2685 2684
f 2684 2685 2686
f 2684 2686 2670
f 2685 2667 2687
f 2685 2687 2686
f 2686 2687 2688
f 2686 2688 2670
f 2687 2667 2689
f 2687 2689 2688
f 2688 2689 2690
f 2688 2690 2670
f 2689 2667 2691
f 2689 2691 2690
f 2690 2691 2692
f 2690 2692 2670
f 2691 2667 2693
f 2691 2693 2692
f 2692 2693 2694
f 2692 2694 2670
f 2693 2667 2695
f 2693 2695 2694
f 2694 2695 2696
f 2694 2696 2670
f 2695 2667 2697
f 2695 2697 2696
f 2696 2697 2698
f 2696 2698 2670
f 2697 2667 2699
f 2697 2699 2698
f 2698 2699 2700
f 2698 2700 2670
f 2699 2667 2701
f 2699 2701 2700
f 2700 2701 2702
f 2700 2702 2670
f 2701 2667 2703
f 2701 2703 2702
f 2702 2703 2704
f 2702 2704 2670
f 2703 2667 2705
f 2703 2705 2704
f 2704 2705 2706
f 2704 2706 2670
f 2705 2667 2707
f 2705 2707 2706
f 2706 2707 2708
f 2706 2708 2670
f 2707 2667 2709
f 2707 2709 2708
f 2708 2709 2710
f 2708 2710 2670
f 2709 2667 2711
f 2709 2711 2710
f 2710 2711 2712
f 2710 2712 2670
f 2711 2667 2713
f 2711 2713 2712
f 2712 2713 2714
f 2712 2714 2670
f 2713 2667 2715
f 2713 2715 2714
f 2714 2715 2716
f 2714 2716 2670
f 2715 2667 2717
f 2715 2717 2716
f 2716 2717 2718
f 2716 2718 2670
f 2717 2667 2719
f 2717 2719 2718
f 2718 2719 2720
f 2718 2720 2670
f 2719 2667 2721
f 2719 2721 2720
f 2720 2721 2722
f 2720 2722 2670
f 2721 2667 2723
f 2721 2723 2722
f 2722 2723 2724
f 2722 2724 2670
f 2723 2667 2725
f 2723 2725 2724
f 2724 2725 2726
f 2724 2726 2670
f 2725 2667 2727
f 2725 2727 2726
f 2726 2727 2728
f 2726 2728 2670
f 2727 2667 2729
f 2727 2729 2728
f 2728 2729 2730
f 2728 2730 2670
f 2729 2667 2731
f 2729 2731 2730
f 2730 2731 2732
f 2730 2732 2670
f 2731 2667 2668
f 2731 2668 2732
f 2732 2668 2669
f 2732 2669 2670
f 2734 2733 2737
f 2734 2737 2735
f 2735 2737 2738
f 2735 2738 2736
f 2737 2733 2739
f 2737 2739 2738
f 2738 2739 2740
f 2738 2740 2736
f 2739 2733 2741
f 2739 2741 2740
f 2740 2741 2742
f 2740 2742 2736
f 2741 2733 2743
f 2741 2743 2742
f 2742 2743 2744
f 2742 2744 2736
f 2743 2733 2745
f 2743 2745 2744
f 2744 2745 2746
f 2744 2746 2736
f 2745 2733 2747
f 2745 2747 2746
f 2746 2747 2748
f 2746 2748 2736
f 2747 2733 2749
f 2747 2749 2748
f 2748 2749 2750
f 2748 2750 2736
f 2749 2733 2751
f 2749 2751 2750
f 2750 2751 2752
f 2750 2752 2736
f 2751 2733 2753
f 2751 2753 2752
f 2752 2753 2754
f 2752 2754 2736
f 2753 2733 2755
f 2753 2755 2754
f 2754 2755 2756
f 2754 2756 2736
f 2755 2733 2757
f 2755 2757 2756
f 2756 2757 2758
f 2756 2758 2736
f 2757 2733 2759
f 2757 2759 2758
f 2758 2759 2760
f 2758 2760 2736
f 2759 2733 2761
f 2759 2761 2760
f 2760 2761 2762
f 2760 2762 2736
f 2761 2733 2763
f 2761 2763 2762
f 2762 2763 2764
f 2762 2764 2736
f 2763 2733 2765
f 2763 2765 2764
f 2764 2765 2766
f 2764 2766 2736
f 2765 2733 2767
f 2765 2767 2766
f 2766 2767 2768
f 2766 2768 2736
f 2767 2733 2769
f 2767 2769 2768
f 2768 2769 2770
f 2768 2770 2736
f 2769 2733 2771
f 2769 2771 2770
f 2770 2771 2772
f 2770 2772 2736
f 2771 2733 2773
f 2771 2773 2772
f 2772 2773 2774
f 2772 2774 2736
f 2773 2733 2775
f 2773 2775 2774
f 2774 2775 2776
f 2774 2776 2736
f 2775 2733 2777
f 2775 2777 2776
f 2776 2777 2778
f 2776 2778 2736
f 2777 2733 2779
f 2777 2779 2778
f 2778 2779 2780
f 2778 2780 2736
f 2779 2733 2781
f 2779 2781 2780
f 2780 2781 2782
f 2780 2782 2736
f 2781 2733 2783
f 2781 2783 2782
f 2782 2783 2784
f 2782 2784 2736
f 2783 2733 2785
f 2783 2785 2784
f 2784 2785 2786
f 2784 2786 2736
f 2785 2733 2787
f 2785 2787 2786
f 2786 2787 2788
f 2786 2788 2736
f 2787 2733 2789
f 2787 2789 2788
f 2788 2789 2790
f 2788 2790 2736
f 2789 2733 2791
f 2789 2791 2790
f 2790 2791 2792
f 2790 2792 2736
f 2791 2733 2793
f 2791 2793 2792
f 2792 2793 2794
f 2792 2794 2736
f 2793 2733 2795
f 2793 2795 2794
f 2794 2795 2796
f 2794 2796 2736
f 2795 2733 2797
f 2795 2797 2796
f 2796 2797 2798
f 2796 2798 2736
f 2797 2733 2734
f 2797 2734 2798
f 2798 2734 2735
f 2798 2735 2736
f 2800 2799 2803
f 2800 2803 2801
f 2801 2803 2804
f 2801 2804 2802
f 2803 2799 2805
f 2803 2805 2804
f 2804 2805 2806
f 2804 2806 2802
f 2805 2799 2807
f 2805 2807 2806
f 2806 2807 2808
f 2806 2808 2802
f 2807 2799 2809
f 2807 2809 2808
f 2808 2809 2810
f 2808 2810 2802
f 2809 2799 2811
f 2809 2811 2810
f 2810 2811 2812
f 2810 2812 2802
f 2811 2799 2813
f 2811 2813 2812
f 2812 2813 2814
f 2812 2814 2802
f 2813 2799 2815
f 2813 2815 2814
f 2814 2815 2816
f 2814 2816 2802
f 2815 2799 2817
f 2815 2817 2816
f 2816 2817 2818
f 2816 2818 2802
f 2817 2799 2819
f 2817 2819 2818
f 2818 2819 2820
f 2818 2820 2802
f 2819 2799 2821
f 2819 2821 2820
f 2820 2821 2822
f 2820 2822 2802
f 2821 2799 2823
f 2821 2823 2822
f 2822 2823 2824
f 2822 2824 2802
f 2823 2799 2825
f 2823 2825 2824
f 2824 2825 2826
f 2824 2826 2802
f 2825 2799 2827
f 2825 2827 2826
f 2826 2827 2828
f 2826 2828 2802
f 2827 2799 2829
f 2827 2829 2828
f 2828 2829 2830
f 2828 2830 2802
f 2829 2799 2831
f 2829 2831 2830
f 2830 2831 2832
f 2830 2832 2802
f 2831 2799 2833
f 2831 2833 2832
f 2832 2833 2834
f 2832 2834 2802
f 2833 2799 2835
f 2833 2835 2834
f 2834 2835 2836
f 2834 2836 2802
f 2835 2799 2837
f 2835 2837 2836
f 2836 2837 2838
f 2836 2838 2802
f 2837 2799 2839
f 2837 2839 2838
f 2838 2839 2840
f 2838 2840 2802
f 2839 2799 2841
f 2839 2841 2840
f 2840 2841 2842
f 2840 2842 2802
f 2841 2799 2843
f 2841 2843 2842
f 2842 2843 2844
f 2842 2844 2802
f 2843 2799 2845
f 2843 2845 2844
f 2844 2845 2846
f 2844 2846 2802
f 2845 2799 2847
f 2845 2847 2846
f 2846 2847 2848
f 2846 2848 2802
f 2847 2799 2849
f 2847 2849 2848
f 2848 2849 2850
f 2848 2850 2802
f 2849 2799 2851
f 2849 2851 2850
f 2850 2851 2852
f 2850 2852 2802
f 2851 2799 2853
f 2851 2853 2852
f 2852 2853 2854
f 2852 2854 2802
f 2853 2799 2855
f 2853 2855 2854
f 2854 2855 2856
f 2854 2856 2802
f 2855 2799 2857
f 2855 2857 2856
f 2856 2857 2858
f 2856 2858 2802
f 2857 2799 2859
f 2857 2859 2858
f 2858 2859 2860
f 2858 2860 2802
f 2859 2799 2861
f 2859 2861 2860
f 2860 2861 2862
f 2860 2862 2802
f 2861 2799 2863
f 2861 2863 2862
f 2862 2863 2864
f 2862 2864 2802
f 2863 2799 2800
f 2863 2800 2864
f 2864 2800 2801
f 2864 2801 2802
o slats
v 20.021 201.453 3.190
v 19.894 201.481 4.684
v 19.869 200.718 3.191
v 19.742 200.746 4.685
v 8.898 203.755 2.203
v 8.771 203.783 3.697
v 8.746 203.020 2.203
v 8.619 203.048 3.698
v 19.895 201.276 4.343
v 20.095 202.563 5.086
v 19.764 200.922 4.991
v 19.964 202.210 5.734
v 8.691 203.589 3.348
v 8.890 204.876 4.091
v 8.560 203.235 3.997
v 8.760 204.523 4.739
v 20.037 202.166 5.088
v 20.363 203.426 4.343
v 20.057 202.544 5.736
v 20.383 203.804 4.990
v 8.677 204.501 4.079
v 9.002 205.761 3.334
v 8.697 204.878 4.727
v 9.023 206.139 3.982
v 20.305 203.234 4.687
v 20.432 203.206 3.192
v 20.455 203.969 4.686
v 20.582 203.940 3.191
v 8.869 205.579 3.671
v 8.996 205.551 2.177
v 9.020 206.314 3.670
v 9.147 206.286 2.176
v 20.430 203.411 3.534
v 20.232 202.123 2.791
v 20.561 203.765 2.885
v 20.362 202.477 2.143
v 9.076 205.745 2.526
v 8.877 204.457 1.783
v 9.206 206.099 1.877
v 9.007 204.811 1.135
v 20.289 202.521 2.789
v 19.963 201.261 3.534
v 20.268 202.143 2.141
v 19.942 200.883 2.886
v 9.091 204.833 1.794
v 8.764 203.573 2.540
v 9.070 204.455 1.147
v 8.744 203.195 1.892
v 9.394 203.726 2.247
v 9.258 203.754 3.740
v 9.459 202.979 2.267
v 9.323 203.008 3.761
v -1.605 202.747 1.265
v -1.741 202.776 2.758
v -1.540 202.000 1.285
v -1.676 202.029 2.778
v 9.366 203.547 3.406
v 9.200 204.858 4.116
v 9.343 203.188 4.064
v 9.177 204.499 4.774
v -1.751 202.625 2.517
v -1.917 203.936 3.227
v -1.774 202.266 3.175
v -1.939 203.577 3.885
v 9.347 204.457 4.137
v 9.317 205.740 3.360
v 9.268 204.842 4.776
v 9.238 206.125 3.999
v -1.978 203.644 3.227
v -2.008 204.927 2.450
v -2.057 204.029 3.866
v -2.087 205.312 3.089
v 9.357 205.546 3.715
v 9.493 205.517 2.221
v 9.309 206.294 3.696
v 9.445 206.266 2.203
v -2.059 204.786 2.691
v -1.923 204.757 1.197
v -2.107 205.534 2.672
v -1.971 205.505 1.179
v 9.386 205.725 2.555
v 9.551 204.414 1.845
v 9.425 206.085 1.899
v 9.590 204.774 1.189
v -1.913 204.908 1.438
v -1.748 203.597 0.728
v -1.874 205.268 0.782
v -1.709 203.957 0.072
v 9.404 204.815 1.825
v 9.434 203.532 2.602
v 9.499 204.431 1.187
v 9.529 203.148 1.964
v -1.686 203.889 0.729
v -1.656 202.606 1.506
v -1.591 203.505 0.091
v -1.561 202.222 0.868
v -1.116 202.841 1.308
v -1.257 202.868 2.801
v -0.906 202.121 1.342
v -1.046 202.149 2.835
v -11.916 199.641 0.349
v -12.057 199.669 1.842
v -11.706 198.922 0.382
v -11.847 198.950 1.875
v -1.155 202.728 2.558
v -1.533 204.004 3.250
v -1.095 202.386 3.222
v -1.473 203.662 3.914
v -12.185 199.752 2.019
v -12.563 201.028 2.711
v -12.125 199.410 2.684
v -12.503 200.686 3.376
v -1.382 203.734 3.269
v -1.620 204.982 2.473
v -1.499 204.116 3.904
v -1.737 205.364 3.107
v -12.763 201.193 2.688
v -13.001 202.442 1.892
v -12.881 201.575 3.323
v -13.119 202.824 2.527
v -1.569 204.851 2.735
v -1.428 204.823 1.242
v -1.715 205.586 2.707
v -1.574 205.559 1.214
v -13.073 202.524 1.693
v -12.932 202.496 0.199
v -13.220 203.259 1.665
v -13.079 203.231 0.172
v -1.529 204.963 1.485
v -1.151 203.687 0.793
v -1.525 205.322 0.826
v -1.147 204.046 0.135
v -12.804 202.414 0.022
v -12.426 201.138 -0.669
v -12.800 202.772 -0.636
v -12.422 201.496 -1.328
v -1.303 203.958 0.775
v -1.065 202.709 1.571
v -1.121 203.592 0.146
v -0.883 202.343 0.942
v -12.226 200.973 -0.647
v -11.988 199.724 0.149
v -12.044 200.606 -1.276
v -11.806 199.358 -0.479
v -11.447 199.839 0.394
v -11.614 199.857 1.885
v -11.084 199.184 0.443
v -11.251 199.202 1.934
v -21.150 194.393 -0.624
v -21.317 194.411 0.866
v -20.787 193.738 -0.576
v -20.954 193.757 0.915
v -11.583 199.984 2.060
v -12.241 201.159 2.721
v -11.460 199.675 2.732
v -12.119 200.849 3.393
v -21.595 194.710 1.454
v -22.254 195.885 2.114
v -21.473 194.401 2.126
v -22.132 195.575 2.787
v -12.167 201.401 2.728
v -12.659 202.555 1.906
v -12.375 201.758 3.354
v -12.867 202.912 2.532
v -22.786 196.393 2.050
v -23.278 197.547 1.228
v -22.994 196.750 2.676
v -23.486 197.904 1.854
v -12.615 202.671 1.738
v -12.448 202.652 0.247
v -12.919 203.355 1.695
v -12.752 203.337 0.204
v -23.530 197.757 0.578
v -23.363 197.738 -0.913
v -23.834 198.441 0.535
v -23.667 198.423 -0.956
v -12.480 202.524 0.071
v -11.820 201.351 -0.589
v -12.544 202.863 -0.595
v -11.883 201.690 -1.255
v -23.086 197.440 -1.500
v -22.425 196.266 -2.161
v -23.149 197.779 -2.166
v -22.489 196.605 -2.827
v -11.896 201.107 -0.596
v -11.402 199.954 0.226
v -11.628 200.780 -1.216
v -11.134 199.627 -0.393
v -21.895 195.757 -2.098
v -21.402 194.604 -1.276
v -21.627 195.430 -2.717
v -21.134 194.277 -1.895
v -20.809 194.666 -0.606
v -20.881 194.747 0.890
v -20.262 194.156 -0.552
v -20.334 194.237 0.944
v -29.719 185.118 -0.516
v -29.791 185.199 0.980
v -29.172 184.608 -0.462
v -29.244 184.689 1.034
v -21.076 195.079 1.453
v -21.973 196.093 2.098
v -20.809 194.887 2.127
v -21.707 195.901 2.772
v -30.753 185.773 2.617
v -31.651 186.787 3.262
v -30.487 185.580 3.291
v -31.385 186.595 3.936
v -22.198 196.767 2.053
v -23.025 197.698 1.217
v -22.424 197.123 2.673
v -23.251 198.054 1.837
v -33.364 187.811 3.124
v -34.191 188.742 2.288
v -33.590 188.167 3.744
v -34.417 189.098 2.908
v -23.055 198.040 0.606
v -22.983 197.958 -0.890
v -23.502 198.640 0.552
v -23.430 198.559 -0.944
v -34.942 189.192 0.516
v -34.870 189.110 -0.980
v -35.388 189.792 0.462
v -35.316 189.710 -1.034
v -22.787 197.625 -1.455
v -21.891 196.610 -2.100
v -22.950 197.910 -2.129
v -22.053 196.895 -2.774
v -33.909 188.538 -2.615
v -33.012 187.523 -3.260
v -34.071 188.823 -3.290
v -33.175 187.808 -3.935
v -21.663 195.939 -2.052
v -20.841 195.004 -1.216
v -21.335 195.674 -2.672
v -20.512 194.739 -1.836
v -31.297 186.502 -3.125
v -30.474 185.567 -2.289
v -30.968 186.237 -3.745
v -30.145 185.302 -2.909
v -29.436 185.542 -0.520
v -29.529 185.596 0.977
v -28.754 185.235 -0.466
v -28.846 185.289 1.030
v -34.908 173.411 -0.427
v -35.001 173.464 1.070
v -34.226 173.103 -0.373
v -34.318 173.157 1.123
v -29.861 185.961 1.943
v -30.846 186.527 2.923
v -29.402 185.780 2.509
v -30.387 186.347 3.488
v -35.861 173.819 2.929
v -36.846 174.385 3.908
v -35.403 173.638 3.494
v -36.388 174.204 4.473
v -31.553 187.303 3.266
v -32.850 188.050 3.160
v -31.565 187.389 4.011
v -32.861 188.136 3.905
v -38.673 175.137 4.564
v -39.970 175.885 4.459
v -38.685 175.223 5.309
v -39.981 175.971 5.204
v -33.518 188.781 2.676
v -34.372 189.274 1.546
v -33.973 189.119 3.167
v -34.827 189.613 2.037
v -41.691 176.592 3.527
v -42.545 177.085 2.397
v -42.145 176.931 4.019
v -42.999 177.424 2.888
v -34.608 189.532 0.519
v -34.516 189.478 -0.977
v -35.221 189.961 0.466
v -35.128 189.908 -1.030
v -43.152 177.334 0.427
v -43.059 177.281 -1.069
v -43.765 177.764 0.373
v -43.672 177.710 -1.123
v -34.182 189.113 -1.945
v -33.198 188.545 -2.924
v -34.571 189.415 -2.511
v -33.587 188.847 -3.490
v -42.199 176.928 -2.927
v -41.215 176.360 -3.906
v -42.588 177.230 -3.493
v -41.604 176.661 -4.472
v -32.488 187.770 -3.266
v -31.192 187.023 -3.160
v -32.408 187.804 -4.011
v -31.112 187.057 -3.905
v -39.389 175.609 -4.565
v -38.093 174.862 -4.459
v -39.309 175.643 -5.310
v -38.012 174.896 -5.204
v -30.525 186.292 -2.675
v -29.670 185.801 -1.545
v -30.002 186.074 -3.166
v -29.147 185.583 -2.035
v -36.371 174.153 -3.529
v -35.516 173.661 -2.399
v -35.847 173.935 -4.020
v -34.992 173.444 -2.889
v -34.730 173.886 -0.429
v -34.830 173.923 1.067
v -34.013 173.673 -0.376
v -34.113 173.710 1.120
v -38.171 162.322 -0.375
v -38.271 162.359 1.122
v -37.454 162.109 -0.321
v -37.554 162.146 1.175
v -35.154 174.128 2.087
v -36.000 174.439 3.286
v -34.576 173.965 2.537
v -35.422 174.276 3.736
v -38.801 162.437 2.548
v -39.647 162.749 3.747
v -38.223 162.275 2.998
v -39.069 162.586 4.196
v -36.744 174.908 3.941
v -38.064 175.393 4.463
v -36.484 174.861 4.642
v -37.803 175.346 5.165
v -40.863 162.923 4.660
v -42.183 163.408 5.182
v -40.603 162.875 5.362
v -41.923 163.360 5.884
v -38.993 175.979 4.542
v -40.369 176.484 4.225
v -39.127 176.074 5.274
v -40.503 176.579 4.957
v -43.700 163.623 5.291
v -45.076 164.128 4.974
v -43.833 163.718 6.023
v -45.210 164.223 5.706
v -41.187 177.000 3.702
v -42.185 177.366 2.644
v -41.668 177.221 4.233
v -42.667 177.587 3.175
v -46.410 164.316 4.243
v -47.409 164.682 3.185
v -46.891 164.536 4.774
v -47.890 164.903 3.716
v -42.631 177.648 1.688
v -42.932 177.758 0.222
v -43.303 177.938 1.848
v -43.605 178.048 0.382
v -48.136 164.782 1.850
v -48.437 164.892 0.385
v -48.809 165.072 2.010
v -49.110 165.182 0.545
v -42.866 177.716 -0.864
v -42.372 177.535 -2.269
v -43.510 177.996 -1.127
v -43.016 177.815 -2.532
v -48.330 164.873 -1.132
v -47.836 164.692 -2.536
v -48.975 165.153 -1.394
v -48.481 164.972 -2.799
v -41.815 177.183 -3.142
v -40.686 176.769 -4.039
v -42.221 177.377 -3.743
v -41.092 176.963 -4.639
v -46.928 164.561 -3.755
v -45.799 164.147 -4.651
v -47.334 164.754 -4.356
v -46.205 164.340 -5.252
v -39.813 176.219 -4.420
v -38.409 175.703 -4.527
v -39.848 176.278 -5.167
v -38.444 175.763 -5.274
v -44.376 163.943 -5.185
v -42.971 163.428 -5.292
v -44.411 164.003 -5.932
v -43.006 163.488 -6.039
v -37.499 175.129 -4.295
v -36.261 174.675 -3.579
v -37.148 175.049 -4.953
v -35.910 174.594 -4.237
v -41.485 163.218 -4.969
v -40.247 162.763 -4.253
v -41.134 163.138 -5.627
v -39.896 162.683 -4.911
v -35.605 174.260 -2.808
v -34.927 174.011 -1.493
v -34.973 174.078 -3.168
v -34.295 173.829 -1.853
v -39.172 162.614 -3.176
v -38.495 162.365 -1.861
v -38.540 162.432 -3.536
v -37.862 162.182 -2.222
v -38.079 162.823 -0.377
v -38.186 162.837 1.119
v -37.333 162.772 -0.323
v -37.440 162.786 1.173
v -38.915 150.672 -0.316
v -39.021 150.687 1.180
v -38.168 150.621 -0.262
v -38.275 150.636 1.234
v -38.486 162.966 2.112
v -39.271 163.070 3.386
v -37.849 162.929 2.508
v -38.635 163.033 3.781
v -39.465 150.479 2.530
v -40.251 150.584 3.803
v -38.829 150.443 2.925
v -39.615 150.547 4.199
v -39.971 163.366 4.117
v -41.252 163.534 4.879
v -39.588 163.361 4.762
v -40.869 163.529 5.524
v -41.278 150.353 4.794
v -42.559 150.521 5.556
v -40.895 150.348 5.439
v -42.177 150.516 6.200
v -42.193 163.929 5.178
v -43.678 164.124 5.256
v -42.148 163.967 5.925
v -43.634 164.161 6.004
v -43.935 150.321 5.958
v -45.420 150.516 6.036
v -43.890 150.358 6.705
v -45.375 150.553 6.784
v -44.642 164.528 5.052
v -45.994 164.706 4.429
v -44.945 164.609 5.733
v -46.298 164.786 5.110
v -46.826 150.391 5.758
v -48.178 150.569 5.134
v -47.129 150.472 6.439
v -48.481 150.649 5.815
v -46.758 165.024 3.771
v -47.667 165.145 2.584
v -47.341 165.141 4.229
v -48.250 165.261 3.042
v -49.291 150.546 4.241
v -50.200 150.667 3.054
v -49.873 150.663 4.698
v -50.782 150.784 3.511
v -48.059 165.306 1.626
v -48.312 165.340 0.148
v -48.785 165.442 1.753
v -49.038 165.476 0.275
v -50.768 150.754 1.752
v -51.021 150.788 0.274
v -51.494 150.890 1.880
v -51.748 150.924 0.402
v -48.243 165.308 -0.894
v -47.783 165.246 -2.321
v -48.944 165.442 -1.126
v -48.483 165.381 -2.553
v -50.916 150.965 -1.139
v -50.456 150.903 -2.566
v -51.617 151.099 -1.371
v -51.157 151.038 -2.798
v -47.267 165.030 -3.209
v -46.203 164.886 -4.257
v -47.780 165.141 -3.745
v -46.716 164.997 -4.793
v -49.700 151.131 -3.771
v -48.636 150.987 -4.818
v -50.213 151.242 -4.307
v -49.149 151.098 -5.354
v -45.356 164.535 -4.787
v -43.933 164.341 -5.219
v -45.565 164.607 -5.503
v -44.142 164.413 -5.936
v -47.399 151.214 -5.537
v -45.976 151.020 -5.969
v -47.607 151.287 -6.254
v -46.184 151.093 -6.686
v -42.952 163.937 -5.266
v -41.491 163.738 -4.986
v -42.807 163.963 -6.002
v -41.347 163.764 -5.722
v -44.542 151.195 -6.034
v -43.082 150.996 -5.754
v -44.398 151.221 -6.769
v -42.938 151.022 -6.489
v -40.602 163.372 -4.542
v -39.438 163.214 -3.610
v -40.135 163.356 -5.128
v -38.971 163.198 -4.196
v -41.783 151.077 -5.150
v -40.619 150.919 -4.218
v -41.316 151.061 -5.737
v -40.152 150.903 -4.805
v -38.844 162.969 -2.778
v -38.245 162.889 -1.405
v -38.159 162.925 -3.080
v -37.560 162.845 -1.707
v -39.752 150.888 -3.088
v -39.153 150.808 -1.715
v -39.067 150.845 -3.389
v -38.468 150.764 -2.016
v -38.928 151.267 -0.283
v -39.039 151.084 1.201
v -38.187 151.357 -0.217
v -38.297 151.174 1.268
v -37.441 140.000 -1.561
v -37.551 139.817 -0.076
v -36.699 140.090 -1.495
v -36.809 139.908 -0.010
v -39.391 151.151 2.366
v -40.137 150.922 3.647
v -38.747 151.193 2.748
v -39.493 150.965 4.029
v -37.888 139.391 1.144
v -38.633 139.162 2.425
v -37.244 139.434 1.526
v -37.989 139.205 2.807
v -40.959 151.056 4.550
v -42.189 150.827 5.378
v -40.539 151.046 5.171
v -41.769 150.817 5.999
v -39.462 138.616 3.334
v -40.692 138.387 4.162
v -39.042 138.606 3.955
v -40.272 138.377 4.783
v -43.319 151.003 5.837
v -44.792 150.818 6.051
v -43.204 150.945 6.576
v -44.677 150.760 6.790
v -41.850 137.829 4.577
v -43.323 137.644 4.791
v -41.736 137.771 5.316
v -43.209 137.586 5.530
v -46.002 151.001 5.975
v -47.431 150.897 5.531
v -46.217 150.909 6.688
v -47.646 150.805 6.243
v -44.577 137.186 4.628
v -46.006 137.082 4.184
v -44.792 137.094 5.341
v -46.221 136.990 4.897
v -48.479 151.050 4.937
v -49.580 151.048 3.918
v -48.984 150.946 5.482
v -50.085 150.944 4.463
v -47.106 136.813 3.480
v -48.207 136.811 2.461
v -47.610 136.708 4.025
v -48.711 136.706 3.006
v -50.262 151.141 2.927
v -50.813 151.242 1.535
v -50.957 151.047 3.195
v -51.507 151.149 1.803
v -48.937 136.784 1.356
v -49.488 136.886 -0.035
v -49.631 136.691 1.624
v -50.182 136.792 0.233
v -50.996 151.256 0.340
v -50.886 151.440 -1.144
v -51.741 151.195 0.277
v -51.631 151.380 -1.207
v -49.707 137.106 -1.323
v -49.597 137.291 -2.808
v -50.452 137.046 -1.386
v -50.342 137.230 -2.871
v -50.533 151.372 -2.309
v -49.788 151.602 -3.590
v -51.180 151.359 -2.688
v -50.435 151.590 -3.969
v -49.261 137.715 -4.028
v -48.515 137.945 -5.309
v -49.908 137.702 -4.406
v -49.163 137.933 -5.687
v -48.964 151.466 -4.493
v -47.735 151.697 -5.321
v -49.388 151.506 -5.111
v -48.158 151.737 -5.939
v -47.686 138.490 -6.218
v -46.457 138.721 -7.046
v -48.110 138.530 -6.836
v -46.880 138.761 -7.664
v -46.605 151.519 -5.780
v -45.132 151.706 -5.994
v -46.722 151.608 -6.515
v -45.250 151.794 -6.729
v -45.299 139.277 -7.461
v -43.826 139.463 -7.675
v -45.417 139.365 -8.197
v -43.944 139.552 -8.410
v -43.922 151.522 -5.917
v -42.493 151.627 -5.473
v -43.710 151.644 -6.626
v -42.281 151.749 -6.182
v -42.572 139.921 -7.513
v -41.143 140.026 -7.069
v -42.360 140.043 -8.222
v -40.931 140.148 -7.778
v -41.445 151.473 -4.879
v -40.344 151.475 -3.860
v -40.944 151.607 -5.421
v -39.843 151.610 -4.402
v -40.042 140.294 -6.365
v -38.941 140.297 -5.346
v -39.541 140.429 -6.906
v -38.441 140.431 -5.887
v -39.662 151.382 -2.869
v -39.112 151.281 -1.477
v -38.971 151.505 -3.133
v -38.421 151.405 -1.742
v -38.210 140.322 -4.241
v -37.660 140.222 -2.849
v -37.520 140.446 -4.505
v -36.969 140.345 -3.114
v -37.571 140.563 -1.466
v -37.660 140.203 -0.013
v -36.870 140.809 -1.362
v -36.959 140.449 0.091
v -34.308 132.044 -3.376
v -34.397 131.684 -1.922
v -33.607 132.289 -3.272
v -33.696 131.929 -1.819
v -37.960 140.062 1.082
v -38.627 139.539 2.319
v -37.342 140.214 1.479
v -38.009 139.691 2.717
v -34.436 130.914 -0.886
v -35.103 130.391 0.352
v -33.818 131.067 -0.488
v -34.485 130.544 0.749
v -39.351 139.385 3.205
v -40.458 138.781 4.018
v -38.921 139.423 3.818
v -40.027 138.819 4.632
v -35.398 129.244 1.053
v -36.504 128.640 1.867
v -34.967 129.282 1.667
v -36.074 128.678 2.480
v -41.494 138.652 4.531
v -42.847 138.061 4.796
v -41.315 138.568 5.255
v -42.668 137.976 5.520
v -37.016 127.323 2.101
v -38.369 126.732 2.366
v -36.838 127.238 2.825
v -38.191 126.647 3.089
v -44.007 137.987 4.837
v -45.390 137.505 4.511
v -44.108 137.789 5.554
v -45.490 137.307 5.227
v -39.002 125.480 2.083
v -40.385 124.998 1.757
v -39.103 125.282 2.799
v -40.485 124.800 2.473
v -46.460 137.497 4.078
v -47.646 137.217 3.204
v -46.827 137.214 4.667
v -48.014 136.934 3.793
v -41.015 124.027 1.010
v -42.201 123.747 0.136
v -41.382 123.744 1.600
v -42.569 123.464 0.726
v -48.436 137.264 2.383
v -49.216 137.249 1.102
v -49.015 136.945 2.739
v -49.794 136.930 1.458
v -42.714 123.212 -0.932
v -43.494 123.197 -2.213
v -43.292 122.893 -0.577
v -44.072 122.878 -1.858
v -49.599 137.330 0.038
v -49.825 137.595 -1.422
v -50.287 137.036 0.091
v -50.512 137.300 -1.368
v -43.811 123.178 -3.418
v -44.037 123.442 -4.877
v -44.499 122.884 -3.365
v -44.724 123.148 -4.824
v -49.740 137.691 -2.558
v -49.373 138.186 -3.926
v -50.412 137.481 -2.815
v -50.045 137.976 -4.182
v -44.108 123.938 -6.023
v -43.741 124.433 -7.391
v -44.781 123.727 -6.280
v -44.414 124.222 -7.647
v -48.828 138.289 -4.948
v -47.945 138.918 -5.984
v -49.368 138.201 -5.461
v -48.485 138.830 -6.497
v -43.549 125.364 -8.289
v -42.666 125.993 -9.326
v -44.089 125.276 -8.802
v -43.206 125.905 -9.839
v -47.026 139.018 -6.709
v -45.786 139.664 -7.251
v -47.347 139.066 -7.385
v -46.106 139.712 -7.927
v -42.233 127.209 -9.815
v -40.992 127.856 -10.358
v -42.553 127.257 -10.492
v -41.313 127.903 -11.034
v -44.652 139.748 -7.537
v -43.258 140.300 -7.506
v -44.704 139.920 -8.266
v -43.309 140.472 -8.234
v -40.397 129.150 -10.338
v -39.002 129.702 -10.307
v -40.448 129.322 -11.067
v -39.053 129.873 -11.035
v -42.120 140.352 -7.300
v -40.797 140.718 -6.696
v -41.890 140.616 -7.963
v -40.567 140.982 -7.359
v -38.360 130.848 -9.777
v -37.037 131.214 -9.173
v -38.130 131.112 -10.440
v -36.807 131.478 -9.836
v -39.859 140.724 -6.046
v -38.838 140.847 -4.954
v -39.378 141.033 -6.531
v -38.357 141.156 -5.439
v -36.466 132.009 -8.235
v -35.445 132.132 -7.143
v -35.984 132.318 -8.720
v -34.963 132.442 -7.628
v -38.248 140.799 -3.987
v -37.730 140.665 -2.586
v -37.596 141.100 -4.200
v -37.077 140.967 -2.798
v -35.031 132.432 -5.975
v -34.512 132.298 -4.574
v -34.378 132.734 -6.188
v -33.860 132.600 -4.787
v -34.710 132.461 -3.243
v -34.629 131.896 -1.856
v -34.417 133.106 -2.998
v -34.335 132.541 -1.611
v -20.894 127.281 -6.165
v -20.812 126.717 -4.778
v -20.601 127.926 -5.920
v -20.519 127.362 -4.533
v -34.946 131.575 -0.846
v -35.127 130.553 0.237
v -34.657 132.054 -0.346
v -34.838 131.032 0.737
v -20.810 126.035 -3.710
v -20.991 125.013 -2.627
v -20.521 126.513 -3.210
v -20.703 125.491 -2.127
v -35.875 130.147 1.075
v -36.291 128.846 1.696
v -35.640 130.391 1.745
v -36.056 129.090 2.365
v -20.969 123.954 -1.905
v -21.386 122.653 -1.284
v -20.734 124.197 -1.235
v -21.151 122.897 -0.615
v -37.357 128.402 2.222
v -37.945 127.025 2.306
v -37.215 128.386 2.959
v -37.803 127.009 3.042
v -21.347 121.364 -1.031
v -21.935 119.987 -0.947
v -21.205 121.348 -0.294
v -21.793 119.971 -0.211
v -39.164 126.616 2.425
v -39.839 125.357 1.969
v -39.139 126.350 3.125
v -39.814 125.090 2.670
v -21.883 118.671 -1.216
v -22.559 117.411 -1.671
v -21.858 118.405 -0.515
v -22.533 117.145 -0.970
v -41.021 125.062 1.662
v -41.685 124.095 0.727
v -41.123 124.582 2.230
v -41.787 123.616 1.294
v -22.497 116.284 -2.421
v -23.161 115.318 -3.357
v -22.599 115.805 -1.853
v -23.263 114.838 -2.789
v -42.648 123.966 0.055
v -43.199 123.442 -1.238
v -42.869 123.340 0.403
v -43.420 122.815 -0.890
v -23.096 114.557 -4.459
v -23.647 114.033 -5.752
v -23.317 113.931 -4.110
v -23.868 113.406 -5.403
v -43.801 123.490 -2.159
v -44.145 123.504 -3.619
v -44.112 122.810 -2.092
v -44.457 122.825 -3.552
v -23.596 113.746 -7.025
v -23.940 113.760 -8.485
v -23.907 113.067 -6.958
v -24.252 113.081 -8.418
v -44.304 123.707 -4.653
v -44.382 124.270 -6.041
v -44.657 123.087 -4.884
v -44.735 123.650 -6.273
v -23.918 113.976 -9.741
v -23.996 114.538 -11.129
v -24.271 113.356 -9.972
v -24.349 113.918 -11.360
v -44.073 124.596 -7.049
v -43.878 125.612 -8.136
v -44.412 124.139 -7.537
v -44.217 125.154 -8.624
v -24.007 115.223 -12.194
v -23.812 116.238 -13.281
v -24.346 114.765 -12.682
v -24.151 115.780 -13.769
v -43.140 126.025 -8.971
v -42.716 127.322 -9.594
v -43.415 125.798 -9.631
v -42.990 127.095 -10.254
v -23.846 117.300 -14.000
v -23.421 118.598 -14.623
v -24.120 117.074 -14.660
v -23.696 118.371 -15.283
v -41.648 127.766 -10.120
v -41.070 129.148 -10.201
v -41.825 127.798 -10.848
v -41.247 129.180 -10.929
v -23.459 119.885 -14.877
v -22.882 121.267 -14.959
v -23.636 119.916 -15.606
v -23.059 121.298 -15.687
v -39.831 129.547 -10.322
v -39.186 130.821 -9.862
v -39.893 129.829 -11.015
v -39.249 131.103 -10.554
v -22.913 122.573 -14.695
v -22.269 123.847 -14.234
v -22.976 122.856 -15.387
v -22.331 124.129 -14.926
v -37.969 131.098 -9.560
v -37.346 132.084 -8.617
v -37.914 131.596 -10.118
v -37.291 132.582 -9.175
v -22.294 124.959 -13.491
v -21.672 125.946 -12.548
v -22.239 125.457 -14.049
v -21.616 126.444 -13.106
v -36.345 132.192 -7.953
v -35.831 132.735 -6.653
v -36.182 132.842 -8.289
v -35.667 133.385 -6.990
v -21.697 126.688 -11.453
v -21.182 127.232 -10.153
v -21.533 127.338 -11.790
v -21.018 127.882 -10.490
v -35.202 132.672 -5.739
v -34.875 132.667 -4.275
v -34.954 133.378 -5.792
v -34.627 133.373 -4.328
v -21.206 127.506 -8.884
v -20.879 127.501 -7.421
v -20.957 128.211 -8.938
v -20.630 128.206 -7.474
v -21.298 127.395 -6.118
v -21.361 126.853 -4.720
v -21.185 128.084 -5.845
v -21.248 127.542 -4.448
v -1.981 124.350 -6.429
v -2.044 123.808 -5.032
v -1.868 125.040 -6.156
v -1.931 124.498 -4.759
v -21.298 126.166 -3.662
v -21.455 125.141 -2.578
v -21.207 126.700 -3.144
v -21.364 125.675 -2.060
v -2.568 123.139 -3.812
v -2.725 122.114 -2.729
v -2.477 123.673 -3.294
v -2.634 122.648 -2.210
v -21.538 124.115 -1.852
v -21.764 122.763 -1.245
v -21.486 124.415 -1.166
v -21.712 123.062 -0.559
v -3.398 121.059 -1.906
v -3.624 119.707 -1.299
v -3.345 121.359 -1.220
v -3.571 120.006 -0.613
v -21.982 121.556 -0.962
v -22.243 120.080 -0.923
v -21.977 121.576 -0.213
v -22.238 120.099 -0.173
v -4.343 118.429 -0.999
v -4.604 116.953 -0.960
v -4.338 118.448 -0.250
v -4.600 116.972 -0.210
v -22.560 118.878 -1.127
v -22.820 117.501 -1.663
v -22.605 118.613 -0.426
v -22.865 117.237 -0.963
v -5.258 115.648 -1.229
v -5.518 114.271 -1.766
v -5.303 115.383 -0.529
v -5.564 114.007 -1.065
v -23.185 116.486 -2.320
v -23.407 115.421 -3.353
v -23.276 115.978 -1.776
v -23.498 114.913 -2.809
v -6.005 113.137 -2.560
v -6.227 112.073 -3.593
v -6.096 112.629 -2.016
v -6.318 111.564 -3.049
v -23.762 114.744 -4.362
v -23.913 114.156 -5.734
v -23.889 114.070 -4.059
v -24.041 113.482 -5.431
v -6.469 111.280 -4.791
v -6.621 110.692 -6.163
v -6.596 110.606 -4.488
v -6.748 110.018 -5.860
v -24.204 113.919 -6.944
v -24.262 113.898 -8.442
v -24.352 113.184 -6.928
v -24.410 113.163 -8.426
v -6.581 110.359 -7.584
v -6.640 110.338 -9.082
v -6.729 109.624 -7.568
v -6.788 109.603 -9.066
v -24.444 114.137 -9.670
v -24.400 114.684 -11.067
v -24.593 113.455 -9.943
v -24.549 114.002 -11.339
v -6.325 110.517 -10.512
v -6.280 111.064 -11.908
v -6.474 109.834 -10.784
v -6.429 110.381 -12.180
v -24.446 115.367 -12.126
v -24.304 116.395 -13.209
v -24.577 114.840 -12.644
v -24.435 115.868 -13.726
v -5.739 111.729 -13.128
v -5.597 112.758 -14.211
v -5.869 111.202 -13.646
v -5.727 112.231 -14.728
v -24.210 117.418 -13.936
v -23.991 118.772 -14.543
v -24.303 117.126 -14.621
v -24.085 118.480 -15.228
v -4.913 113.810 -15.034
v -4.694 115.164 -15.641
v -5.007 113.518 -15.718
v -4.788 114.872 -16.325
v -23.770 119.978 -14.826
v -23.509 121.454 -14.866
v -23.814 119.966 -15.575
v -23.553 121.442 -15.614
v -3.972 116.441 -15.940
v -3.710 117.917 -15.979
v -4.016 116.429 -16.688
v -3.754 117.905 -16.728
v -23.193 122.657 -14.662
v -22.931 124.033 -14.125
v -23.183 122.928 -15.361
v -22.921 124.304 -14.825
v -3.058 119.222 -15.710
v -2.795 120.598 -15.174
v -3.048 119.493 -16.409
v -2.785 120.869 -15.873
v -22.567 125.049 -13.468
v -22.346 126.114 -12.435
v -22.507 125.563 -14.011
v -22.286 126.628 -12.978
v -2.310 121.732 -14.379
v -2.089 122.797 -13.346
v -2.250 122.246 -14.922
v -2.029 123.311 -13.889
v -21.986 126.790 -11.426
v -21.843 127.380 -10.054
v -21.889 127.469 -11.728
v -21.746 128.059 -10.356
v -1.842 123.588 -12.149
v -1.698 124.178 -10.777
v -1.744 124.268 -12.451
v -1.601 124.858 -11.079
v -21.540 127.614 -8.844
v -21.497 127.639 -7.345
v -21.424 128.355 -8.860
v -21.382 128.380 -7.361
v -1.726 124.508 -9.357
v -1.683 124.533 -7.857
v -1.610 125.249 -9.372
v -1.567 125.274 -7.873
v -2.274 124.440 -6.448
v -2.692 124.008 -5.074
v -2.013 125.084 -6.167
v -2.432 124.652 -4.792
v 16.423 115.611 -3.534
v 16.005 115.179 -2.159
v 16.684 116.255 -3.252
v 16.266 115.824 -1.878
v -2.817 123.215 -3.833
v -3.416 122.331 -2.779
v -2.657 123.729 -3.311
v -3.256 122.845 -2.257
v 15.190 114.588 -0.834
v 14.591 113.704 0.219
v 15.350 115.102 -0.312
v 14.751 114.218 0.741
v -3.634 121.134 -1.929
v -4.324 119.933 -1.352
v -3.603 121.443 -1.246
v -4.292 120.242 -0.670
v 13.566 112.707 1.082
v 12.876 111.506 1.658
v 13.598 113.016 1.765
v 12.908 111.815 2.341
v -4.602 118.515 -1.025
v -5.278 117.176 -1.013
v -4.706 118.574 -0.284
v -5.382 117.235 -0.272
v 11.797 110.258 1.925
v 11.121 108.919 1.937
v 11.694 110.317 2.665
v 11.017 108.978 2.677
v -5.573 115.756 -1.257
v -6.134 114.481 -1.813
v -5.800 115.557 -0.571
v -6.360 114.281 -1.127
v 10.153 107.612 1.567
v 9.593 106.337 1.011
v 9.926 107.412 2.253
v 9.366 106.137 1.697
v -6.400 113.277 -2.589
v -6.758 112.260 -3.633
v -6.719 112.848 -2.063
v -7.077 111.832 -3.106
v 8.883 105.171 0.064
v 8.525 104.154 -0.980
v 8.565 104.742 0.590
v 8.207 103.726 -0.453
v -6.958 111.452 -4.821
v -7.057 110.853 -6.192
v -7.322 110.861 -4.536
v -7.422 110.262 -5.908
v 8.181 103.304 -2.358
v 8.082 102.705 -3.729
v 7.817 102.714 -2.073
v 7.718 102.114 -3.445
v -7.160 110.560 -7.613
v -6.987 110.471 -9.100
v -7.516 109.900 -7.615
v -7.342 109.811 -9.102
v 8.155 102.299 -5.331
v 8.328 102.209 -6.818
v 7.799 101.638 -5.333
v 7.972 101.549 -6.820
v -6.975 110.740 -10.541
v -6.558 111.172 -11.915
v -7.271 110.113 -10.828
v -6.854 110.546 -12.202
v 8.809 102.308 -8.402
v 9.226 102.740 -9.776
v 8.513 101.681 -8.689
v 8.930 102.114 -10.063
v -6.431 111.964 -13.157
v -5.836 112.849 -14.211
v -6.626 111.467 -13.684
v -6.030 112.352 -14.738
v 10.043 103.331 -11.101
v 10.639 104.217 -12.155
v 9.849 102.835 -11.628
v 10.444 103.720 -12.682
v -5.612 114.044 -15.061
v -4.929 115.248 -15.638
v -5.680 113.753 -15.749
v -4.996 114.957 -16.326
v 11.669 105.211 -13.017
v 12.353 106.416 -13.594
v 11.602 104.920 -13.704
v 12.285 106.124 -14.281
v -4.644 116.663 -15.965
v -3.974 118.005 -15.978
v -4.577 116.622 -16.711
v -3.908 117.964 -16.724
v 13.438 107.661 -13.859
v 14.108 109.003 -13.872
v 13.505 107.620 -14.604
v 14.175 108.962 -14.618
v -3.673 119.422 -15.733
v -3.118 120.700 -15.178
v -3.485 119.641 -16.425
v -2.930 120.919 -15.870
v 15.081 110.306 -13.501
v 15.636 111.584 -12.945
v 15.270 110.525 -14.193
v 15.825 111.803 -13.637
v -2.847 121.903 -14.401
v -2.492 122.920 -13.358
v -2.567 122.350 -14.934
v -2.212 123.368 -13.891
v 16.350 112.748 -11.998
v 16.704 113.766 -10.955
v 16.630 113.196 -12.530
v 16.985 114.214 -11.487
v -2.291 123.728 -12.170
v -2.192 124.328 -10.798
v -1.964 124.338 -12.460
v -1.866 124.938 -11.088
v 17.050 114.614 -9.577
v 17.149 115.214 -8.205
v 17.377 115.224 -9.867
v 17.475 115.824 -8.495
v -2.089 124.620 -9.377
v -2.262 124.709 -7.889
v -1.770 125.299 -9.380
v -1.943 125.388 -7.893
v 17.077 115.620 -6.604
v 16.903 115.710 -5.117
v 17.396 116.299 -6.608
v 17.223 116.388 -5.120
v 16.106 115.810 -3.600
v 15.496 115.501 -2.264
v 16.488 116.378 -3.294
v 15.879 116.069 -1.959
v 33.663 101.463 1.096
v 33.054 101.154 2.432
v 34.046 102.031 1.402
v 33.436 101.723 2.738
v 14.913 114.765 -0.895
v 14.046 114.052 0.101
v 15.148 115.231 -0.356
v 14.281 114.518 0.639
v 32.020 100.618 3.873
v 31.154 99.905 4.869
v 32.256 101.084 4.412
v 31.389 100.371 5.407
v 13.308 112.875 1.024
v 12.317 111.869 1.531
v 13.359 113.171 1.712
v 12.368 112.165 2.218
v 29.769 99.041 5.762
v 28.778 98.035 6.269
v 29.819 99.336 6.450
v 28.828 98.331 6.956
v 11.536 110.431 1.865
v 10.570 109.285 1.808
v 11.393 110.515 2.597
v 10.428 109.368 2.540
v 27.252 96.972 6.476
v 26.287 95.825 6.419
v 27.109 97.056 7.207
v 26.144 95.909 7.150
v 9.867 107.806 1.501
v 9.073 106.690 0.890
v 9.550 107.667 2.167
v 8.756 106.551 1.555
v 24.853 94.729 5.906
v 24.059 93.613 5.294
v 24.536 94.590 6.571
v 23.742 93.474 5.960
v 8.554 105.399 -0.011
v 8.052 104.482 -1.086
v 8.109 105.058 0.487
v 7.607 104.141 -0.588
v 22.938 92.651 4.141
v 22.436 91.734 3.066
v 22.492 92.311 4.640
v 21.990 91.394 3.564
v 7.797 103.573 -2.440
v 7.665 102.997 -3.819
v 7.289 103.084 -2.187
v 7.157 102.507 -3.565
v 21.796 91.054 1.450
v 21.664 90.478 0.072
v 21.288 90.565 1.704
v 21.155 89.988 0.325
v 7.711 102.607 -5.420
v 7.969 102.463 -6.890
v 7.216 102.045 -5.451
v 7.474 101.900 -6.922
v 21.603 90.180 -1.759
v 21.861 90.036 -3.230
v 21.108 89.618 -1.791
v 21.366 89.473 -3.261
v 8.311 102.649 -8.496
v 8.918 102.959 -9.832
v 7.904 102.102 -8.809
v 8.511 102.413 -10.145
v 22.388 90.163 -5.000
v 22.995 90.474 -6.336
v 21.980 89.617 -5.312
v 22.588 89.927 -6.648
v 9.505 103.693 -11.201
v 10.366 104.410 -12.197
v 9.245 103.248 -11.746
v 10.106 103.965 -12.742
v 24.033 91.007 -7.776
v 24.894 91.725 -8.773
v 23.773 90.563 -8.321
v 24.634 91.280 -9.318
v 11.111 105.580 -13.120
v 12.094 106.593 -13.628
v 11.035 105.307 -13.814
v 12.018 106.320 -14.322
v 26.286 92.584 -9.665
v 27.269 93.597 -10.173
v 26.209 92.310 -10.359
v 27.192 93.323 -10.867
v 12.884 108.024 -13.961
v 13.840 109.178 -13.906
v 12.999 107.964 -14.700
v 13.956 109.118 -14.644
v 28.803 94.653 -10.378
v 29.760 95.807 -10.323
v 28.918 94.592 -11.117
v 29.875 95.746 -11.061
v 14.552 110.650 -13.598
v 15.339 111.772 -12.988
v 14.840 110.814 -14.271
v 15.628 111.935 -13.660
v 31.200 96.897 -9.808
v 31.988 98.018 -9.198
v 31.488 97.060 -10.481
v 32.276 98.182 -9.871
v 15.863 113.060 -12.086
v 16.362 113.979 -11.011
v 16.279 113.425 -12.592
v 16.778 114.344 -11.517
v 33.114 98.975 -8.044
v 33.613 99.895 -6.969
v 33.530 99.340 -8.549
v 34.029 100.260 -7.474
v 16.619 114.886 -9.657
v 16.751 115.463 -8.278
v 17.099 115.400 -9.918
v 17.231 115.977 -8.539
v 34.254 100.573 -5.353
v 34.386 101.150 -3.975
v 34.734 101.086 -5.614
v 34.866 101.663 -4.235
v 16.704 115.852 -6.677
v 16.446 115.997 -5.206
v 17.173 116.437 -6.652
v 16.915 116.582 -5.182
v 34.447 101.447 -2.144
v 34.189 101.592 -0.673
v 34.916 102.032 -2.119
v 34.658 102.177 -0.649
v 33.351 101.803 1.023
v 32.704 101.533 2.349
v 33.878 102.213 1.364
v 33.232 101.943 2.690
v 46.526 82.746 3.564
v 45.879 82.476 4.890
v 47.053 83.156 3.904
v 46.407 82.886 5.231
v 31.764 100.900 3.810
v 30.753 100.345 4.769
v 32.125 101.228 4.380
v 31.114 100.672 5.339
v 44.638 82.085 6.471
v 43.628 81.530 7.430
v 44.999 82.413 7.041
v 43.989 81.857 8.000
v 29.556 99.278 5.707
v 28.339 98.523 6.156
v 29.695 99.476 6.417
v 28.478 98.721 6.866
v 41.899 80.968 8.396
v 40.682 80.214 8.844
v 42.038 81.166 9.106
v 40.821 80.412 9.554
v 27.066 97.183 6.425
v 25.828 96.345 6.299
v 26.962 97.225 7.167
v 25.724 96.387 7.041
v 38.726 79.566 9.044
v 37.489 78.728 8.917
v 38.623 79.607 9.785
v 37.385 78.769 9.659
v 24.674 94.938 5.856
v 23.600 94.141 5.176
v 24.343 94.819 6.518
v 23.269 94.023 5.838
v 35.606 78.093 8.318
v 34.532 77.297 7.638
v 35.274 77.975 8.980
v 34.200 77.178 8.301
v 22.745 92.882 4.088
v 21.996 92.246 2.955
v 22.234 92.623 4.572
v 21.484 91.988 3.439
v 33.012 76.774 6.331
v 32.262 76.138 5.198
v 32.500 76.515 6.815
v 31.751 75.879 5.682
v 21.570 91.328 1.392
v 21.260 90.951 -0.026
v 20.953 90.970 1.623
v 20.643 90.592 0.204
v 31.337 75.807 3.387
v 31.027 75.430 1.968
v 30.720 75.448 3.617
v 30.410 75.071 2.199
v 21.326 90.512 -1.823
v 21.507 90.453 -3.311
v 20.696 90.110 -1.884
v 20.877 90.051 -3.372
v 30.836 75.340 -0.070
v 31.017 75.281 -1.558
v 30.206 74.938 -0.131
v 30.387 74.879 -1.619
v 22.052 90.557 -5.072
v 22.698 90.828 -6.398
v 21.505 90.177 -5.416
v 22.151 90.447 -6.742
v 31.585 75.443 -3.515
v 32.231 75.714 -4.841
v 31.038 75.063 -3.859
v 31.684 75.334 -5.185
v 23.639 91.459 -7.858
v 24.648 92.016 -8.818
v 23.258 91.162 -8.432
v 24.267 91.719 -9.391
v 33.473 76.104 -6.422
v 34.483 76.661 -7.381
v 33.092 75.807 -6.995
v 34.102 76.363 -7.955
v 25.846 93.082 -9.756
v 27.062 93.837 -10.204
v 25.687 92.915 -10.470
v 26.903 93.670 -10.918
v 36.213 77.222 -8.347
v 37.429 77.977 -8.795
v 36.054 77.054 -9.060
v 37.270 77.810 -9.509
v 28.335 95.177 -10.475
v 29.573 96.014 -10.348
v 28.419 95.166 -11.220
v 29.657 96.003 -11.093
v 39.385 78.625 -8.995
v 40.623 79.463 -8.868
v 39.469 78.614 -9.740
v 40.706 79.452 -9.613
v 30.726 97.423 -9.906
v 31.801 98.218 -9.226
v 31.038 97.572 -10.572
v 32.113 98.367 -9.892
v 42.505 80.098 -8.268
v 43.580 80.893 -7.588
v 42.816 80.247 -8.934
v 43.891 81.042 -8.254
v 32.656 99.479 -8.138
v 33.407 100.113 -7.005
v 33.147 99.768 -8.626
v 33.898 100.401 -7.493
v 45.098 81.418 -6.281
v 45.849 82.052 -5.148
v 45.590 81.706 -6.768
v 46.341 82.340 -5.635
v 33.832 101.033 -5.443
v 34.143 101.409 -4.024
v 34.429 101.421 -5.676
v 34.740 101.797 -4.258
v 46.773 82.384 -3.337
v 47.084 82.760 -1.918
v 47.370 82.772 -3.570
v 47.681 83.148 -2.152
v 34.076 101.849 -2.226
v 33.895 101.907 -0.738
v 34.687 102.281 -2.169
v 34.506 102.339 -0.681
v 47.274 82.850 0.120
v 47.094 82.908 1.608
v 47.885 83.282 0.177
v 47.704 83.340 1.665
v 46.318 83.145 3.529
v 45.633 82.955 4.850
v 46.935 83.385 3.883
v 46.250 83.195 5.204
v 54.185 61.486 4.489
v 53.500 61.296 5.809
v 54.801 61.725 4.843
v 54.116 61.535 6.163
v 44.473 82.405 6.431
v 43.351 82.091 7.376
v 44.907 82.598 7.011
v 43.785 82.284 7.956
v 51.698 61.368 8.015
v 50.576 61.053 8.960
v 52.132 61.560 8.595
v 51.011 61.246 9.540
v 41.769 81.230 8.351
v 40.386 80.839 8.781
v 41.955 81.358 9.066
v 40.572 80.967 9.496
v 48.054 61.157 10.319
v 46.672 60.766 10.749
v 48.241 61.285 11.034
v 46.858 60.895 11.464
v 38.623 79.798 8.995
v 37.187 79.389 8.852
v 38.533 79.854 9.738
v 37.097 79.445 9.595
v 43.812 60.886 11.050
v 42.376 60.477 10.906
v 43.722 60.942 11.792
v 42.286 60.533 11.649
v 35.516 78.329 8.271
v 34.239 77.962 7.575
v 35.161 78.315 8.931
v 33.884 77.947 8.235
v 39.619 60.597 10.099
v 38.341 60.230 9.403
v 39.263 60.583 10.759
v 37.986 60.215 10.063
v 32.920 77.044 6.291
v 31.993 76.776 5.142
v 32.348 76.972 6.769
v 31.421 76.705 5.621
v 36.110 60.331 7.613
v 35.183 60.063 6.464
v 35.537 60.260 8.092
v 34.610 59.992 6.943
v 31.225 76.138 3.357
v 30.794 76.013 1.925
v 30.517 76.031 3.579
v 30.086 75.907 2.148
v 33.818 60.129 3.969
v 33.387 60.005 2.538
v 33.110 60.023 4.191
v 32.679 59.898 2.760
v 30.688 75.749 -0.089
v 30.825 75.788 -1.582
v 29.950 75.637 -0.159
v 30.086 75.676 -1.653
v 33.091 60.023 -0.282
v 33.228 60.062 -1.775
v 32.353 59.911 -0.352
v 32.490 59.950 -1.846
v 31.392 75.938 -3.524
v 32.076 76.133 -4.845
v 30.736 75.850 -3.877
v 31.420 76.045 -5.198
v 34.044 60.030 -4.493
v 34.728 60.224 -5.814
v 33.388 59.942 -4.846
v 34.072 60.136 -6.167
v 33.234 76.679 -6.425
v 34.356 76.994 -7.370
v 32.758 76.640 -7.003
v 33.879 76.955 -7.948
v 36.534 60.151 -8.020
v 37.656 60.466 -8.965
v 36.058 60.112 -8.599
v 37.179 60.427 -9.544
v 35.934 77.857 -8.347
v 37.318 78.242 -8.777
v 35.705 77.882 -9.061
v 37.089 78.267 -9.491
v 40.180 60.366 -10.323
v 41.564 60.751 -10.753
v 39.951 60.391 -11.037
v 41.335 60.776 -11.467
v 39.077 79.292 -8.995
v 40.517 79.688 -8.852
v 39.125 79.387 -9.738
v 40.565 79.784 -9.594
v 44.422 60.640 -11.050
v 45.862 61.037 -10.907
v 44.470 60.736 -11.793
v 45.910 61.132 -11.649
v 42.185 80.763 -8.274
v 43.466 81.115 -7.578
v 42.499 80.926 -8.935
v 43.781 81.277 -8.239
v 48.614 60.931 -10.096
v 49.896 61.282 -9.400
v 48.929 61.093 -10.757
v 50.210 61.445 -10.061
v 44.785 82.048 -6.295
v 45.715 82.303 -5.146
v 45.318 82.266 -6.775
v 46.248 82.521 -5.627
v 52.120 61.194 -7.608
v 53.050 61.449 -6.460
v 52.653 61.412 -8.089
v 53.583 61.666 -6.940
v 46.484 82.951 -3.359
v 46.916 83.070 -1.928
v 47.154 83.204 -3.583
v 47.586 83.323 -2.151
v 54.409 61.391 -3.966
v 54.842 61.510 -2.535
v 55.079 61.644 -4.189
v 55.512 61.763 -2.758
v 47.024 83.337 0.090
v 46.887 83.299 1.583
v 47.723 83.597 0.161
v 47.586 83.560 1.654
v 55.136 61.494 0.281
v 54.999 61.456 1.774
v 55.835 61.755 0.352
v 55.698 61.717 1.845
v 54.139 61.819 4.474
v 53.431 61.928 5.792
v 54.795 61.752 4.833
v 54.086 61.861 6.150
v 51.483 38.506 4.972
v 50.774 38.615 6.290
v 52.138 38.439 5.330
v 51.430 38.548 6.648
v 51.664 61.607 7.990
v 50.509 61.782 8.931
v 52.134 61.570 8.574
v 50.978 61.746 9.514
v 48.976 39.622 8.793
v 47.821 39.797 9.733
v 49.446 39.586 9.376
v 48.291 39.761 10.317
v 48.033 61.340 10.284
v 46.612 61.553 10.714
v 48.251 61.345 11.001
v 46.830 61.559 11.431
v 45.306 41.203 11.270
v 43.885 41.417 11.700
v 45.524 41.209 11.988
v 44.103 41.422 12.418
v 43.805 61.059 11.007
v 42.328 61.278 10.869
v 43.743 61.110 11.752
v 42.266 61.329 11.615
v 41.037 43.009 12.028
v 39.559 43.227 11.891
v 40.975 43.060 12.774
v 39.498 43.279 12.637
v 39.627 60.805 10.056
v 38.307 60.998 9.369
v 39.294 60.901 10.721
v 37.975 61.093 10.034
v 36.820 44.763 10.957
v 35.500 44.955 10.270
v 36.487 44.858 11.622
v 35.168 45.051 10.935
v 36.129 60.618 7.580
v 35.167 60.756 6.437
v 35.572 60.749 8.064
v 34.610 60.888 6.922
v 33.292 46.198 8.222
v 32.330 46.337 7.079
v 32.735 46.330 8.707
v 31.773 46.468 7.564
v 33.838 60.526 3.954
v 33.391 60.590 2.524
v 33.140 60.679 4.179
v 32.692 60.744 2.749
v 30.985 47.097 4.237
v 30.538 47.162 2.807
v 30.287 47.250 4.463
v 29.839 47.315 3.033
v 33.103 60.542 -0.277
v 33.247 60.525 -1.770
v 32.373 60.700 -0.349
v 32.517 60.683 -1.842
v 30.253 47.321 -0.397
v 30.398 47.304 -1.890
v 29.524 47.479 -0.469
v 29.668 47.462 -1.962
v 34.040 60.667 -4.471
v 34.750 60.569 -5.788
v 33.397 60.811 -4.828
v 34.107 60.714 -6.146
v 31.213 46.839 -4.976
v 31.924 46.741 -6.293
v 30.570 46.983 -5.333
v 31.281 46.886 -6.651
v 36.513 60.879 -7.986
v 37.670 60.717 -8.927
v 36.055 60.995 -8.569
v 37.212 60.832 -9.509
v 33.723 45.722 -8.797
v 34.880 45.560 -9.737
v 33.265 45.838 -9.380
v 34.422 45.675 -10.320
v 40.142 61.148 -10.281
v 41.564 60.944 -10.712
v 39.936 61.224 -10.999
v 41.358 61.019 -11.429
v 37.395 44.143 -11.272
v 38.818 43.938 -11.702
v 37.189 44.218 -11.989
v 38.612 44.013 -12.420
v 44.370 61.433 -11.008
v 45.847 61.216 -10.870
v 44.443 61.462 -11.753
v 45.921 61.246 -11.616
v 41.666 42.340 -12.027
v 43.144 42.124 -11.890
v 41.739 42.370 -12.773
v 43.217 42.153 -12.636
v 48.550 61.689 -10.059
v 49.869 61.493 -9.372
v 48.894 61.674 -10.725
v 50.213 61.478 -10.038
v 45.882 40.589 -10.954
v 47.201 40.393 -10.267
v 46.226 40.574 -11.620
v 47.545 40.378 -10.933
v 52.050 61.877 -7.584
v 53.011 61.733 -6.441
v 52.620 61.824 -8.069
v 53.581 61.680 -6.926
v 49.407 39.155 -8.218
v 50.368 39.011 -7.075
v 49.977 39.102 -8.704
v 50.937 38.958 -7.561
v 54.343 61.967 -3.956
v 54.791 61.900 -2.526
v 55.055 61.891 -4.182
v 55.502 61.824 -2.752
v 51.711 38.255 -4.235
v 52.158 38.188 -2.805
v 52.422 38.179 -4.461
v 52.869 38.112 -3.031
v 55.079 61.946 0.278
v 54.936 61.970 1.771
v 55.821 61.865 0.350
v 55.678 61.888 1.843
v 52.442 38.027 0.396
v 52.298 38.050 1.889
v 53.184 37.945 0.468
v 53.040 37.968 1.961
v 51.592 38.794 4.966
v 51.016 39.228 6.281
v 52.125 38.408 5.327
v 51.549 38.843 6.642
v 39.259 21.903 5.149
v 38.683 22.338 6.464
v 39.792 21.518 5.510
v 39.216 21.952 6.825
v 49.045 39.806 8.782
v 48.109 40.511 9.718
v 49.427 39.536 9.368
v 48.491 40.241 10.304
v 37.524 24.141 9.061
v 36.588 24.846 9.997
v 37.906 23.871 9.647
v 36.970 24.576 10.583
v 45.353 41.325 11.255
v 44.204 42.190 11.681
v 45.532 41.209 11.974
v 44.383 42.074 12.400
v 34.966 27.363 11.588
v 33.817 28.228 12.014
v 35.145 27.247 12.307
v 33.996 28.112 12.733
v 41.083 43.115 12.010
v 39.890 44.013 11.870
v 41.037 43.171 12.757
v 39.844 44.069 12.617
v 31.981 31.073 12.347
v 30.787 31.971 12.207
v 31.935 31.129 13.093
v 30.742 32.027 12.953
v 36.888 44.902 10.938
v 35.823 45.704 10.250
v 36.625 45.124 11.604
v 35.560 45.926 10.916
v 29.023 34.706 11.227
v 27.958 35.508 10.540
v 28.760 34.928 11.894
v 27.695 35.730 11.206
v 33.401 46.416 8.207
v 32.626 47.001 7.064
v 32.958 46.777 8.692
v 32.183 47.362 7.549
v 26.540 37.712 8.405
v 25.765 38.297 7.262
v 26.096 38.073 8.890
v 25.321 38.658 7.747
v 31.149 47.432 4.231
v 30.791 47.706 2.800
v 30.592 47.881 4.456
v 30.234 48.154 3.025
v 24.904 39.637 4.305
v 24.546 39.910 2.874
v 24.346 40.085 4.530
v 23.988 40.358 3.099
v 30.474 47.795 -0.393
v 30.595 47.709 -1.886
v 29.892 48.262 -0.468
v 30.014 48.177 -1.960
v 24.365 40.186 -0.455
v 24.487 40.100 -1.947
v 23.784 40.653 -0.529
v 23.905 40.568 -2.022
v 31.484 47.445 -4.964
v 32.064 47.016 -6.279
v 30.972 47.859 -5.324
v 31.552 47.429 -6.639
v 25.012 39.272 -5.151
v 25.592 38.843 -6.466
v 24.501 39.686 -5.512
v 25.081 39.256 -6.827
v 34.029 46.434 -8.780
v 34.970 45.734 -9.716
v 33.668 46.732 -9.365
v 34.608 46.032 -10.302
v 26.749 37.033 -9.063
v 27.689 36.333 -9.999
v 26.387 37.331 -9.649
v 27.327 36.631 -10.585
v 37.721 44.916 -11.254
v 38.874 44.056 -11.680
v 37.562 45.058 -11.973
v 38.714 44.198 -12.399
v 29.308 33.811 -11.589
v 30.461 32.951 -12.015
v 29.149 33.953 -12.308
v 30.301 33.093 -12.734
v 41.991 43.127 -12.010
v 43.187 42.233 -11.870
v 42.056 43.097 -12.757
v 43.252 42.203 -12.617
v 32.294 30.101 -12.346
v 33.490 29.207 -12.206
v 32.359 30.071 -13.093
v 33.556 29.177 -12.953
v 46.187 41.340 -10.940
v 47.255 40.541 -10.252
v 46.470 41.144 -11.606
v 47.538 40.346 -10.918
v 35.251 26.469 -11.226
v 36.318 25.670 -10.538
v 35.534 26.273 -11.892
v 36.602 25.475 -11.204
v 49.675 39.824 -8.209
v 50.453 39.242 -7.066
v 50.139 39.491 -8.695
v 50.917 38.909 -7.551
v 37.733 23.464 -8.403
v 38.511 22.882 -7.259
v 38.197 23.130 -8.888
v 38.975 22.549 -7.745
v 51.928 38.807 -4.232
v 52.290 38.538 -2.801
v 52.507 38.387 -4.457
v 52.869 38.118 -3.026
v 39.367 21.540 -4.304
v 39.729 21.271 -2.873
v 39.946 21.120 -4.529
v 40.308 20.851 -3.098
v 52.603 38.443 0.394
v 52.486 38.534 1.887
v 53.207 38.005 0.469
v 53.089 38.095 1.961
v 39.905 20.990 0.454
v 39.788 21.081 1.947
v 40.509 20.551 0.528
v 40.391 20.642 2.021
v 39.491 22.095 5.145
v 39.202 22.757 6.459
v 39.766 21.498 5.506
v 39.477 22.160 6.820
v 20.351 13.374 5.330
v 20.062 14.036 6.644
v 20.626 12.777 5.691
v 20.337 13.439 7.005
v 37.666 24.260 9.054
v 37.198 25.335 9.989
v 37.865 23.836 9.640
v 37.398 24.912 10.575
v 19.763 16.235 9.337
v 19.296 17.310 10.272
v 19.962 15.811 9.923
v 19.495 16.887 10.858
v 35.054 27.435 11.579
v 34.486 28.757 12.003
v 35.151 27.246 12.298
v 34.583 28.568 12.722
v 18.874 20.373 11.918
v 18.306 21.695 12.342
v 18.971 20.184 12.637
v 18.403 21.506 13.061
v 32.056 31.131 12.337
v 31.475 32.506 12.194
v 32.043 31.203 13.083
v 31.462 32.579 12.940
v 17.820 25.153 12.681
v 17.239 26.528 12.537
v 17.807 25.225 13.427
v 17.226 26.601 13.284
v 29.129 34.783 11.218
v 28.622 36.013 10.526
v 29.015 35.109 11.883
v 28.507 36.340 11.192
v 16.764 29.846 11.514
v 16.256 31.076 10.823
v 16.649 30.173 12.180
v 16.142 31.403 11.488
v 26.721 37.840 8.397
v 26.360 38.738 7.251
v 26.526 38.379 8.881
v 26.166 39.277 7.735
v 15.867 33.743 8.600
v 15.506 34.642 7.454
v 15.672 34.283 9.084
v 15.312 35.181 7.938
v 25.197 39.845 4.302
v 25.035 40.262 2.870
v 24.955 40.519 4.525
v 24.793 40.936 3.093
v 15.266 36.257 4.379
v 15.104 36.674 2.948
v 15.024 36.931 4.603
v 14.862 37.348 3.171
v 24.788 40.492 -0.452
v 24.848 40.353 -1.944
v 24.537 41.195 -0.528
v 24.596 41.055 -2.020
v 15.052 37.003 -0.512
v 15.112 36.863 -2.005
v 14.801 37.706 -0.588
v 14.860 37.566 -2.080
v 25.556 39.676 -5.143
v 25.828 39.006 -6.457
v 25.333 40.294 -5.504
v 25.606 39.624 -6.818
v 15.257 35.859 -5.332
v 15.529 35.189 -6.646
v 15.034 36.477 -5.693
v 15.307 35.807 -7.007
v 27.381 37.514 -9.052
v 27.829 36.430 -9.987
v 27.223 37.954 -9.638
v 27.671 36.870 -10.573
v 15.847 32.995 -9.339
v 16.295 31.911 -10.274
v 15.689 33.436 -9.925
v 16.137 32.352 -10.860
v 29.986 34.338 -11.578
v 30.546 33.013 -12.002
v 29.921 34.541 -12.297
v 30.481 33.215 -12.721
v 16.732 28.853 -11.919
v 17.291 27.527 -12.343
v 16.666 29.055 -12.638
v 17.226 27.730 -13.062
v 32.976 30.639 -12.338
v 33.566 29.268 -12.194
v 33.019 30.580 -13.084
v 33.608 29.208 -12.941
v 17.777 24.069 -12.680
v 18.367 22.697 -12.537
v 17.819 24.009 -13.427
v 18.409 22.637 -13.283
v 35.895 26.982 -11.220
v 36.427 25.763 -10.528
v 36.046 26.670 -11.885
v 36.577 25.451 -11.193
v 18.825 19.373 -11.513
v 19.356 18.154 -10.821
v 18.975 19.061 -12.178
v 19.507 17.842 -11.486
v 38.302 23.921 -8.400
v 38.692 23.036 -7.253
v 38.544 23.401 -8.883
v 38.933 22.516 -7.736
v 19.718 15.478 -8.599
v 20.108 14.593 -7.452
v 19.959 14.957 -9.082
v 20.349 14.073 -7.935
v 39.832 21.916 -4.303
v 40.013 21.508 -2.871
v 40.131 21.265 -4.526
v 40.312 20.857 -3.094
v 20.323 12.968 -4.379
v 20.504 12.561 -2.946
v 20.622 12.318 -4.602
v 20.803 11.910 -3.169
v 40.250 21.273 0.453
v 40.191 21.412 1.945
v 40.562 20.594 0.528
v 40.502 20.734 2.021
v 20.546 12.228 0.512
v 20.487 12.367 2.004
v 20.858 11.550 0.587
v 20.798 11.689 2.080
v 20.700 13.466 5.324
v 20.667 14.182 6.641
v 20.744 12.809 5.682
v 20.711 13.525 7.000
v 1.145 12.239 5.496
v 1.112 12.955 6.814
v 1.189 11.582 5.854
v 1.156 12.297 7.172
v 20.034 16.306 9.326
v 19.980 17.472 10.268
v 20.070 15.837 9.910
v 20.016 17.002 10.852
v 1.497 15.223 9.600
v 1.443 16.389 10.542
v 1.533 14.753 10.183
v 1.479 15.919 11.125
v 19.101 20.429 11.906
v 19.035 21.865 12.334
v 19.126 20.216 12.625
v 19.060 21.652 13.053
v 1.977 19.543 12.239
v 1.911 20.979 12.667
v 2.002 19.330 12.958
v 1.936 20.766 13.386
v 18.043 25.202 12.672
v 17.976 26.694 12.524
v 18.056 25.277 13.418
v 17.989 26.768 13.270
v 2.511 24.539 13.014
v 2.444 26.030 12.866
v 2.525 24.613 13.760
v 2.458 26.104 13.612
v 17.021 29.900 11.509
v 16.963 31.224 10.807
v 17.024 30.251 12.171
v 16.966 31.575 11.469
v 3.020 29.448 11.808
v 2.962 30.772 11.106
v 3.023 29.800 12.471
v 2.965 31.124 11.769
v 16.191 33.808 8.596
v 16.150 34.764 7.441
v 16.186 34.386 9.075
v 16.146 35.342 7.920
v 3.425 33.527 8.807
v 3.385 34.483 7.652
v 3.421 34.104 9.285
v 3.380 35.061 8.130
v 15.679 36.335 4.377
v 15.662 36.773 2.943
v 15.670 37.052 4.596
v 15.652 37.490 3.162
v 3.666 36.156 4.466
v 3.649 36.594 3.031
v 3.657 36.873 4.685
v 3.640 37.311 3.250
v 15.563 37.097 -0.510
v 15.571 36.945 -2.002
v 15.553 37.843 -0.586
v 15.561 37.691 -2.078
v 3.705 36.934 -0.557
v 3.713 36.783 -2.049
v 3.695 37.680 -0.633
v 3.703 37.529 -2.125
v 15.861 35.973 -5.322
v 15.893 35.258 -6.640
v 15.854 36.632 -5.680
v 15.886 35.917 -6.998
v 3.536 35.741 -5.498
v 3.568 35.025 -6.815
v 3.528 36.400 -5.856
v 3.561 35.684 -7.173
v 16.527 33.135 -9.325
v 16.579 31.969 -10.267
v 16.525 33.606 -9.908
v 16.578 32.440 -10.850
v 3.184 32.755 -9.601
v 3.237 31.589 -10.543
v 3.183 33.226 -10.184
v 3.236 32.060 -11.127
v 17.459 29.013 -11.906
v 17.525 27.577 -12.333
v 17.467 29.228 -12.624
v 17.533 27.792 -13.052
v 2.704 28.434 -12.240
v 2.770 26.998 -12.668
v 2.711 28.649 -12.959
v 2.778 27.212 -13.387
v 18.516 24.240 -12.672
v 18.586 22.749 -12.524
v 18.535 24.167 -13.418
v 18.605 22.676 -13.271
v 2.167 23.438 -13.014
v 2.237 21.947 -12.866
v 2.186 23.365 -13.760
v 2.256 21.874 -13.612
v 19.537 19.541 -11.510
v 19.600 18.217 -10.808
v 19.568 19.192 -12.173
v 19.631 17.868 -11.470
v 1.657 18.530 -11.807
v 1.721 17.206 -11.105
v 1.688 18.180 -12.470
v 1.751 16.856 -11.767
v 20.367 15.632 -8.598
v 20.413 14.676 -7.443
v 20.407 15.056 -9.076
v 20.454 14.100 -7.921
v 1.252 14.452 -8.806
v 1.298 13.496 -7.651
v 1.292 13.876 -9.284
v 1.339 12.920 -8.129
v 20.879 13.104 -4.378
v 20.901 12.666 -2.943
v 20.926 12.388 -4.597
v 20.948 11.950 -3.162
v 1.012 11.824 -4.465
v 1.034 11.387 -3.031
v 1.059 11.109 -4.684
v 1.081 10.671 -3.250
v 20.996 12.342 0.510
v 20.990 12.494 2.003
v 21.045 11.598 0.586
v 21.038 11.749 2.079
v 0.974 11.046 0.557
v 0.968 11.198 2.049
v 1.023 10.302 0.632
v 1.016 10.453 2.125
v 1.524 12.197 5.497
v 1.711 12.889 6.814
v 1.336 11.565 5.855
v 1.523 12.257 7.173
v -19.058 18.197 5.261
v -18.871 18.889 6.578
v -19.246 17.566 5.619
v -19.060 18.258 6.937
v 1.808 15.188 9.601
v 2.111 16.316 10.543
v 1.667 14.739 10.184
v 1.971 15.866 11.126
v -17.872 20.821 9.206
v -17.568 21.949 10.148
v -18.012 20.372 9.789
v -17.708 21.499 10.731
v 2.247 19.513 12.241
v 2.621 20.901 12.668
v 2.172 19.312 12.960
v 2.546 20.701 13.387
v -16.180 24.633 11.747
v -15.806 26.022 12.174
v -16.255 24.432 12.466
v -15.881 25.821 12.893
v 2.775 24.510 13.017
v 3.164 25.951 12.867
v 2.773 24.588 13.762
v 3.162 26.029 13.613
v -14.241 29.050 12.498
v -13.852 30.491 12.349
v -14.243 29.127 13.244
v -13.854 30.568 13.094
v 3.310 29.417 11.811
v 3.656 30.696 11.107
v 3.379 29.763 12.473
v 3.724 31.042 11.769
v -12.350 33.397 11.346
v -12.004 34.676 10.642
v -12.282 33.743 12.008
v -11.936 35.022 11.304
v 3.773 33.491 8.809
v 4.023 34.413 7.653
v 3.899 34.055 9.287
v 4.149 34.977 8.130
v -10.795 37.016 8.470
v -10.544 37.938 7.314
v -10.669 37.581 8.948
v -10.419 38.503 7.791
v 4.093 36.111 4.467
v 4.208 36.532 3.032
v 4.254 36.810 4.685
v 4.369 37.231 3.250
v -9.811 39.358 4.306
v -9.696 39.779 2.871
v -9.650 40.058 4.524
v -9.535 40.479 3.089
v 4.222 36.879 -0.557
v 4.183 36.732 -2.049
v 4.390 37.606 -0.633
v 4.351 37.459 -2.125
v -9.548 40.067 -0.514
v -9.587 39.919 -2.007
v -9.380 40.794 -0.591
v -9.419 40.646 -2.083
v 4.138 35.676 -5.498
v 3.952 34.984 -6.816
v 4.284 36.319 -5.857
v 4.098 35.626 -7.174
v -10.047 39.031 -5.259
v -10.233 38.339 -6.577
v -9.901 39.674 -5.618
v -10.087 38.982 -6.935
v 3.855 32.683 -9.602
v 3.551 31.556 -10.544
v 3.953 33.144 -10.186
v 3.650 32.017 -11.128
v -11.233 36.408 -9.204
v -11.536 35.281 -10.146
v -11.135 36.869 -9.788
v -11.438 35.742 -10.729
v 3.415 28.357 -12.242
v 3.042 26.969 -12.669
v 3.448 28.569 -12.961
v 3.075 27.181 -13.388
v -12.925 32.597 -11.746
v -13.298 31.209 -12.173
v -12.892 32.810 -12.465
v -13.265 31.421 -12.892
v 2.887 23.360 -13.016
v 2.500 21.919 -12.867
v 2.847 23.294 -13.762
v 2.460 21.852 -13.613
v -14.865 28.181 -12.498
v -15.252 26.740 -12.349
v -14.904 28.115 -13.244
v -15.291 26.673 -13.095
v 2.351 18.454 -11.810
v 2.008 17.174 -11.106
v 2.240 18.119 -12.472
v 1.897 16.840 -11.768
v -16.756 23.833 -11.348
v -17.099 22.554 -10.644
v -16.866 23.498 -12.010
v -17.209 22.219 -11.306
v 1.888 14.382 -8.808
v 1.641 13.459 -7.651
v 1.720 13.828 -9.285
v 1.473 12.905 -8.129
v -18.312 20.213 -8.472
v -18.559 19.290 -7.316
v -18.479 19.660 -8.950
v -18.727 18.737 -7.793
v 1.568 11.762 -4.466
v 1.456 11.340 -3.031
v 1.365 11.074 -4.684
v 1.253 10.652 -3.249
v -19.296 17.870 -4.307
v -19.408 17.448 -2.872
v -19.499 17.182 -4.526
v -19.611 16.760 -3.090
v 1.440 10.994 0.557
v 1.481 11.141 2.049
v 1.230 10.278 0.633
v 1.270 10.425 2.125
v -19.558 17.161 0.515
v -19.518 17.308 2.007
v -19.768 16.445 0.591
v -19.728 16.593 2.083
v -18.705 18.032 5.266
v -18.326 18.642 6.583
v -19.067 17.482 5.625
v -18.688 18.092 6.942
v -36.189 29.401 5.036
v -35.810 30.010 6.353
v -36.551 28.851 5.394
v -36.172 29.460 6.711
v -17.577 20.685 9.216
v -16.961 21.677 10.157
v -17.841 20.295 9.800
v -17.225 21.287 10.741
v -34.351 31.461 8.830
v -33.735 32.453 9.771
v -34.615 31.071 9.413
v -33.999 32.063 10.354
v -15.919 24.516 11.760
v -15.162 25.739 12.186
v -16.049 24.346 12.479
v -15.291 25.568 12.905
v -31.709 34.467 11.277
v -30.951 35.690 11.703
v -31.838 34.297 11.996
v -31.081 35.519 12.422
v -13.984 28.940 12.513
v -13.199 30.210 12.363
v -13.964 29.016 13.259
v -13.179 30.285 13.109
v -28.667 37.960 12.005
v -27.882 39.229 11.855
v -28.646 38.036 12.751
v -27.861 39.305 12.601
v -12.068 33.284 11.361
v -11.373 34.410 10.656
v -11.904 33.596 12.023
v -11.208 34.723 11.318
v -25.689 41.407 10.907
v -24.993 42.534 10.202
v -25.524 41.720 11.569
v -24.829 42.846 10.863
v -10.461 36.887 8.482
v -9.960 37.699 7.325
v -10.180 37.393 8.959
v -9.679 38.206 7.802
v -23.227 44.285 8.151
v -22.726 45.097 6.993
v -22.946 44.791 8.627
v -22.445 45.604 7.470
v -9.407 39.203 4.312
v -9.178 39.574 2.877
v -9.054 39.829 4.530
v -8.826 40.199 3.094
v -21.654 46.159 4.155
v -21.426 46.529 2.719
v -21.302 46.784 4.372
v -21.073 47.154 2.937
v -9.066 39.879 -0.516
v -9.146 39.748 -2.008
v -8.699 40.529 -0.593
v -8.779 40.397 -2.085
v -21.211 46.742 -0.475
v -21.291 46.610 -1.967
v -20.844 47.392 -0.552
v -20.924 47.260 -2.044
v -9.493 38.810 -5.268
v -9.867 38.197 -6.585
v -9.171 39.384 -5.626
v -9.545 38.772 -6.944
v -21.965 45.945 -5.034
v -22.340 45.332 -6.351
v -21.643 46.519 -5.393
v -22.018 45.907 -6.710
v -10.621 36.156 -9.217
v -11.232 35.161 -10.158
v -10.396 36.569 -9.801
v -11.007 35.574 -10.742
v -23.803 43.886 -8.828
v -24.414 42.891 -9.769
v -23.577 44.300 -9.412
v -24.189 43.304 -10.353
v -12.279 32.323 -11.761
v -13.033 31.099 -12.187
v -12.187 32.517 -12.480
v -12.941 31.292 -12.906
v -26.443 40.880 -11.276
v -27.198 39.655 -11.702
v -26.351 41.073 -11.995
v -27.105 39.849 -12.421
v -14.213 27.898 -12.513
v -14.997 26.628 -12.362
v -14.270 27.845 -13.259
v -15.054 26.576 -13.108
v -29.484 37.387 -12.006
v -30.268 36.117 -11.855
v -29.542 37.334 -12.752
v -30.326 36.064 -12.601
v -16.128 23.555 -11.360
v -16.824 22.429 -10.655
v -16.330 23.265 -12.022
v -17.026 22.139 -11.316
v -32.462 33.939 -10.908
v -33.158 32.813 -10.203
v -32.664 33.649 -11.570
v -33.360 32.523 -10.865
v -17.734 19.952 -8.480
v -18.236 19.141 -7.323
v -18.055 19.470 -8.957
v -18.557 18.659 -7.800
v -34.924 31.059 -8.152
v -35.426 30.248 -6.995
v -35.245 30.577 -8.629
v -35.747 29.766 -7.472
v -18.788 17.637 -4.311
v -19.017 17.267 -2.876
v -19.182 17.037 -4.529
v -19.410 16.667 -3.093
v -36.498 29.185 -4.156
v -36.727 28.815 -2.720
v -36.891 28.585 -4.373
v -37.120 28.215 -2.938
v -19.130 16.962 0.516
v -19.048 17.093 2.008
v -19.538 16.338 0.593
v -19.456 16.468 2.085
v -36.942 28.602 0.475
v -36.861 28.732 1.967
v -37.351 27.978 0.552
v -37.269 28.108 2.044
v -35.907 29.147 5.039
v -35.353 29.607 6.355
v -36.413 28.726 5.399
v -35.858 29.186 6.715
v -50.436 46.622 5.049
v -49.882 47.082 6.365
v -50.942 46.201 5.410
v -50.388 46.661 6.725
v -34.123 31.256 8.835
v -33.223 32.003 9.774
v -34.483 30.955 9.420
v -33.584 31.703 10.359
v -48.026 47.980 8.843
v -47.127 48.727 9.782
v -48.387 47.680 9.428
v -47.487 48.427 10.367
v -31.512 34.293 11.284
v -30.406 35.213 11.708
v -31.675 34.157 12.004
v -30.569 35.077 12.428
v -44.551 49.975 11.288
v -43.445 50.895 11.712
v -44.714 49.839 12.007
v -43.608 50.759 12.431
v -28.475 37.795 12.013
v -27.328 38.749 11.862
v -28.417 37.843 12.760
v -27.270 38.797 12.608
v -40.542 52.301 12.012
v -39.395 53.256 11.861
v -40.484 52.350 12.758
v -39.336 53.304 12.607
v -25.475 41.227 10.914
v -24.458 42.073 10.209
v -25.204 41.453 11.576
v -24.187 42.299 10.871
v -36.610 54.604 10.908
v -35.592 55.451 10.203
v -36.339 54.830 11.570
v -35.321 55.677 10.865
v -22.967 44.069 8.156
v -22.233 44.679 6.999
v -22.522 44.439 8.633
v -21.789 45.050 7.476
v -33.351 56.535 8.147
v -32.618 57.145 6.990
v -32.907 56.906 8.624
v -32.173 57.516 7.467
v -21.330 45.889 4.158
v -20.995 46.167 2.722
v -20.779 46.349 4.375
v -20.444 46.627 2.940
v -31.261 57.801 4.146
v -30.926 58.079 2.711
v -30.710 58.261 4.363
v -30.375 58.538 2.928
v -20.814 46.412 -0.475
v -20.932 46.311 -1.967
v -20.241 46.889 -0.553
v -20.359 46.789 -2.045
v -30.657 58.210 -0.487
v -30.776 58.109 -1.979
v -30.084 58.687 -0.565
v -30.203 58.587 -2.057
v -21.499 45.554 -5.039
v -22.052 45.091 -6.355
v -20.994 45.975 -5.399
v -21.546 45.513 -6.715
v -31.634 57.696 -5.050
v -32.186 57.234 -6.365
v -31.128 58.118 -5.410
v -31.681 57.656 -6.725
v -23.284 43.445 -8.835
v -24.182 42.695 -9.774
v -22.923 43.746 -9.420
v -23.821 42.996 -10.359
v -34.043 56.338 -8.843
v -34.941 55.588 -9.782
v -33.683 56.639 -9.428
v -34.581 55.889 -10.367
v -25.894 40.407 -11.284
v -26.999 39.486 -11.708
v -25.731 40.543 -12.004
v -26.836 39.621 -12.428
v -37.518 54.343 -11.288
v -38.623 53.421 -11.712
v -37.356 54.479 -12.007
v -38.460 53.557 -12.431
v -28.931 36.906 -12.013
v -30.077 35.950 -11.862
v -28.989 36.857 -12.760
v -30.135 35.902 -12.608
v -41.527 52.016 -12.012
v -42.674 51.061 -11.861
v -41.586 51.968 -12.758
v -42.732 51.012 -12.607
v -31.930 33.473 -10.914
v -32.948 32.626 -10.209
v -32.202 33.248 -11.576
v -33.219 32.400 -10.871
v -45.459 49.713 -10.908
v -46.476 48.865 -10.203
v -45.730 49.487 -11.570
v -46.747 48.640 -10.865
v -34.439 30.631 -8.156
v -35.172 30.020 -6.999
v -34.884 30.261 -8.633
v -35.617 29.650 -7.476
v -48.718 47.782 -8.147
v -49.451 47.171 -6.990
v -49.163 47.412 -8.624
v -49.896 46.801 -7.467
v -36.076 28.811 -4.158
v -36.410 28.532 -2.722
v -36.628 28.352 -4.375
v -36.962 28.073 -2.940
v -50.808 46.516 -4.146
v -51.142 46.238 -2.711
v -51.360 46.057 -4.364
v -51.694 45.779 -2.928
v -36.592 28.289 0.475
v -36.472 28.388 1.967
v -37.166 27.812 0.553
v -37.046 27.911 2.045
v -51.413 46.108 0.487
v -51.292 46.207 1.979
v -51.986 45.631 0.565
v -51.866 45.730 2.057
v -50.256 46.303 5.050
v -49.575 46.544 6.364
v -50.876 46.083 5.411
v -50.194 46.324 6.726
v -58.101 68.397 5.061
v -57.420 68.638 6.375
v -58.720 68.177 5.422
v -58.039 68.418 6.737
v -47.884 47.730 8.843
v -46.781 48.122 9.781
v -48.326 47.572 9.429
v -47.223 47.965 10.367
v -55.341 68.690 8.849
v -54.238 69.082 9.787
v -55.783 68.533 9.434
v -54.679 68.925 10.372
v -44.432 49.766 11.287
v -43.077 50.248 11.712
v -44.632 49.695 12.007
v -43.277 50.177 12.431
v -51.366 69.237 11.287
v -50.011 69.720 11.711
v -51.567 69.166 12.006
v -50.211 69.648 12.431
v -40.428 52.100 12.011
v -39.021 52.601 11.862
v -40.358 52.126 12.757
v -38.952 52.626 12.609
v -46.787 69.954 12.004
v -45.380 70.455 11.855
v -46.717 69.979 12.750
v -45.311 70.480 12.602
v -36.482 54.378 10.907
v -35.233 54.822 10.205
v -36.151 54.496 11.570
v -34.902 54.940 10.868
v -42.299 70.732 10.895
v -41.050 71.176 10.193
v -41.968 70.851 11.558
v -40.719 71.294 10.855
v -33.192 56.253 8.146
v -32.290 56.572 6.991
v -32.647 56.447 8.625
v -31.746 56.765 7.469
v -38.583 71.454 8.131
v -37.682 71.773 6.975
v -38.039 71.648 8.609
v -37.137 71.966 7.453
v -31.056 57.441 4.147
v -30.645 57.584 2.711
v -30.379 57.680 4.364
v -29.968 57.823 2.928
v -36.202 72.009 4.130
v -35.792 72.153 2.694
v -35.525 72.249 4.347
v -35.115 72.392 2.912
v -30.399 57.758 -0.487
v -30.547 57.705 -1.979
v -29.695 58.006 -0.566
v -29.844 57.952 -2.058
v -35.519 72.314 -0.502
v -35.668 72.260 -1.994
v -34.816 72.561 -0.581
v -34.964 72.507 -2.073
v -31.326 57.157 -5.050
v -32.008 56.917 -6.364
v -30.706 57.375 -5.411
v -31.387 57.135 -6.726
v -36.642 72.319 -5.061
v -37.324 72.079 -6.375
v -36.022 72.536 -5.422
v -36.704 72.296 -6.737
v -33.697 55.729 -8.843
v -34.802 55.342 -9.781
v -33.254 55.884 -9.429
v -34.359 55.497 -10.367
v -39.402 72.024 -8.849
v -40.507 71.637 -9.787
v -38.959 72.179 -9.435
v -40.064 71.791 -10.372
v -37.149 53.692 -11.288
v -38.507 53.216 -11.712
v -36.949 53.762 -12.007
v -38.307 53.287 -12.431
v -43.376 71.476 -11.287
v -44.734 71.000 -11.711
v -43.175 71.546 -12.006
v -44.533 71.070 -12.431
v -41.153 51.357 -12.011
v -42.562 50.863 -11.862
v -41.224 51.333 -12.757
v -42.632 50.839 -12.609
v -47.956 70.759 -12.004
v -49.365 70.265 -11.855
v -48.026 70.734 -12.750
v -49.435 70.240 -12.601
v -45.100 49.081 -10.907
v -46.350 48.641 -10.205
v -45.431 48.965 -11.570
v -46.682 48.525 -10.868
v -52.444 69.982 -10.895
v -53.695 69.542 -10.193
v -52.776 69.866 -11.558
v -54.026 69.426 -10.855
v -48.390 47.208 -8.146
v -49.292 46.889 -6.991
v -48.936 47.016 -8.624
v -49.837 46.698 -7.469
v -56.161 69.262 -8.131
v -57.062 68.944 -6.975
v -56.706 69.070 -8.609
v -57.607 68.752 -7.453
v -50.527 46.022 -4.147
v -50.937 45.876 -2.711
v -51.204 45.783 -4.364
v -51.613 45.637 -2.928
v -58.542 68.708 -4.130
v -58.951 68.562 -2.694
v -59.219 68.469 -4.347
v -59.628 68.323 -2.912
v -51.184 45.704 0.487
v -51.035 45.755 1.979
v -51.887 45.455 0.566
v -51.738 45.506 2.058
v -59.225 68.404 0.502
v -59.076 68.455 1.994
v -59.928 68.155 0.581
v -59.779 68.206 2.073
v -58.060 68.079 5.057
v -57.324 67.987 6.361
v -58.712 68.104 5.427
v -57.976 68.012 6.731
v -56.835 88.425 5.801
v -56.100 88.333 7.105
v -57.487 88.450 6.171
v -56.752 88.358 7.475
v -55.307 68.438 8.851
v -54.128 68.363 9.775
v -55.770 68.450 9.441
v -54.591 68.375 10.366
v -54.361 87.551 9.206
v -53.182 87.475 10.130
v -54.823 87.562 9.796
v -53.644 87.487 10.721
v -51.334 69.017 11.293
v -49.892 68.969 11.704
v -51.539 69.021 12.014
v -50.098 68.973 12.425
v -50.772 86.583 11.359
v -49.330 86.535 11.770
v -50.977 86.587 12.080
v -49.536 86.539 12.491
v -46.747 69.726 12.012
v -45.256 69.713 11.850
v -46.666 69.728 12.757
v -45.175 69.716 12.596
v -46.618 85.670 11.935
v -45.127 85.657 11.774
v -46.538 85.672 12.681
v -45.046 85.660 12.519
v -42.245 70.457 10.902
v -40.926 70.481 10.188
v -41.888 70.466 11.561
v -40.569 70.490 10.847
v -42.533 84.949 10.851
v -41.214 84.973 10.137
v -42.176 84.959 11.511
v -40.857 84.982 10.797
v -38.509 71.100 8.133
v -37.565 71.156 6.968
v -37.927 71.122 8.605
v -36.983 71.178 7.441
v -39.133 84.532 8.274
v -38.189 84.588 7.110
v -38.551 84.554 8.747
v -37.607 84.610 7.582
v -36.107 71.557 4.122
v -35.689 71.636 2.684
v -35.388 71.595 4.334
v -34.970 71.674 2.895
v -36.933 84.481 4.593
v -36.515 84.560 3.155
v -36.215 84.519 4.804
v -35.796 84.598 3.366
v -35.407 71.757 -0.521
v -35.581 71.847 -2.008
v -34.664 71.812 -0.605
v -34.838 71.902 -2.092
v -36.270 84.804 0.365
v -36.444 84.894 -1.123
v -35.526 84.859 0.281
v -35.701 84.948 -1.206
v -36.519 71.671 -5.090
v -37.255 71.757 -6.394
v -35.867 71.740 -5.453
v -36.603 71.827 -6.758
v -37.247 85.452 -3.768
v -37.983 85.539 -5.072
v -36.595 85.522 -4.132
v -37.331 85.608 -5.436
v -39.275 71.311 -8.884
v -40.454 71.381 -9.808
v -38.812 71.391 -9.468
v -39.991 71.462 -10.393
v -39.718 86.326 -7.173
v -40.897 86.397 -8.097
v -39.255 86.406 -7.757
v -40.434 86.477 -8.682
v -43.250 70.731 -11.323
v -44.692 70.776 -11.735
v -43.044 70.818 -12.039
v -44.485 70.863 -12.450
v -43.305 87.293 -9.328
v -44.747 87.338 -9.739
v -43.098 87.380 -10.044
v -44.540 87.424 -10.455
v -47.837 70.021 -12.039
v -49.328 70.033 -11.878
v -47.917 70.110 -12.780
v -49.408 70.122 -12.618
v -47.459 88.205 -9.907
v -48.950 88.217 -9.746
v -47.538 88.294 -10.648
v -49.029 88.306 -10.486
v -52.337 69.289 -10.928
v -53.656 69.266 -10.214
v -52.693 69.374 -11.582
v -54.012 69.350 -10.868
v -51.546 88.925 -8.826
v -52.865 88.902 -8.112
v -51.902 89.010 -9.480
v -53.221 88.986 -8.766
v -56.070 68.647 -8.158
v -57.014 68.590 -6.994
v -56.651 68.721 -8.626
v -57.595 68.665 -7.462
v -54.949 89.343 -6.248
v -55.893 89.287 -5.084
v -55.531 89.418 -6.716
v -56.475 89.361 -5.552
v -58.470 68.191 -4.150
v -58.888 68.110 -2.712
v -59.188 68.251 -4.356
v -59.607 68.170 -2.918
v -57.151 89.395 -2.565
v -57.570 89.313 -1.127
v -57.870 89.455 -2.771
v -58.288 89.373 -1.333
v -59.170 67.992 0.491
v -58.996 67.898 1.977
v -59.913 68.035 0.580
v -59.739 67.941 2.067
v -57.815 89.072 1.666
v -57.641 88.978 3.153
v -58.558 89.115 1.756
v -58.384 89.021 3.243
v -56.924 88.137 5.788
v -56.258 87.674 7.050
v -57.512 88.377 6.187
v -56.846 87.914 7.449
v -47.977 106.635 7.850
v -47.311 106.172 9.111
v -48.565 106.875 8.249
v -47.899 106.412 9.510
v -54.428 87.328 9.209
v -53.351 86.747 10.077
v -54.843 87.467 9.818
v -53.766 86.886 10.685
v -46.363 104.584 10.770
v -45.286 104.003 11.637
v -46.778 104.723 11.379
v -45.701 104.142 12.246
v -50.822 86.386 11.370
v -49.498 85.776 11.724
v -51.003 86.414 12.097
v -49.680 85.804 12.451
v -43.880 102.109 12.504
v -42.556 101.498 12.858
v -44.062 102.136 13.232
v -42.738 101.526 13.586
v -46.659 85.456 11.946
v -45.279 84.908 11.738
v -46.578 85.379 12.688
v -45.198 84.830 12.479
v -40.913 99.588 12.793
v -39.533 99.039 12.585
v -40.832 99.511 13.535
v -39.452 98.962 13.327
v -42.572 84.681 10.855
v -41.337 84.273 10.108
v -42.233 84.519 11.504
v -40.998 84.110 10.757
v -37.913 97.407 11.600
v -36.678 96.999 10.853
v -37.574 97.245 12.249
v -36.339 96.837 11.502
v -39.175 84.177 8.265
v -38.279 83.969 7.079
v -38.620 83.962 8.721
v -37.725 83.754 7.536
v -35.329 95.897 9.110
v -34.434 95.688 7.924
v -34.775 95.682 9.566
v -33.879 95.473 8.381
v -36.983 84.022 4.563
v -36.579 84.044 3.119
v -36.295 83.793 4.752
v -35.890 83.815 3.308
v -33.549 95.286 5.696
v -33.144 95.308 4.251
v -32.860 95.057 5.885
v -32.456 95.079 4.441
v -36.336 84.239 0.307
v -36.490 84.487 -1.164
v -35.622 84.036 0.198
v -35.776 84.284 -1.273
v -32.846 95.666 1.871
v -33.000 95.914 0.399
v -32.132 95.463 1.762
v -32.286 95.711 0.290
v -37.340 84.794 -3.852
v -38.018 85.231 -5.116
v -36.712 84.653 -4.237
v -37.390 85.090 -5.501
v -33.336 96.980 -1.784
v -34.014 97.417 -3.048
v -32.708 96.839 -2.169
v -33.386 97.276 -3.433
v -39.842 85.601 -7.273
v -40.927 86.163 -8.142
v -39.390 85.550 -7.869
v -40.475 86.112 -8.739
v -34.948 99.026 -4.704
v -36.033 99.588 -5.574
v -34.496 98.976 -5.301
v -35.581 99.538 -6.170
v -43.454 86.536 -9.432
v -44.780 87.141 -9.787
v -43.237 86.592 -10.148
v -44.563 87.197 -10.502
v -37.431 101.494 -6.442
v -38.757 102.099 -6.797
v -37.214 101.550 -7.158
v -38.540 102.155 -7.513
v -47.620 87.458 -10.005
v -48.996 88.017 -9.795
v -47.664 87.622 -10.736
v -49.041 88.181 -10.526
v -40.401 104.008 -6.736
v -41.777 104.566 -6.526
v -40.445 104.171 -7.466
v -41.822 104.730 -7.257
v -51.706 88.228 -8.912
v -52.933 88.655 -8.162
v -52.006 88.486 -9.549
v -53.233 88.913 -8.799
v -43.406 106.186 -5.546
v -44.633 106.612 -4.796
v -43.706 106.444 -6.183
v -44.932 106.870 -5.433
v -55.097 88.732 -6.321
v -55.986 88.955 -5.134
v -55.609 89.054 -6.765
v -56.498 89.277 -5.577
v -45.993 107.700 -3.055
v -46.882 107.922 -1.868
v -46.505 108.022 -3.499
v -47.394 108.244 -2.311
v -57.282 88.894 -2.621
v -57.687 88.871 -1.177
v -57.926 89.237 -2.796
v -58.331 89.213 -1.352
v -47.774 108.320 0.363
v -48.179 108.296 1.807
v -48.418 108.662 0.187
v -48.823 108.638 1.631
v -57.926 88.687 1.632
v -57.781 88.420 3.101
v -58.596 88.999 1.755
v -58.451 88.733 3.224
v -48.473 107.947 4.193
v -48.327 107.680 5.662
v -49.143 108.260 4.316
v -48.998 107.993 5.785
v -48.121 106.491 7.829
v -47.801 105.606 8.997
v -48.503 106.951 8.282
v -48.183 106.066 9.450
v -27.681 119.380 11.996
v -27.361 118.495 13.164
v -28.063 119.840 12.449
v -27.743 118.955 13.617
v -46.439 104.515 10.776
v -45.837 103.355 11.512
v -46.725 104.774 11.419
v -46.124 103.614 12.155
v -26.910 116.984 14.461
v -26.308 115.823 15.197
v -27.197 117.243 15.103
v -26.595 116.082 15.839
v -43.919 102.071 12.528
v -43.133 100.810 12.728
v -44.067 102.096 13.263
v -43.280 100.835 13.463
v -25.647 113.978 15.792
v -24.861 112.716 15.993
v -25.794 114.003 16.527
v -25.008 112.741 16.728
v -40.949 99.535 12.820
v -40.096 98.355 12.459
v -40.936 99.325 13.539
v -40.082 98.145 13.179
v -24.088 110.823 15.790
v -23.234 109.644 15.429
v -24.074 110.613 16.509
v -23.221 109.433 16.149
v -37.984 97.290 11.612
v -37.186 96.367 10.739
v -37.808 96.875 12.211
v -37.010 95.952 11.338
v -22.472 107.999 14.460
v -21.675 107.076 13.586
v -22.296 107.584 15.059
v -21.499 106.661 14.186
v -35.473 95.672 9.090
v -34.848 95.153 7.829
v -35.154 95.114 9.477
v -34.530 94.595 8.216
v -21.046 105.928 12.006
v -20.421 105.409 10.745
v -20.727 105.370 12.393
v -20.103 104.851 11.132
v -33.795 94.927 5.633
v -33.441 94.901 4.175
v -33.376 94.315 5.745
v -33.023 94.289 4.287
v -20.021 104.924 8.798
v -19.667 104.899 7.341
v -19.602 104.312 8.911
v -19.249 104.287 7.453
v -33.205 95.172 1.763
v -33.180 95.646 0.340
v -32.745 94.607 1.582
v -32.721 95.081 0.159
v -19.553 105.144 5.320
v -19.529 105.618 3.897
v -19.094 104.579 5.140
v -19.069 105.054 3.717
v -33.794 96.375 -1.929
v -34.105 97.267 -3.095
v -33.360 95.951 -2.370
v -33.672 96.842 -3.536
v -19.714 106.560 2.102
v -20.026 107.452 0.936
v -19.281 106.136 1.661
v -19.592 107.027 0.495
v -35.473 98.355 -4.875
v -36.073 99.517 -5.611
v -35.128 98.135 -5.504
v -35.728 99.297 -6.239
v -20.481 108.958 -0.362
v -21.081 110.120 -1.097
v -20.136 108.739 -0.991
v -20.736 109.900 -1.726
v -37.986 100.805 -6.624
v -38.785 102.058 -6.827
v -37.778 100.820 -7.344
v -38.577 102.073 -7.548
v -21.736 111.969 -1.693
v -22.535 113.222 -1.896
v -21.528 111.984 -2.413
v -22.328 113.237 -2.617
v -40.949 103.346 -6.913
v -41.829 104.507 -6.557
v -40.906 103.595 -7.619
v -41.786 104.756 -7.263
v -23.288 115.128 -1.691
v -24.168 116.289 -1.335
v -23.245 115.377 -2.398
v -24.125 116.538 -2.041
v -43.912 105.593 -5.704
v -44.741 106.492 -4.836
v -44.039 106.042 -6.291
v -44.868 106.942 -5.423
v -24.901 117.956 -0.362
v -25.730 118.855 0.506
v -25.028 118.405 -0.949
v -25.857 119.305 -0.081
v -46.426 107.207 -3.182
v -47.075 107.707 -1.926
v -46.702 107.794 -3.558
v -47.351 108.294 -2.302
v -26.332 120.025 2.091
v -26.981 120.525 3.348
v -26.608 120.613 1.715
v -27.257 121.113 2.971
v -48.111 107.946 0.273
v -48.474 107.963 1.728
v -48.489 108.586 0.170
v -48.853 108.603 1.626
v -27.365 121.024 5.299
v -27.728 121.042 6.754
v -27.743 121.664 5.197
v -28.107 121.681 6.652
v -48.707 107.696 4.139
v -48.728 107.224 5.563
v -49.123 108.290 4.330
v -49.143 107.819 5.754
v -27.840 120.799 8.777
v -27.860 120.328 10.201
v -28.256 121.394 8.968
v -28.276 120.922 10.392
v -28.081 119.193 11.945
v -27.852 118.264 13.100
v -28.288 119.735 12.421
v -28.059 118.806 13.576
v -9.070 125.391 13.162
v -8.841 124.462 14.318
v -9.277 125.932 13.638
v -9.048 125.004 14.794
v -27.249 116.823 14.425
v -26.858 115.558 15.129
v -27.393 117.147 15.086
v -27.003 115.881 15.790
v -8.211 123.262 15.425
v -7.820 121.997 16.129
v -8.355 123.586 16.086
v -7.964 122.320 16.791
v -25.942 113.834 15.771
v -25.451 112.424 15.918
v -25.997 113.892 16.517
v -25.506 112.482 16.663
v -7.082 120.496 16.636
v -6.591 119.086 16.783
v -7.137 120.554 17.382
v -6.646 119.145 17.529
v -24.358 110.680 15.779
v -23.844 109.339 15.346
v -24.312 110.466 16.496
v -23.797 109.125 16.063
v -5.857 117.514 16.612
v -5.342 116.174 16.179
v -5.810 117.301 17.329
v -5.296 115.960 16.896
v -22.740 107.842 14.447
v -22.281 106.772 13.501
v -22.595 107.390 15.028
v -22.136 106.320 14.081
v -4.722 114.771 15.355
v -4.263 113.702 14.408
v -4.577 114.319 15.935
v -4.118 113.250 14.989
v -21.333 105.751 11.979
v -21.000 105.116 10.662
v -21.109 105.130 12.335
v -20.776 104.495 11.018
v -3.850 112.684 13.058
v -3.517 112.049 11.740
v -3.626 112.063 13.414
v -3.293 111.428 12.097
v -20.353 104.726 8.750
v -20.196 104.622 7.262
v -20.079 104.032 8.827
v -19.922 103.928 7.339
v -3.375 111.569 10.070
v -3.218 111.466 8.582
v -3.101 110.875 10.148
v -2.944 110.772 8.659
v -19.949 104.921 5.251
v -19.990 105.367 3.819
v -19.663 104.262 5.037
v -19.704 104.707 3.605
v -3.369 111.596 6.847
v -3.410 112.042 5.415
v -3.083 110.937 6.633
v -3.124 111.382 5.201
v -20.182 106.309 2.014
v -20.416 107.235 0.858
v -19.922 105.786 1.543
v -20.156 106.713 0.387
v -3.832 112.762 3.877
v -4.066 113.689 2.721
v -3.572 112.240 3.406
v -3.806 113.166 2.250
v -21.016 108.678 -0.467
v -21.407 109.943 -1.171
v -20.816 108.375 -1.123
v -21.208 109.640 -1.827
v -4.694 114.890 1.614
v -5.085 116.155 0.910
v -4.494 114.586 0.958
v -4.886 115.851 0.254
v -22.323 111.668 -1.813
v -22.815 113.078 -1.960
v -22.210 111.631 -2.554
v -22.702 113.040 -2.700
v -5.822 117.655 0.403
v -6.314 119.065 0.257
v -5.709 117.618 -0.337
v -6.201 119.027 -0.484
v -23.905 114.823 -1.821
v -24.424 116.162 -1.388
v -23.891 115.059 -2.533
v -24.410 116.398 -2.100
v -7.045 120.637 0.428
v -7.564 121.976 0.860
v -7.031 120.873 -0.284
v -7.551 122.212 0.149
v -25.520 117.663 -0.488
v -25.990 118.728 0.458
v -25.605 118.137 -1.063
v -26.074 119.202 -0.117
v -8.177 123.382 1.684
v -8.647 124.447 2.630
v -8.261 123.856 1.109
v -8.731 124.921 2.055
v -26.925 119.754 1.981
v -27.273 120.383 3.297
v -27.091 120.396 1.630
v -27.439 121.025 2.947
v -9.047 125.471 3.981
v -9.395 126.099 5.297
v -9.213 126.113 3.630
v -9.561 126.741 4.947
v -27.905 120.779 5.210
v -28.077 120.876 6.697
v -28.123 121.493 5.138
v -28.296 121.590 6.625
v -9.522 126.586 6.968
v -9.695 126.683 8.455
v -9.740 127.300 6.897
v -9.913 127.397 8.384
v -28.311 120.582 8.709
v -28.281 120.132 10.139
v -28.544 121.261 8.928
v -28.514 120.810 10.358
v -9.530 126.558 10.192
v -9.500 126.108 11.623
v -9.764 127.237 10.411
v -9.733 126.786 11.841
v -9.697 125.117 13.177
v -9.125 124.343 14.328
v -9.927 125.651 13.651
v -9.356 124.877 14.802
v 6.223 133.809 11.118
v 6.794 133.035 12.269
v 5.993 134.343 11.592
v 6.564 133.569 12.743
v -8.829 122.984 15.444
v -8.107 121.872 16.146
v -8.933 123.331 16.100
v -8.211 122.219 16.803
v 7.551 132.180 13.171
v 8.272 131.068 13.873
v 7.447 132.527 13.828
v 8.168 131.416 14.530
v -7.669 120.225 16.656
v -6.905 118.942 16.803
v -7.627 120.334 17.397
v -6.863 119.052 17.544
v 9.082 129.933 14.281
v 9.846 128.650 14.428
v 9.123 130.042 15.022
v 9.887 128.760 15.168
v -6.393 117.259 16.631
v -5.701 116.001 16.197
v -6.208 117.115 17.343
v -5.516 115.857 16.910
v 10.583 127.408 14.280
v 11.275 126.150 13.847
v 10.768 127.264 14.993
v 11.460 126.006 14.559
v -5.195 114.537 15.372
v -4.680 113.497 14.422
v -4.891 114.163 15.947
v -4.375 113.123 14.996
v 11.827 124.990 13.169
v 12.342 123.950 12.219
v 12.131 124.616 13.744
v 12.646 123.576 12.793
v -4.257 112.472 13.070
v -3.996 111.812 11.749
v -3.876 111.928 13.417
v -3.615 111.267 12.096
v 12.624 123.046 11.115
v 12.884 122.385 9.794
v 13.005 122.501 11.462
v 13.265 121.841 10.141
v -3.721 111.381 10.074
v -3.755 111.201 8.585
v -3.317 110.753 10.140
v -3.351 110.573 8.652
v 12.852 121.873 8.430
v 12.818 121.693 6.941
v 13.257 121.245 8.497
v 13.223 121.065 7.008
v -3.670 111.430 6.840
v -3.993 111.755 5.412
v -3.300 110.817 6.617
v -3.623 111.142 5.188
v 12.478 121.652 5.524
v 12.155 121.977 4.096
v 12.848 121.039 5.301
v 12.525 121.364 3.872
v -4.111 112.612 3.863
v -4.673 113.391 2.711
v -3.827 112.109 3.384
v -4.390 112.888 2.232
v 11.558 122.415 2.840
v 10.995 123.194 1.688
v 11.841 121.912 2.362
v 11.279 122.691 1.210
v -4.975 114.747 1.595
v -5.694 115.860 0.893
v -4.818 114.431 0.933
v -5.536 115.545 0.231
v 10.233 124.046 0.788
v 9.514 125.160 0.085
v 10.390 123.731 0.126
v 9.672 124.844 -0.576
v -6.133 117.507 0.382
v -6.899 118.789 0.235
v -6.122 117.429 -0.364
v -6.888 118.710 -0.510
v 8.704 126.295 -0.322
v 7.938 127.577 -0.468
v 8.715 126.217 -1.067
v 7.950 127.498 -1.214
v -7.408 120.474 0.407
v -8.104 121.730 0.841
v -7.543 120.647 -0.310
v -8.239 121.903 0.123
v 7.204 128.820 -0.321
v 6.508 130.076 0.113
v 7.069 128.993 -1.038
v 6.374 130.249 -0.604
v -8.608 123.196 1.666
v -9.125 124.235 2.616
v -8.865 123.598 1.087
v -9.381 124.637 2.037
v 5.959 131.237 0.790
v 5.443 132.276 1.741
v 5.703 131.638 0.211
v 5.186 132.678 1.162
v -9.549 125.260 3.969
v -9.805 125.922 5.290
v -9.884 125.831 3.617
v -10.140 126.494 4.938
v 5.160 133.179 2.844
v 4.904 133.842 4.165
v 4.825 133.751 2.492
v 4.569 134.413 3.813
v -10.087 126.350 6.966
v -10.044 126.535 8.454
v -10.444 127.006 6.895
v -10.400 127.191 8.383
v 4.928 134.350 5.528
v 4.972 134.535 7.016
v 4.572 135.007 5.457
v 4.616 135.192 6.945
v -10.139 126.300 10.200
v -9.805 125.980 11.627
v -10.458 126.942 10.419
v -10.124 126.623 11.846
v 5.302 134.572 8.435
v 5.636 134.252 9.862
v 4.983 135.214 8.653
v 5.317 134.895 10.080
v 5.734 133.536 11.212
v 6.421 132.836 12.346
v 5.546 134.097 11.672
v 6.234 133.397 12.806
v 23.501 143.338 6.488
v 24.189 142.638 7.622
v 23.314 143.900 6.948
v 24.002 143.199 8.083
v 7.083 131.914 13.267
v 7.886 130.851 13.956
v 7.043 132.300 13.909
v 7.846 131.237 14.598
v 24.751 142.017 8.273
v 25.554 140.954 8.962
v 24.712 142.403 8.915
v 25.515 141.340 9.604
v 8.643 129.675 14.376
v 9.439 128.411 14.515
v 8.762 129.830 15.100
v 9.558 128.565 15.239
v 26.186 140.150 9.248
v 26.981 138.886 9.387
v 26.305 140.305 9.972
v 27.101 139.041 10.111
v 10.177 127.159 14.369
v 10.844 125.887 13.937
v 10.441 127.062 15.064
v 11.108 125.790 14.632
v 27.587 138.021 9.264
v 28.254 136.749 8.832
v 27.851 137.924 9.959
v 28.518 136.652 9.527
v 11.450 124.751 13.248
v 11.887 123.664 12.311
v 11.824 124.420 13.807
v 12.261 123.333 12.870
v 28.740 135.955 8.318
v 29.177 134.868 7.381
v 29.115 135.623 8.877
v 29.552 134.537 7.940
v 12.270 122.816 11.183
v 12.410 122.080 9.884
v 12.701 122.304 11.520
v 12.842 121.568 10.221
v 29.471 134.266 6.556
v 29.612 133.530 5.257
v 29.903 133.754 6.893
v 30.043 133.017 5.593
v 12.511 121.650 8.489
v 12.333 121.376 7.025
v 12.939 121.037 8.551
v 12.761 120.763 7.087
v 29.668 133.211 4.245
v 29.491 132.938 2.781
v 30.097 132.599 4.307
v 29.919 132.325 2.843
v 12.136 121.429 5.576
v 11.667 121.659 4.170
v 12.500 120.812 5.353
v 12.031 121.042 3.947
v 29.301 132.952 1.737
v 28.832 133.182 0.331
v 29.666 132.335 1.514
v 29.197 132.565 0.108
v 11.203 122.187 2.886
v 10.514 122.886 1.753
v 11.453 121.663 2.412
v 10.764 122.362 1.278
v 28.426 133.526 -0.586
v 27.737 134.225 -1.720
v 28.676 133.002 -1.061
v 27.987 133.701 -2.195
v 9.854 123.809 0.831
v 9.050 124.871 0.142
v 9.955 123.460 0.175
v 9.151 124.522 -0.514
v 27.176 134.847 -2.371
v 26.372 135.909 -3.060
v 27.277 134.498 -3.027
v 26.473 135.560 -3.716
v 8.294 126.048 -0.278
v 7.497 127.311 -0.417
v 8.236 125.930 -1.016
v 7.439 127.194 -1.156
v 25.742 136.714 -3.346
v 24.945 137.977 -3.485
v 25.684 136.596 -4.084
v 24.887 137.860 -4.223
v 6.760 128.563 -0.271
v 6.092 129.835 0.161
v 6.557 128.697 -0.981
v 5.889 129.969 -0.549
v 24.341 138.843 -3.361
v 23.673 140.114 -2.929
v 24.137 138.977 -4.071
v 23.470 140.249 -3.639
v 5.486 130.971 0.850
v 5.049 132.058 1.787
v 5.173 131.340 0.276
v 4.736 132.427 1.213
v 23.187 140.909 -2.416
v 22.750 141.995 -1.479
v 22.874 141.277 -2.990
v 22.437 142.364 -2.053
v 4.666 132.906 2.915
v 4.526 133.642 4.214
v 4.296 133.456 2.563
v 4.156 134.192 3.863
v 22.456 142.597 -0.654
v 22.315 143.334 0.645
v 22.086 143.147 -1.005
v 21.945 143.883 0.294
v 4.426 134.073 5.609
v 4.603 134.346 7.073
v 4.059 134.723 5.532
v 4.237 134.996 6.996
v 22.259 143.652 1.657
v 22.436 143.926 3.121
v 21.893 144.302 1.580
v 22.070 144.576 3.044
v 4.800 134.294 8.523
v 5.269 134.063 9.929
v 4.498 134.948 8.731
v 4.967 134.717 10.137
v 22.626 143.912 4.165
v 23.094 143.681 5.571
v 22.324 144.566 4.373
v 22.792 144.336 5.779
v 23.078 143.085 6.590
v 23.775 142.382 7.717
v 22.828 143.605 7.069
v 23.525 142.901 8.196
v 36.495 152.036 3.883
v 37.192 151.333 5.010
v 36.245 152.556 4.363
v 36.942 151.852 5.489
v 24.509 141.502 8.580
v 25.374 140.430 9.174
v 24.435 141.817 9.256
v 25.300 140.745 9.851
v 38.144 150.894 5.682
v 39.009 149.822 6.276
v 38.070 151.210 6.358
v 38.935 150.138 6.953
v 26.144 139.255 9.469
v 27.009 138.030 9.420
v 26.264 139.310 10.207
v 27.129 138.086 10.158
v 40.147 149.267 6.443
v 41.012 148.042 6.395
v 40.267 149.322 7.182
v 41.132 148.098 7.133
v 27.660 136.794 9.082
v 28.359 135.655 8.402
v 27.955 136.583 9.739
v 28.654 135.444 9.058
v 42.106 147.480 6.020
v 42.805 146.341 5.339
v 42.402 147.269 6.676
v 43.100 146.130 5.996
v 28.759 134.607 7.501
v 29.152 133.774 6.318
v 29.178 134.173 7.947
v 29.571 133.339 6.763
v 43.637 145.889 4.499
v 44.030 145.055 3.315
v 44.056 145.455 4.944
v 44.449 144.621 3.760
v 29.225 133.123 5.038
v 29.229 132.762 3.582
v 29.690 132.552 5.181
v 29.694 132.191 3.725
v 44.439 144.805 2.180
v 44.442 144.444 0.724
v 44.904 144.234 2.323
v 44.908 143.873 0.867
v 28.967 132.635 2.177
v 28.576 132.822 0.741
v 29.387 132.044 1.986
v 28.996 132.231 0.550
v 44.351 144.441 -0.480
v 43.960 144.628 -1.916
v 44.772 143.850 -0.671
v 44.381 144.037 -2.107
v 28.031 133.242 -0.518
v 27.325 133.939 -1.643
v 28.324 132.753 -1.004
v 27.618 133.449 -2.130
v 43.389 144.873 -2.957
v 42.683 145.569 -4.082
v 43.682 144.384 -3.444
v 42.976 145.080 -4.569
v 26.601 134.825 -2.508
v 25.727 135.890 -3.101
v 26.713 134.537 -3.191
v 25.839 135.601 -3.784
v 41.740 146.016 -4.755
v 40.865 147.080 -5.348
v 41.852 145.727 -5.438
v 40.977 146.792 -6.031
v 24.963 137.069 -3.397
v 24.095 138.291 -3.347
v 24.878 137.039 -4.141
v 24.010 138.261 -4.092
v 39.734 147.641 -5.516
v 38.866 148.864 -5.467
v 39.649 147.611 -6.261
v 38.781 148.833 -6.211
v 23.442 139.526 -3.010
v 22.750 140.670 -2.331
v 23.182 139.763 -3.673
v 22.491 140.907 -2.993
v 37.769 149.424 -5.091
v 37.078 150.568 -4.412
v 37.510 149.661 -5.754
v 36.818 150.805 -5.074
v 22.341 141.712 -1.429
v 21.959 142.554 -0.248
v 21.962 142.174 -1.881
v 21.580 143.017 -0.700
v 36.237 151.013 -3.569
v 35.855 151.855 -2.388
v 35.857 151.475 -4.022
v 35.475 152.318 -2.841
v 21.876 143.198 1.034
v 21.880 143.565 2.488
v 21.455 143.800 0.883
v 21.459 144.167 2.337
v 35.437 152.098 -1.251
v 35.441 152.465 0.203
v 35.017 152.700 -1.402
v 35.020 153.068 0.052
v 22.138 143.690 3.895
v 22.528 143.502 5.332
v 21.764 144.313 4.079
v 22.154 144.125 5.515
v 35.529 152.465 1.408
v 35.919 152.277 2.844
v 35.154 153.088 1.591
v 35.544 152.901 3.027
v 36.054 151.565 3.956
v 36.977 151.096 5.041
v 35.592 151.851 4.473
v 36.516 151.383 5.558
v 40.445 159.332 3.571
v 41.368 158.864 4.656
v 39.983 159.619 4.088
v 40.907 159.151 5.173
v 37.634 150.332 5.767
v 38.870 149.669 6.298
v 37.416 150.487 6.468
v 38.653 149.825 6.999
v 42.459 158.998 5.339
v 43.696 158.335 5.870
v 42.242 159.153 6.040
v 43.478 158.491 6.571
v 39.604 148.655 6.529
v 40.913 147.930 6.417
v 39.669 148.656 7.276
v 40.977 147.932 7.165
v 45.008 158.486 6.043
v 46.317 157.761 5.932
v 45.073 158.488 6.790
v 46.381 157.763 6.679
v 41.571 146.872 6.098
v 42.705 146.218 5.367
v 41.906 146.722 6.752
v 43.040 146.068 6.021
v 47.582 157.905 5.551
v 48.717 157.250 4.820
v 47.917 157.754 6.205
v 49.052 157.100 5.474
v 43.149 145.334 4.569
v 43.887 144.873 3.347
v 43.695 145.059 5.002
v 44.433 144.598 3.781
v 49.677 157.366 3.970
v 50.415 156.905 2.748
v 50.223 157.092 4.403
v 50.961 156.630 3.182
v 44.035 144.340 2.240
v 44.216 144.168 0.761
v 44.688 143.992 2.360
v 44.869 143.820 0.881
v 50.885 156.973 1.607
v 51.066 156.801 0.128
v 51.538 156.624 1.728
v 51.719 156.452 0.249
v 44.051 144.085 -0.438
v 43.629 144.243 -1.869
v 44.676 143.735 -0.661
v 44.253 143.892 -2.092
v 50.965 156.800 -1.078
v 50.543 156.958 -2.509
v 51.590 156.449 -1.301
v 51.167 156.607 -2.732
v 43.184 144.625 -2.935
v 42.253 145.080 -4.019
v 43.649 144.345 -3.452
v 42.718 144.799 -4.536
v 49.892 156.887 -3.555
v 48.961 157.342 -4.640
v 50.357 156.607 -4.072
v 49.426 157.061 -5.157
v 41.602 145.854 -4.745
v 40.363 146.511 -5.276
v 41.820 145.698 -5.446
v 40.580 146.355 -5.977
v 47.874 157.218 -5.323
v 46.635 157.875 -5.854
v 48.092 157.062 -6.024
v 46.852 157.719 -6.555
v 39.628 147.523 -5.507
v 38.324 148.257 -5.396
v 39.563 147.521 -6.254
v 38.260 148.255 -6.143
v 45.321 157.723 -6.027
v 44.018 158.456 -5.916
v 45.257 157.721 -6.774
v 43.953 158.454 -6.663
v 37.659 149.301 -5.075
v 36.534 149.974 -4.346
v 37.326 149.456 -5.730
v 36.202 150.129 -5.000
v 42.745 158.299 -5.535
v 41.621 158.972 -4.805
v 42.413 158.453 -6.189
v 41.288 159.126 -5.460
v 36.080 150.840 -3.546
v 35.351 151.319 -2.326
v 35.540 151.127 -3.981
v 34.811 151.605 -2.760
v 40.652 158.837 -3.953
v 39.923 159.316 -2.733
v 40.112 159.124 -4.388
v 39.383 159.602 -3.167
v 35.197 151.841 -1.218
v 35.019 152.018 0.261
v 34.553 152.205 -1.339
v 34.374 152.382 0.140
v 39.447 159.237 -1.591
v 39.269 159.414 -0.112
v 38.803 159.601 -1.713
v 38.625 159.778 -0.234
v 35.184 152.102 1.460
v 35.602 151.935 2.891
v 34.568 152.467 1.682
v 34.985 152.299 3.113
v 39.370 159.417 1.094
v 39.788 159.250 2.525
v 38.754 159.781 1.316
v 39.171 159.614 2.747
v 40.321 158.523 3.593
v 41.355 158.750 4.655
v 39.803 158.406 4.122
v 40.838 158.633 5.184
v 38.280 167.672 3.624
v 39.314 167.899 4.686
v 37.762 167.555 4.154
v 38.797 167.782 5.216
v 42.313 158.064 5.362
v 43.697 158.342 5.869
v 42.065 158.014 6.067
v 43.448 158.292 6.575
v 40.284 168.152 5.367
v 41.668 168.430 5.875
v 40.035 168.101 6.073
v 41.419 168.379 6.581
v 44.851 157.526 6.064
v 46.322 157.791 5.934
v 44.915 157.539 6.811
v 46.386 157.804 6.681
v 42.823 168.758 6.039
v 44.294 169.023 5.909
v 42.887 168.771 6.787
v 44.358 169.036 6.656
v 47.429 157.007 5.572
v 48.712 157.215 4.824
v 47.798 157.071 6.222
v 49.081 157.279 5.474
v 45.393 169.363 5.518
v 46.676 169.571 4.770
v 45.761 169.426 6.168
v 47.045 169.634 5.420
v 49.545 156.608 3.989
v 50.385 156.731 2.753
v 50.156 156.705 4.414
v 50.995 156.828 3.177
v 47.493 169.843 3.913
v 48.333 169.966 2.677
v 48.104 169.940 4.338
v 48.944 170.064 3.101
v 50.788 156.409 1.623
v 50.999 156.431 0.138
v 51.522 156.520 1.729
v 51.733 156.543 0.244
v 48.717 170.107 1.536
v 48.929 170.130 0.051
v 49.451 170.219 1.642
v 49.663 170.241 0.157
v 50.906 156.453 -1.069
v 50.439 156.372 -2.492
v 51.610 156.559 -1.306
v 51.142 156.478 -2.729
v 48.818 170.106 -1.154
v 48.351 170.025 -2.577
v 49.522 170.212 -1.391
v 49.054 170.131 -2.814
v 49.866 156.735 -3.552
v 48.826 156.562 -4.619
v 50.393 156.817 -4.079
v 49.353 156.644 -5.146
v 47.764 169.842 -3.622
v 46.724 169.670 -4.689
v 48.291 169.924 -4.149
v 47.252 169.752 -5.216
v 47.871 157.203 -5.322
v 46.482 156.960 -5.832
v 48.123 157.244 -6.027
v 46.733 157.001 -6.537
v 45.762 169.373 -5.367
v 44.373 169.130 -5.877
v 46.014 169.414 -6.072
v 44.625 169.171 -6.582
v 45.329 157.766 -6.025
v 43.861 157.485 -5.895
v 45.265 157.753 -6.772
v 43.797 157.472 -6.642
v 43.219 168.792 -6.040
v 41.751 168.512 -5.910
v 43.155 168.779 -6.787
v 41.688 168.499 -6.657
v 42.749 158.309 -5.531
v 41.475 158.038 -4.787
v 42.385 158.233 -6.182
v 41.111 157.961 -5.439
v 40.645 168.212 -5.517
v 39.371 167.940 -4.773
v 40.281 168.135 -6.168
v 39.007 167.863 -5.424
v 40.637 158.716 -3.948
v 39.803 158.517 -2.717
v 40.037 158.578 -4.377
v 39.203 158.380 -3.146
v 38.545 167.736 -3.911
v 37.710 167.538 -2.680
v 37.945 167.599 -4.340
v 37.110 167.400 -3.109
v 39.398 158.896 -1.584
v 39.187 158.836 -0.100
v 38.677 158.722 -1.694
v 38.466 158.662 -0.210
v 37.321 167.453 -1.535
v 37.110 167.393 -0.051
v 36.600 167.278 -1.645
v 36.389 167.218 -0.161
v 39.280 158.821 1.108
v 39.747 158.925 2.530
v 38.589 158.655 1.347
v 39.056 158.759 2.769
v 37.221 167.424 1.155
v 37.688 167.528 2.576
v 36.530 167.257 1.394
v 36.997 167.361 2.816
f 2866 2868 2865
f 2869 2866 2865
f 2865 2868 2867
f 2867 2869 2865
f 2866 2872 2868
f 2870 2866 2869
f 2870 2872 2866
f 2868 2872 2867
f 2871 2869 2867
f 2867 2872 2871
f 2871 2870 2869
f 2872 2870 2871
f 2874 2876 2873
f 2877 2874 2873
f 2873 2876 2875
f 2875 2877 2873
f 2874 2880 2876
f 2878 2874 2877
f 2878 2880 2874
f 2876 2880 2875
f 2879 2877 2875
f 2875 2880 2879
f 2879 2878 2877
f 2880 2878 2879
f 2882 2884 2881
f 2885 2882 2881
f 2881 2884 2883
f 2883 2885 2881
f 2882 2888 2884
f 2886 2882 2885
f 2886 2888 2882
f 2884 2888 2883
f 2887 2885 2883
f 2883 2888 2887
f 2887 2886 2885
f 2888 2886 2887
f 2890 2892 2889
f 2893 2890 2889
f 2889 2892 2891
f 2891 2893 2889
f 2890 2896 2892
f 2894 2890 2893
f 2894 2896 2890
f 2892 2896 2891
f 2895 2893 2891
f 2891 2896 2895
f 2895 2894 2893
f 2896 2894 2895
f 2898 2900 2897
f 2901 2898 2897
f 2897 2900 2899
f 2899 2901 2897
f 2898 2904 2900
f 2902 2898 2901
f 2902 2904 2898
f 2900 2904 2899
f 2903 2901 2899
f 2899 2904 2903
f 2903 2902 2901
f 2904 2902 2903
f 2906 2908 2905
f 2909 2906 2905
f 2905 2908 2907
f 2907 2909 2905
f 2906 2912 2908
f 2910 2906 2909
f 2910 2912 2906
f 2908 2912 2907
f 2911 2909 2907
f 2907 2912 2911
f 2911 2910 2909
f 2912 2910 2911
f 2914 2916 2913
f 2917 2914 2913
f 2913 2916 2915
f 2915 2917 2913
f 2914 2920 2916
f 2918 2914 2917
f 2918 2920 2914
f 2916 2920 2915
f 2919 2917 2915
f 2915 2920 2919
f 2919 2918 2917
f 2920 2918 2919
f 2922 2924 2921
f 2925 2922 2921
f 2921 2924 2923
f 2923 2925 2921
f 2922 2928 2924
f 2926 2922 2925
f 2926 2928 2922
f 2924 2928 2923
f 2927 2925 2923
f 2923 2928 2927
f 2927 2926 2925
f 2928 2926 2927
f 2930 2932 2929
f 2933 2930 2929
f 2929 2932 2931
f 2931 2933 2929
f 2930 2936 2932
f 2934 2930 2933
f 2934 2936 2930
f 2932 2936 2931
f 2935 2933 2931
f 2931 2936 2935
f 2935 2934 2933
f 2936 2934 2935
f 2938 2940 2937
f 2941 2938 2937
f 2937 2940 2939
f 2939 2941 2937
f 2938 2944 2940
f 2942 2938 2941
f 2942 2944 2938
f 2940 2944 2939
f 2943 2941 2939
f 2939 2944 2943
f 2943 2942 2941
f 2944 2942 2943
f 2946 2948 2945
f 2949 2946 2945
f 2945 2948 2947
f 2947 2949 2945
f 2946 2952 2948
f 2950 2946 2949
f 2950 2952 2946
f 2948 2952 2947
f 2951 2949 2947
f 2947 2952 2951
f 2951 2950 2949
f 2952 2950 2951
f 2954 2956 2953
f 2957 2954 2953
f 2953 2956 2955
f 2955 2957 2953
f 2954 2960 2956
f 2958 2954 2957
f 2958 2960 2954
f 2956 2960 2955
f 2959 2957 2955
f 2955 2960 2959
f 2959 2958 2957
f 2960 2958 2959
f 2962 2964 2961
f 2965 2962 2961
f 2961 2964 2963
f 2963 2965 2961
f 2962 2968 2964
f 2966 2962 2965
f 2966 2968 2962
f 2964 2968 2963
f 2967 2965 2963
f 2963 2968 2967
f 2967 2966 2965
f 2968 2966 2967
f 2970 2972 2969
f 2973 2970 2969
f 2969 2972 2971
f 2971 2973 2969
f 2970 2976 2972
f 2974 2970 2973
f 2974 2976 2970
f 2972 2976 2971
f 2975 2973 2971
f 2971 2976 2975
f 2975 2974 2973
f 2976 2974 2975
f 2978 2980 2977
f 2981 2978 2977
f 2977 2980 2979
f 2979 2981 2977
f 2978 2984 2980
f 2982 2978 2981
f 2982 2984 2978
f 2980 2984 2979
f 2983 2981 2979
f 2979 2984 2983
f 2983 2982 2981
f 2984 2982 2983
f 2986 2988 2985
f 2989 2986 2985
f 2985 2988 2987
f 2987 2989 2985
f 2986 2992 2988
f 2990 2986 2989
f 2990 2992 2986
f 2988 2992 2987
f 2991 2989 2987
f 2987 2992 2991
f 2991 2990 2989
f 2992 2990 2991
f 2994 2996 2993
f 2997 2994 2993
f 2993 2996 2995
f 2995 2997 2993
f 2994 3000 2996
f 2998 2994 2997
f 2998 3000 2994
f 2996 3000 2995
f 2999 2997 2995
f 2995 3000 2999
f 2999 2998 2997
f 3000 2998 2999
f 3002 3004 3001
f 3005 3002 3001
f 3001 3004 3003
f 3003 3005 3001
f 3002 3008 3004
f 3006 3002 3005
f 3006 3008 3002
f 3004 3008 3003
f 3007 3005 3003
f 3003 3008 3007
f 3007 3006 3005
f 3008 3006 3007
f 3010 3012 3009
f 3013 3010 3009
f 3009 3012 3011
f 3011 3013 3009
f 3010 3016 3012
f 3014 3010 3013
f 3014 3016 3010
f 3012 3016 3011
f 3015 3013 3011
f 3011 3016 3015
f 3015 3014 3013
f 3016 3014 3015
f 3018 3020 3017
f 3021 3018 3017
f 3017 3020 3019
f 3019 3021 3017
f 3018 3024 3020
f 3022 3018 3021
f 3022 3024 3018
f 3020 3024 3019
f 3023 3021 3019
f 3019 3024 3023
f 3023 3022 3021
f 3024 3022 3023
f 3026 3028 3025
f 3029 3026 3025
f 3025 3028 3027
f 3027 3029 3025
f 3026 3032 3028
f 3030 3026 3029
f 3030 3032 3026
f 3028 3032 3027
f 3031 3029 3027
f 3027 3032 3031
f 3031 3030 3029
f 3032 3030 3031
f 3034 3036 3033
f 3037 3034 3033
f 3033 3036 3035
f 3035 3037 3033
f 3034 3040 3036
f 3038 3034 3037
f 3038 3040 3034
f 3036 3040 3035
f 3039 3037 3035
f 3035 3040 3039
f 3039 3038 3037
f 3040 3038 3039
f 3042 3044 3041
f 3045 3042 3041
f 3041 3044 3043
f 3043 3045 3041
f 3042 3048 3044
f 3046 3042 3045
f 3046 3048 3042
f 3044 3048 3043
f 3047 3045 3043
f 3043 3048 3047
f 3047 3046 3045
f 3048 3046 3047
f 3050 3052 3049
f 3053 3050 3049
f 3049 3052 3051
f 3051 3053 3049
f 3050 3056 3052
f 3054 3050 3053
f 3054 3056 3050
f 3052 3056 3051
f 3055 3053 3051
f 3051 3056 3055
f 3055 3054 3053
f 3056 3054 3055
f 3058 3060 3057
f 3061 3058 3057
f 3057 3060 3059
f 3059 3061 3057
f 3058 3064 3060
f 3062 3058 3061
f 3062 3064 3058
f 3060 3064 3059
f 3063 3061 3059
f 3059 3064 3063
f 3063 3062 3061
f 3064 3062 3063
f 3066 3068 3065
f 3069 3066 3065
f 3065 3068 3067
f 3067 3069 3065
f 3066 3072 3068
f 3070 3066 3069
f 3070 3072 3066
f 3068 3072 3067
f 3071 3069 3067
f 3067 3072 3071
f 3071 3070 3069
f 3072 3070 3071
f 3074 3076 3073
f 3077 3074 3073
f 3073 3076 3075
f 3075 3077 3073
f 3074 3080 3076
f 3078 3074 3077
f 3078 3080 3074
f 3076 3080 3075
f 3079 3077 3075
f 3075 3080 3079
f 3079 3078 3077
f 3080 3078 3079
f 3082 3084 3081
f 3085 3082 3081
f 3081 3084 3083
f 3083 3085 3081
f 3082 3088 3084
f 3086 3082 3085
f 3086 3088 3082
f 3084 3088 3083
f 3087 3085 3083
f 3083 3088 3087
f 3087 3086 3085
f 3088 3086 3087
f 3090 3092 3089
f 3093 3090 3089
f 3089 3092 3091
f 3091 3093 3089
f 3090 3096 3092
f 3094 3090 3093
f 3094 3096 3090
f 3092 3096 3091
f 3095 3093 3091
f 3091 3096 3095
f 3095 3094 3093
f 3096 3094 3095
f 3098 3100 3097
f 3101 3098 3097
f 3097 3100 3099
f 3099 3101 3097
f 3098 3104 3100
f 3102 3098 3101
f 3102 3104 3098
f 3100 3104 3099
f 3103 3101 3099
f 3099 3104 3103
f 3103 3102 3101
f 3104 3102 3103
f 3106 3108 3105
f 3109 3106 3105
f 3105 3108 3107
f 3107 3109 3105
f 3106 3112 3108
f 3110 3106 3109
f 3110 3112 3106
f 3108 3112 3107
f 3111 3109 3107
f 3107 3112 3111
f 3111 3110 3109
f 3112 3110 3111
f 3114 3116 3113
f 3117 3114 3113
f 3113 3116 3115
f 3115 3117 3113
f 3114 3120 3116
f 3118 3114 3117
f 3118 3120 3114
f 3116 3120 3115
f 3119 3117 3115
f 3115 3120 3119
f 3119 3118 3117
f 3120 3118 3119
f 3122 3124 3121
f 3125 3122 3121
f 3121 3124 3123
f 3123 3125 3121
f 3122 3128 3124
f 3126 3122 3125
f 3126 3128 3122
f 3124 3128 3123
f 3127 3125 3123
f 3123 3128 3127
f 3127 3126 3125
f 3128 3126 3127
f 3130 3132 3129
f 3133 3130 3129
f 3129 3132 3131
f 3131 3133 3129
f 3130 3136 3132
f 3134 3130 3133
f 3134 3136 3130
f 3132 3136 3131
f 3135 3133 3131
f 3131 3136 3135
f 3135 3134 3133
f 3136 3134 3135
f 3138 3140 3137
f 3141 3138 3137
f 3137 3140 3139
f 3139 3141 3137
f 3138 3144 3140
f 3142 3138 3141
f 3142 3144 3138
f 3140 3144 3139
f 3143 3141 3139
f 3139 3144 3143
f 3143 3142 3141
f 3144 3142 3143
f 3146 3148 3145
f 3149 3146 3145
f 3145 3148 3147
f 3147 3149 3145
f 3146 3152 3148
f 3150 3146 3149
f 3150 3152 3146
f 3148 3152 3147
f 3151 3149 3147
f 3147 3152 3151
f 3151 3150 3149
f 3152 3150 3151
f 3154 3156 3153
f 3157 3154 3153
f 3153 3156 3155
f 3155 3157 3153
f 3154 3160 3156
f 3158 3154 3157
f 3158 3160 3154
f 3156 3160 3155
f 3159 3157 3155
f 3155 3160 3159
f 3159 3158 3157
f 3160 3158 3159
f 3162 3164 3161
f 3165 3162 3161
f 3161 3164 3163
f 3163 3165 3161
f 3162 3168 3164
f 3166 3162 3165
f 3166 3168 3162
f 3164 3168 3163
f 3167 3165 3163
f 3163 3168 3167
f 3167 3166 3165
f 3168 3166 3167
f 3170 3172 3169
f 3173 3170 3169
f 3169 3172 3171
f 3171 3173 3169
f 3170 3176 3172
f 3174 3170 3173
f 3174 3176 3170
f 3172 3176 3171
f 3175 3173 3171
f 3171 3176 3175
f 3175 3174 3173
f 3176 3174 3175
f 3178 3180 3177
f 3181 3178 3177
f 3177 3180 3179
f 3179 3181 3177
f 3178 3184 3180
f 3182 3178 3181
f 3182 3184 3178
f 3180 3184 3179
f 3183 3181 3179
f 3179 3184 3183
f 3183 3182 3181
f 3184 3182 3183
f 3186 3188 3185
f 3189 3186 3185
f 3185 3188 3187
f 3187 3189 3185
f 3186 3192 3188
f 3190 3186 3189
f 3190 3192 3186
f 3188 3192 3187
f 3191 3189 3187
f 3187 3192 3191
f 3191 3190 3189
f 3192 3190 3191
f 3194 3196 3193
f 3197 3194 3193
f 3193 3196 3195
f 3195 3197 3193
f 3194 3200 3196
f 3198 3194 3197
f 3198 3200 3194
f 3196 3200 3195
f 3199 3197 3195
f 3195 3200 3199
f 3199 3198 3197
f 3200 3198 3199
f 3202 3204 3201
f 3205 3202 3201
f 3201 3204 3203
f 3203 3205 3201
f 3202 3208 3204
f 3206 3202 3205
f 3206 3208 3202
f 3204 3208 3203
f 3207 3205 3203
f 3203 3208 3207
f 3207 3206 3205
f 3208 3206 3207
f 3210 3212 3209
f 3213 3210 3209
f 3209 3212 3211
f 3211 3213 3209
f 3210 3216 3212
f 3214 3210 3213
f 3214 3216 3210
f 3212 3216 3211
f 3215 3213 3211
f 3211 3216 3215
f 3215 3214 3213
f 3216 3214 3215
f 3218 3220 3217
f 3221 3218 3217
f 3217 3220 3219
f 3219 3221 3217
f 3218 3224 3220
f 3222 3218 3221
f 3222 3224 3218
f 3220 3224 3219
f 3223 3221 3219
f 3219 3224 3223
f 3223 3222 3221
f 3224 3222 3223
f 3226 3228 3225
f 3229 3226 3225
f 3225 3228 3227
f 3227 3229 3225
f 3226 3232 3228
f 3230 3226 3229
f 3230 3232 3226
f 3228 3232 3227
f 3231 3229 3227
f 3227 3232 3231
f 3231 3230 3229
f 3232 3230 3231
f 3234 3236 3233
f 3237 3234 3233
f 3233 3236 3235
f 3235 3237 3233
f 3234 3240 3236
f 3238 3234 3237
f 3238 3240 3234
f 3236 3240 3235
f 3239 3237 3235
f 3235 3240 3239
f 3239 3238 3237
f 3240 3238 3239
f 3242 3244 3241
f 3245 3242 3241
f 3241 3244 3243
f 3243 3245 3241
f 3242 3248 3244
f 3246 3242 3245
f 3246 3248 3242
f 3244 3248 3243
f 3247 3245 3243
f 3243 3248 3247
f 3247 3246 3245
f 3248 3246 3247
f 3250 3252 3249
f 3253 3250 3249
f 3249 3252 3251
f 3251 3253 3249
f 3250 3256 3252
f 3254 3250 3253
f 3254 3256 3250
f 3252 3256 3251
f 3255 3253 3251
f 3251 3256 3255
f 3255 3254 3253
f 3256 3254 3255
f 3258 3260 3257
f 3261 3258 3257
f 3257 3260 3259
f 3259 3261 3257
f 3258 3264 3260
f 3262 3258 3261
f 3262 3264 3258
f 3260 3264 3259
f 3263 3261 3259
f 3259 3264 3263
f 3263 3262 3261
f 3264 3262 3263
f 3266 3268 3265
f 3269 3266 3265
f 3265 3268 3267
f 3267 3269 3265
f 3266 3272 3268
f 3270 3266 3269
f 3270 3272 3266
f 3268 3272 3267
f 3271 3269 3267
f 3267 3272 3271
f 3271 3270 3269
f 3272 3270 3271
f 3274 3276 3273
f 3277 3274 3273
f 3273 3276 3275
f 3275 3277 3273
f 3274 3280 3276
f 3278 3274 3277
f 3278 3280 3274
f 3276 3280 3275
f 3279 3277 3275
f 3275 3280 3279
f 3279 3278 3277
f 3280 3278 3279
f 3282 3284 3281
f 3285 3282 3281
f 3281 3284 3283
f 3283 3285 3281
f 3282 3288 3284
f 3286 3282 3285
f 3286 3288 3282
f 3284 3288 3283
f 3287 3285 3283
f 3283 3288 3287
f 3287 3286 3285
f 3288 3286 3287
f 3290 3292 3289
f 3293 3290 3289
f 3289 3292 3291
f 3291 3293 3289
f 3290 3296 3292
f 3294 3290 3293
f 3294 3296 3290
f 3292 3296 3291
f 3295 3293 3291
f 3291 3296 3295
f 3295 3294 3293
f 3296 3294 3295
f 3298 3300 3297
f 3301 3298 3297
f 3297 3300 3299
f 3299 3301 3297
f 3298 3304 3300
f 3302 3298 3301
f 3302 3304 3298
f 3300 3304 3299
f 3303 3301 3299
f 3299 3304 3303
f 3303 3302 3301
f 3304 3302 3303
f 3306 3308 3305
f 3309 3306 3305
f 3305 3308 3307
f 3307 3309 3305
f 3306 3312 3308
f 3310 3306 3309
f 3310 3312 3306
f 3308 3312 3307
f 3311 3309 3307
f 3307 3312 3311
f 3311 3310 3309
f 3312 3310 3311
f 3314 3316 3313
f 3317 3314 3313
f 3313 3316 3315
f 3315 3317 3313
f 3314 3320 3316
f 3318 3314 3317
f 3318 3320 3314
f 3316 3320 3315
f 3319 3317 3315
f 3315 3320 3319
f 3319 3318 3317
f 3320 3318 3319
f 3322 3324 3321
f 3325 3322 3321
f 3321 3324 3323
f 3323 3325 3321
f 3322 3328 3324
f 3326 3322 3325
f 3326 3328 3322
f 3324 3328 3323
f 3327 3325 3323
f 3323 3328 3327
f 3327 3326 3325
f 3328 3326 3327
f 3330 3332 3329
f 3333 3330 3329
f 3329 3332 3331
f 3331 3333 3329
f 3330 3336 3332
f 3334 3330 3333
f 3334 3336 3330
f 3332 3336 3331
f 3335 3333 3331
f 3331 3336 3335
f 3335 3334 3333
f 3336 3334 3335
f 3338 3340 3337
f 3341 3338 3337
f 3337 3340 3339
f 3339 3341 3337
f 3338 3344 3340
f 3342 3338 3341
f 3342 3344 3338
f 3340 3344 3339
f 3343 3341 3339
f 3339 3344 3343
f 3343 3342 3341
f 3344 3342 3343
f 3346 3348 3345
f 3349 3346 3345
f 3345 3348 3347
f 3347 3349 3345
f 3346 3352 3348
f 3350 3346 3349
f 3350 3352 3346
f 3348 3352 3347
f 3351 3349 3347
f 3347 3352 3351
f 3351 3350 3349
f 3352 3350 3351
f 3354 3356 3353
f 3357 3354 3353
f 3353 3356 3355
f 3355 3357 3353
f 3354 3360 3356
f 3358 3354 3357
f 3358 3360 3354
f 3356 3360 3355
f 3359 3357 3355
f 3355 3360 3359
f 3359 3358 3357
f 3360 3358 3359
f 3362 3364 3361
f 3365 3362 3361
f 3361 3364 3363
f 3363 3365 3361
f 3362 3368 3364
f 3366 3362 3365
f 3366 3368 3362
f 3364 3368 3363
f 3367 3365 3363
f 3363 3368 3367
f 3367 3366 3365
f 3368 3366 3367
f 3370 3372 3369
f 3373 3370 3369
f 3369 3372 3371
f 3371 3373 3369
f 3370 3376 3372
f 3374 3370 3373
f 3374 3376 3370
f 3372 3376 3371
f 3375 3373 3371
f 3371 3376 3375
f 3375 3374 3373
f 3376 3374 3375
f 3378 3380 3377
f 3381 3378 3377
f 3377 3380 3379
f 3379 3381 3377
f 3378 3384 3380
f 3382 3378 3381
f 3382 3384 3378
f 3380 3384 3379
f 3383 3381 3379
f 3379 3384 3383
f 3383 3382 3381
f 3384 3382 3383
f 3386 3388 3385
f 3389 3386 3385
f 3385 3388 3387
f 3387 3389 3385
f 3386 3392 3388
f 3390 3386 3389
f 3390 3392 3386
f 3388 3392 3387
f 3391 3389 3387
f 3387 3392 3391
f 3391 3390 3389
f 3392 3390 3391
f 3394 3396 3393
f 3397 3394 3393
f 3393 3396 3395
f 3395 3397 3393
f 3394 3400 3396
f 3398 3394 3397
f 3398 3400 3394
f 3396 3400 3395
f 3399 3397 3395
f 3395 3400 3399
f 3399 3398 3397
f 3400 3398 3399
f 3402 3404 3401
f 3405 3402 3401
f 3401 3404 3403
f 3403 3405 3401
f 3402 3408 3404
f 3406 3402 3405
f 3406 3408 3402
f 3404 3408 3403
f 3407 3405 3403
f 3403 3408 3407
f 3407 3406 3405
f 3408 3406 3407
f 3410 3412 3409
f 3413 3410 3409
f 3409 3412 3411
f 3411 3413 3409
f 3410 3416 3412
f 3414 3410 3413
f 3414 3416 3410
f 3412 3416 3411
f 3415 3413 3411
f 3411 3416 3415
f 3415 3414 3413
f 3416 3414 3415
f 3418 3420 3417
f 3421 3418 3417
f 3417 3420 3419
f 3419 3421 3417
f 3418 3424 3420
f 3422 3418 3421
f 3422 3424 3418
f 3420 3424 3419
f 3423 3421 3419
f 3419 3424 3423
f 3423 3422 3421
f 3424 3422 3423
f 3426 3428 3425
f 3429 3426 3425
f 3425 3428 3427
f 3427 3429 3425
f 3426 3432 3428
f 3430 3426 3429
f 3430 3432 3426
f 3428 3432 3427
f 3431 3429 3427
f 3427 3432 3431
f 3431 3430 3429
f 3432 3430 3431
f 3434 3436 3433
f 3437 3434 3433
f 3433 3436 3435
f 3435 3437 3433
f 3434 3440 3436
f 3438 3434 3437
f 3438 3440 3434
f 3436 3440 3435
f 3439 3437 3435
f 3435 3440 3439
f 3439 3438 3437
f 3440 3438 3439
f 3442 3444 3441
f 3445 3442 3441
f 3441 3444 3443
f 3443 3445 3441
f 3442 3448 3444
f 3446 3442 3445
f 3446 3448 3442
f 3444 3448 3443
f 3447 3445 3443
f 3443 3448 3447
f 3447 3446 3445
f 3448 3446 3447
f 3450 3452 3449
f 3453 3450 3449
f 3449 3452 3451
f 3451 3453 3449
f 3450 3456 3452
f 3454 3450 3453
f 3454 3456 3450
f 3452 3456 3451
f 3455 3453 3451
f 3451 3456 3455
f 3455 3454 3453
f 3456 3454 3455
f 3458 3460 3457
f 3461 3458 3457
f 3457 3460 3459
f 3459 3461 3457
f 3458 3464 3460
f 3462 3458 3461
f 3462 3464 3458
f 3460 3464 3459
f 3463 3461 3459
f 3459 3464 3463
f 3463 3462 3461
f 3464 3462 3463
f 3466 3468 3465
f 3469 3466 3465
f 3465 3468 3467
f 3467 3469 3465
f 3466 3472 3468
f 3470 3466 3469
f 3470 3472 3466
f 3468 3472 3467
f 3471 3469 3467
f 3467 3472 3471
f 3471 3470 3469
f 3472 3470 3471
f 3474 3476 3473
f 3477 3474 3473
f 3473 3476 3475
f 3475 3477 3473
f 3474 3480 3476
f 3478 3474 3477
f 3478 3480 3474
f 3476 3480 3475
f 3479 3477 3475
f 3475 3480 3479
f 3479 3478 3477
f 3480 3478 3479
f 3482 3484 3481
f 3485 3482 3481
f 3481 3484 3483
f 3483 3485 3481
f 3482 3488 3484
f 3486 3482 3485
f 3486 3488 3482
f 3484 3488 3483
f 3487 3485 3483
f 3483 3488 3487
f 3487 3486 3485
f 3488 3486 3487
f 3490 3492 3489
f 3493 3490 3489
f 3489 3492 3491
f 3491 3493 3489
f 3490 3496 3492
f 3494 3490 3493
f 3494 3496 3490
f 3492 3496 3491
f 3495 3493 3491
f 3491 3496 3495
f 3495 3494 3493
f 3496 3494 3495
f 3498 3500 3497
f 3501 3498 3497
f 3497 3500 3499
f 3499 3501 3497
f 3498 3504 3500
f 3502 3498 3501
f 3502 3504 3498
f 3500 3504 3499
f 3503 3501 3499
f 3499 3504 3503
f 3503 3502 3501
f 3504 3502 3503
f 3506 3508 3505
f 3509 3506 3505
f 3505 3508 3507
f 3507 3509 3505
f 3506 3512 3508
f 3510 3506 3509
f 3510 3512 3506
f 3508 3512 3507
f 3511 3509 3507
f 3507 3512 3511
f 3511 3510 3509
f 3512 3510 3511
f 3514 3516 3513
f 3517 3514 3513
f 3513 3516 3515
f 3515 3517 3513
f 3514 3520 3516
f 3518 3514 3517
f 3518 3520 3514
f 3516 3520 3515
f 3519 3517 3515
f 3515 3520 3519
f 3519 3518 3517
f 3520 3518 3519
f 3522 3524 3521
f 3525 3522 3521
f 3521 3524 3523
f 3523 3525 3521
f 3522 3528 3524
f 3526 3522 3525
f 3526 3528 3522
f 3524 3528 3523
f 3527 3525 3523
f 3523 3528 3527
f 3527 3526 3525
f 3528 3526 3527
f 3530 3532 3529
f 3533 3530 3529
f 3529 3532 3531
f 3531 3533 3529
f 3530 3536 3532
f 3534 3530 3533
f 3534 3536 3530
f 3532 3536 3531
f 3535 3533 3531
f 3531 3536 3535
f 3535 3534 3533
f 3536 3534 3535
f 3538 3540 3537
f 3541 3538 3537
f 3537 3540 3539
f 3539 3541 3537
f 3538 3544 3540
f 3542 3538 3541
f 3542 3544 3538
f 3540 3544 3539
f 3543 3541 3539
f 3539 3544 3543
f 3543 3542 3541
f 3544 3542 3543
f 3546 3548 3545
f 3549 3546 3545
f 3545 3548 3547
f 3547 3549 3545
f 3546 3552 3548
f 3550 3546 3549
f 3550 3552 3546
f 3548 3552 3547
f 3551 3549 3547
f 3547 3552 3551
f 3551 3550 3549
f 3552 3550 3551
f 3554 3556 3553
f 3557 3554 3553
f 3553 3556 3555
f 3555 3557 3553
f 3554 3560 3556
f 3558 3554 3557
f 3558 3560 3554
f 3556 3560 3555
f 3559 3557 3555
f 3555 3560 3559
f 3559 3558 3557
f 3560 3558 3559
f 3562 3564 3561
f 3565 3562 3561
f 3561 3564 3563
f 3563 3565 3561
f 3562 3568 3564
f 3566 3562 3565
f 3566 3568 3562
f 3564 3568 3563
f 3567 3565 3563
f 3563 3568 3567
f 3567 3566 3565
f 3568 3566 3567
f 3570 3572 3569
f 3573 3570 3569
f 3569 3572 3571
f 3571 3573 3569
f 3570 3576 3572
f 3574 3570 3573
f 3574 3576 3570
f 3572 3576 3571
f 3575 3573 3571
f 3571 3576 3575
f 3575 3574 3573
f 3576 3574 3575
f 3578 3580 3577
f 3581 3578 3577
f 3577 3580 3579
f 3579 3581 3577
f 3578 3584 3580
f 3582 3578 3581
f 3582 3584 3578
f 3580 3584 3579
f 3583 3581 3579
f 3579 3584 3583
f 3583 3582 3581
f 3584 3582 3583
f 3586 3588 3585
f 3589 3586 3585
f 3585 3588 3587
f 3587 3589 3585
f 3586 3592 3588
f 3590 3586 3589
f 3590 3592 3586
f 3588 3592 3587
f 3591 3589 3587
f 3587 3592 3591
f 3591 3590 3589
f 3592 3590 3591
f 3594 3596 3593
f 3597 3594 3593
f 3593 3596 3595
f 3595 3597 3593
f 3594 3600 3596
f 3598 3594 3597
f 3598 3600 3594
f 3596 3600 3595
f 3599 3597 3595
f 3595 3600 3599
f 3599 3598 3597
f 3600 3598 3599
f 3602 3604 3601
f 3605 3602 3601
f 3601 3604 3603
f 3603 3605 3601
f 3602 3608 3604
f 3606 3602 3605
f 3606 3608 3602
f 3604 3608 3603
f 3607 3605 3603
f 3603 3608 3607
f 3607 3606 3605
f 3608 3606 3607
f 3610 3612 3609
f 3613 3610 3609
f 3609 3612 3611
f 3611 3613 3609
f 3610 3616 3612
f 3614 3610 3613
f 3614 3616 3610
f 3612 3616 3611
f 3615 3613 3611
f 3611 3616 3615
f 3615 3614 3613
f 3616 3614 3615
f 3618 3620 3617
f 3621 3618 3617
f 3617 3620 3619
f 3619 3621 3617
f 3618 3624 3620
f 3622 3618 3621
f 3622 3624 3618
f 3620 3624 3619
f 3623 3621 3619
f 3619 3624 3623
f 3623 3622 3621
f 3624 3622 3623
f 3626 3628 3625
f 3629 3626 3625
f 3625 3628 3627
f 3627 3629 3625
f 3626 3632 3628
f 3630 3626 3629
f 3630 3632 3626
f 3628 3632 3627
f 3631 3629 3627
f 3627 3632 3631
f 3631 3630 3629
f 3632 3630 3631
f 3634 3636 3633
f 3637 3634 3633
f 3633 3636 3635
f 3635 3637 3633
f 3634 3640 3636
f 3638 3634 3637
f 3638 3640 3634
f 3636 3640 3635
f 3639 3637 3635
f 3635 3640 3639
f 3639 3638 3637
f 3640 3638 3639
f 3642 3644 3641
f 3645 3642 3641
f 3641 3644 3643
f 3643 3645 3641
f 3642 3648 3644
f 3646 3642 3645
f 3646 3648 3642
f 3644 3648 3643
f 3647 3645 3643
f 3643 3648 3647
f 3647 3646 3645
f 3648 3646 3647
f 3650 3652 3649
f 3653 3650 3649
f 3649 3652 3651
f 3651 3653 3649
f 3650 3656 3652
f 3654 3650 3653
f 3654 3656 3650
f 3652 3656 3651
f 3655 3653 3651
f 3651 3656 3655
f 3655 3654 3653
f 3656 3654 3655
f 3658 3660 3657
f 3661 3658 3657
f 3657 3660 3659
f 3659 3661 3657
f 3658 3664 3660
f 3662 3658 3661
f 3662 3664 3658
f 3660 3664 3659
f 3663 3661 3659
f 3659 3664 3663
f 3663 3662 3661
f 3664 3662 3663
f 3666 3668 3665
f 3669 3666 3665
f 3665 3668 3667
f 3667 3669 3665
f 3666 3672 3668
f 3670 3666 3669
f 3670 3672 3666
f 3668 3672 3667
f 3671 3669 3667
f 3667 3672 3671
f 3671 3670 3669
f 3672 3670 3671
f 3674 3676 3673
f 3677 3674 3673
f 3673 3676 3675
f 3675 3677 3673
f 3674 3680 3676
f 3678 3674 3677
f 3678 3680 3674
f 3676 3680 3675
f 3679 3677 3675
f 3675 3680 3679
f 3679 3678 3677
f 3680 3678 3679
f 3682 3684 3681
f 3685 3682 3681
f 3681 3684 3683
f 3683 3685 3681
f 3682 3688 3684
f 3686 3682 3685
f 3686 3688 3682
f 3684 3688 3683
f 3687 3685 3683
f 3683 3688 3687
f 3687 3686 3685
f 3688 3686 3687
f 3690 3692 3689
f 3693 3690 3689
f 3689 3692 3691
f 3691 3693 3689
f 3690 3696 3692
f 3694 3690 3693
f 3694 3696 3690
f 3692 3696 3691
f 3695 3693 3691
f 3691 3696 3695
f 3695 3694 3693
f 3696 3694 3695
f 3698 3700 3697
f 3701 3698 3697
f 3697 3700 3699
f 3699 3701 3697
f 3698 3704 3700
f 3702 3698 3701
f 3702 3704 3698
f 3700 3704 3699
f 3703 3701 3699
f 3699 3704 3703
f 3703 3702 3701
f 3704 3702 3703
f 3706 3708 3705
f 3709 3706 3705
f 3705 3708 3707
f 3707 3709 3705
f 3706 3712 3708
f 3710 3706 3709
f 3710 3712 3706
f 3708 3712 3707
f 3711 3709 3707
f 3707 3712 3711
f 3711 3710 3709
f 3712 3710 3711
f 3714 3716 3713
f 3717 3714 3713
f 3713 3716 3715
f 3715 3717 3713
f 3714 3720 3716
f 3718 3714 3717
f 3718 3720 3714
f 3716 3720 3715
f 3719 3717 3715
f 3715 3720 3719
f 3719 3718 3717
f 3720 3718 3719
f 3722 3724 3721
f 3725 3722 3721
f 3721 3724 3723
f 3723 3725 3721
f 3722 3728 3724
f 3726 3722 3725
f 3726 3728 3722
f 3724 3728 3723
f 3727 3725 3723
f 3723 3728 3727
f 3727 3726 3725
f 3728 3726 3727
f 3730 3732 3729
f 3733 3730 3729
f 3729 3732 3731
f 3731 3733 3729
f 3730 3736 3732
f 3734 3730 3733
f 3734 3736 3730
f 3732 3736 3731
f 3735 3733 3731
f 3731 3736 3735
f 3735 3734 3733
f 3736 3734 3735
f 3738 3740 3737
f 3741 3738 3737
f 3737 3740 3739
f 3739 3741 3737
f 3738 3744 3740
f 3742 3738 3741
f 3742 3744 3738
f 3740 3744 3739
f 3743 3741 3739
f 3739 3744 3743
f 3743 3742 3741
f 3744 3742 3743
f 3746 3748 3745
f 3749 3746 3745
f 3745 3748 3747
f 3747 3749 3745
f 3746 3752 3748
f 3750 3746 3749
f 3750 3752 3746
f 3748 3752 3747
f 3751 3749 3747
f 3747 3752 3751
f 3751 3750 3749
f 3752 3750 3751
f 3754 3756 3753
f 3757 3754 3753
f 3753 3756 3755
f 3755 3757 3753
f 3754 3760 3756
f 3758 3754 3757
f 3758 3760 3754
f 3756 3760 3755
f 3759 3757 3755
f 3755 3760 3759
f 3759 3758 3757
f 3760 3758 3759
f 3762 3764 3761
f 3765 3762 3761
f 3761 3764 3763
f 3763 3765 3761
f 3762 3768 3764
f 3766 3762 3765
f 3766 3768 3762
f 3764 3768 3763
f 3767 3765 3763
f 3763 3768 3767
f 3767 3766 3765
f 3768 3766 3767
f 3770 3772 3769
f 3773 3770 3769
f 3769 3772 3771
f 3771 3773 3769
f 3770 3776 3772
f 3774 3770 3773
f 3774 3776 3770
f 3772 3776 3771
f 3775 3773 3771
f 3771 3776 3775
f 3775 3774 3773
f 3776 3774 3775
f 3778 3780 3777
f 3781 3778 3777
f 3777 3780 3779
f 3779 3781 3777
f 3778 3784 3780
f 3782 3778 3781
f 3782 3784 3778
f 3780 3784 3779
f 3783 3781 3779
f 3779 3784 3783
f 3783 3782 3781
f 3784 3782 3783
f 3786 3788 3785
f 3789 3786 3785
f 3785 3788 3787
f 3787 3789 3785
f 3786 3792 3788
f 3790 3786 3789
f 3790 3792 3786
f 3788 3792 3787
f 3791 3789 3787
f 3787 3792 3791
f 3791 3790 3789
f 3792 3790 3791
f 3794 3796 3793
f 3797 3794 3793
f 3793 3796 3795
f 3795 3797 3793
f 3794 3800 3796
f 3798 3794 3797
f 3798 3800 3794
f 3796 3800 3795
f 3799 3797 3795
f 3795 3800 3799
f 3799 3798 3797
f 3800 3798 3799
f 3802 3804 3801
f 3805 3802 3801
f 3801 3804 3803
f 3803 3805 3801
f 3802 3808 3804
f 3806 3802 3805
f 3806 3808 3802
f 3804 3808 3803
f 3807 3805 3803
f 3803 3808 3807
f 3807 3806 3805
f 3808 3806 3807
f 3810 3812 3809
f 3813 3810 3809
f 3809 3812 3811
f 3811 3813 3809
f 3810 3816 3812
f 3814 3810 3813
f 3814 3816 3810
f 3812 3816 3811
f 3815 3813 3811
f 3811 3816 3815
f 3815 3814 3813
f 3816 3814 3815
f 3818 3820 3817
f 3821 3818 3817
f 3817 3820 3819
f 3819 3821 3817
f 3818 3824 3820
f 3822 3818 3821
f 3822 3824 3818
f 3820 3824 3819
f 3823 3821 3819
f 3819 3824 3823
f 3823 3822 3821
f 3824 3822 3823
f 3826 3828 3825
f 3829 3826 3825
f 3825 3828 3827
f 3827 3829 3825
f 3826 3832 3828
f 3830 3826 3829
f 3830 3832 3826
f 3828 3832 3827
f 3831 3829 3827
f 3827 3832 3831
f 3831 3830 3829
f 3832 3830 3831
f 3834 3836 3833
f 3837 3834 3833
f 3833 3836 3835
f 3835 3837 3833
f 3834 3840 3836
f 3838 3834 3837
f 3838 3840 3834
f 3836 3840 3835
f 3839 3837 3835
f 3835 3840 3839
f 3839 3838 3837
f 3840 3838 3839
f 3842 3844 3841
f 3845 3842 3841
f 3841 3844 3843
f 3843 3845 3841
f 3842 3848 3844
f 3846 3842 3845
f 3846 3848 3842
f 3844 3848 3843
f 3847 3845 3843
f 3843 3848 3847
f 3847 3846 3845
f 3848 3846 3847
f 3850 3852 3849
f 3853 3850 3849
f 3849 3852 3851
f 3851 3853 3849
f 3850 3856 3852
f 3854 3850 3853
f 3854 3856 3850
f 3852 3856 3851
f 3855 3853 3851
f 3851 3856 3855
f 3855 3854 3853
f 3856 3854 3855
f 3858 3860 3857
f 3861 3858 3857
f 3857 3860 3859
f 3859 3861 3857
f 3858 3864 3860
f 3862 3858 3861
f 3862 3864 3858
f 3860 3864 3859
f 3863 3861 3859
f 3859 3864 3863
f 3863 3862 3861
f 3864 3862 3863
f 3866 3868 3865
f 3869 3866 3865
f 3865 3868 3867
f 3867 3869 3865
f 3866 3872 3868
f 3870 3866 3869
f 3870 3872 3866
f 3868 3872 3867
f 3871 3869 3867
f 3867 3872 3871
f 3871 3870 3869
f 3872 3870 3871
f 3874 3876 3873
f 3877 3874 3873
f 3873 3876 3875
f 3875 3877 3873
f 3874 3880 3876
f 3878 3874 3877
f 3878 3880 3874
f 3876 3880 3875
f 3879 3877 3875
f 3875 3880 3879
f 3879 3878 3877
f 3880 3878 3879
f 3882 3884 3881
f 3885 3882 3881
f 3881 3884 3883
f 3883 3885 3881
f 3882 3888 3884
f 3886 3882 3885
f 3886 3888 3882
f 3884 3888 3883
f 3887 3885 3883
f 3883 3888 3887
f 3887 3886 3885
f 3888 3886 3887
f 3890 3892 3889
f 3893 3890 3889
f 3889 3892 3891
f 3891 3893 3889
f 3890 3896 3892
f 3894 3890 3893
f 3894 3896 3890
f 3892 3896 3891
f 3895 3893 3891
f 3891 3896 3895
f 3895 3894 3893
f 3896 3894 3895
f 3898 3900 3897
f 3901 3898 3897
f 3897 3900 3899
f 3899 3901 3897
f 3898 3904 3900
f 3902 3898 3901
f 3902 3904 3898
f 3900 3904 3899
f 3903 3901 3899
f 3899 3904 3903
f 3903 3902 3901
f 3904 3902 3903
f 3906 3908 3905
f 3909 3906 3905
f 3905 3908 3907
f 3907 3909 3905
f 3906 3912 3908
f 3910 3906 3909
f 3910 3912 3906
f 3908 3912 3907
f 3911 3909 3907
f 3907 3912 3911
f 3911 3910 3909
f 3912 3910 3911
f 3914 3916 3913
f 3917 3914 3913
f 3913 3916 3915
f 3915 3917 3913
f 3914 3920 3916
f 3918 3914 3917
f 3918 3920 3914
f 3916 3920 3915
f 3919 3917 3915
f 3915 3920 3919
f 3919 3918 3917
f 3920 3918 3919
f 3922 3924 3921
f 3925 3922 3921
f 3921 3924 3923
f 3923 3925 3921
f 3922 3928 3924
f 3926 3922 3925
f 3926 3928 3922
f 3924 3928 3923
f 3927 3925 3923
f 3923 3928 3927
f 3927 3926 3925
f 3928 3926 3927
f 3930 3932 3929
f 3933 3930 3929
f 3929 3932 3931
f 3931 3933 3929
f 3930 3936 3932
f 3934 3930 3933
f 3934 3936 3930
f 3932 3936 3931
f 3935 3933 3931
f 3931 3936 3935
f 3935 3934 3933
f 3936 3934 3935
f 3938 3940 3937
f 3941 3938 3937
f 3937 3940 3939
f 3939 3941 3937
f 3938 3944 3940
f 3942 3938 3941
f 3942 3944 3938
f 3940 3944 3939
f 3943 3941 3939
f 3939 3944 3943
f 3943 3942 3941
f 3944 3942 3943
f 3946 3948 3945
f 3949 3946 3945
f 3945 3948 3947
f 3947 3949 3945
f 3946 3952 3948
f 3950 3946 3949
f 3950 3952 3946
f 3948 3952 3947
f 3951 3949 3947
f 3947 3952 3951
f 3951 3950 3949
f 3952 3950 3951
f 3954 3956 3953
f 3957 3954 3953
f 3953 3956 3955
f 3955 3957 3953
f 3954 3960 3956
f 3958 3954 3957
f 3958 3960 3954
f 3956 3960 3955
f 3959 3957 3955
f 3955 3960 3959
f 3959 3958 3957
f 3960 3958 3959
f 3962 3964 3961
f 3965 3962 3961
f 3961 3964 3963
f 3963 3965 3961
f 3962 3968 3964
f 3966 3962 3965
f 3966 3968 3962
f 3964 3968 3963
f 3967 3965 3963
f 3963 3968 3967
f 3967 3966 3965
f 3968 3966 3967
f 3970 3972 3969
f 3973 3970 3969
f 3969 3972 3971
f 3971 3973 3969
f 3970 3976 3972
f 3974 3970 3973
f 3974 3976 3970
f 3972 3976 3971
f 3975 3973 3971
f 3971 3976 3975
f 3975 3974 3973
f 3976 3974 3975
f 3978 3980 3977
f 3981 3978 3977
f 3977 3980 3979
f 3979 3981 3977
f 3978 3984 3980
f 3982 3978 3981
f 3982 3984 3978
f 3980 3984 3979
f 3983 3981 3979
f 3979 3984 3983
f 3983 3982 3981
f 3984 3982 3983
f 3986 3988 3985
f 3989 3986 3985
f 3985 3988 3987
f 3987 3989 3985
f 3986 3992 3988
f 3990 3986 3989
f 3990 3992 3986
f 3988 3992 3987
f 3991 3989 3987
f 3987 3992 3991
f 3991 3990 3989
f 3992 3990 3991
f 3994 3996 3993
f 3997 3994 3993
f 3993 3996 3995
f 3995 3997 3993
f 3994 4000 3996
f 3998 3994 3997
f 3998 4000 3994
f 3996 4000 3995
f 3999 3997 3995
f 3995 4000 3999
f 3999 3998 3997
f 4000 3998 3999
f 4002 4004 4001
f 4005 4002 4001
f 4001 4004 4003
f 4003 4005 4001
f 4002 4008 4004
f 4006 4002 4005
f 4006 4008 4002
f 4004 4008 4003
f 4007 4005 4003
f 4003 4008 4007
f 4007 4006 4005
f 4008 4006 4007
f 4010 4012 4009
f 4013 4010 4009
f 4009 4012 4011
f 4011 4013 4009
f 4010 4016 4012
f 4014 4010 4013
f 4014 4016 4010
f 4012 4016 4011
f 4015 4013 4011
f 4011 4016 4015
f 4015 4014 4013
f 4016 4014 4015
f 4018 4020 4017
f 4021 4018 4017
f 4017 4020 4019
f 4019 4021 4017
f 4018 4024 4020
f 4022 4018 4021
f 4022 4024 4018
f 4020 4024 4019
f 4023 4021 4019
f 4019 4024 4023
f 4023 4022 4021
f 4024 4022 4023
f 4026 4028 4025
f 4029 4026 4025
f 4025 4028 4027
f 4027 4029 4025
f 4026 4032 4028
f 4030 4026 4029
f 4030 4032 4026
f 4028 4032 4027
f 4031 4029 4027
f 4027 4032 4031
f 4031 4030 4029
f 4032 4030 4031
f 4034 4036 4033
f 4037 4034 4033
f 4033 4036 4035
f 4035 4037 4033
f 4034 4040 4036
f 4038 4034 4037
f 4038 4040 4034
f 4036 4040 4035
f 4039 4037 4035
f 4035 4040 4039
f 4039 4038 4037
f 4040 4038 4039
f 4042 4044 4041
f 4045 4042 4041
f 4041 4044 4043
f 4043 4045 4041
f 4042 4048 4044
f 4046 4042 4045
f 4046 4048 4042
f 4044 4048 4043
f 4047 4045 4043
f 4043 4048 4047
f 4047 4046 4045
f 4048 4046 4047
f 4050 4052 4049
f 4053 4050 4049
f 4049 4052 4051
f 4051 4053 4049
f 4050 4056 4052
f 4054 4050 4053
f 4054 4056 4050
f 4052 4056 4051
f 4055 4053 4051
f 4051 4056 4055
f 4055 4054 4053
f 4056 4054 4055
f 4058 4060 4057
f 4061 4058 4057
f 4057 4060 4059
f 4059 4061 4057
f 4058 4064 4060
f 4062 4058 4061
f 4062 4064 4058
f 4060 4064 4059
f 4063 4061 4059
f 4059 4064 4063
f 4063 4062 4061
f 4064 4062 4063
f 4066 4068 4065
f 4069 4066 4065
f 4065 4068 4067
f 4067 4069 4065
f 4066 4072 4068
f 4070 4066 4069
f 4070 4072 4066
f 4068 4072 4067
f 4071 4069 4067
f 4067 4072 4071
f 4071 4070 4069
f 4072 4070 4071
f 4074 4076 4073
f 4077 4074 4073
f 4073 4076 4075
f 4075 4077 4073
f 4074 4080 4076
f 4078 4074 4077
f 4078 4080 4074
f 4076 4080 4075
f 4079 4077 4075
f 4075 4080 4079
f 4079 4078 4077
f 4080 4078 4079
f 4082 4084 4081
f 4085 4082 4081
f 4081 4084 4083
f 4083 4085 4081
f 4082 4088 4084
f 4086 4082 4085
f 4086 4088 4082
f 4084 4088 4083
f 4087 4085 4083
f 4083 4088 4087
f 4087 4086 4085
f 4088 4086 4087
f 4090 4092 4089
f 4093 4090 4089
f 4089 4092 4091
f 4091 4093 4089
f 4090 4096 4092
f 4094 4090 4093
f 4094 4096 4090
f 4092 4096 4091
f 4095 4093 4091
f 4091 4096 4095
f 4095 4094 4093
f 4096 4094 4095
f 4098 4100 4097
f 4101 4098 4097
f 4097 4100 4099
f 4099 4101 4097
f 4098 4104 4100
f 4102 4098 4101
f 4102 4104 4098
f 4100 4104 4099
f 4103 4101 4099
f 4099 4104 4103
f 4103 4102 4101
f 4104 4102 4103
f 4106 4108 4105
f 4109 4106 4105
f 4105 4108 4107
f 4107 4109 4105
f 4106 4112 4108
f 4110 4106 4109
f 4110 4112 4106
f 4108 4112 4107
f 4111 4109 4107
f 4107 4112 4111
f 4111 4110 4109
f 4112 4110 4111
f 4114 4116 4113
f 4117 4114 4113
f 4113 4116 4115
f 4115 4117 4113
f 4114 4120 4116
f 4118 4114 4117
f 4118 4120 4114
f 4116 4120 4115
f 4119 4117 4115
f 4115 4120 4119
f 4119 4118 4117
f 4120 4118 4119
f 4122 4124 4121
f 4125 4122 4121
f 4121 4124 4123
f 4123 4125 4121
f 4122 4128 4124
f 4126 4122 4125
f 4126 4128 4122
f 4124 4128 4123
f 4127 4125 4123
f 4123 4128 4127
f 4127 4126 4125
f 4128 4126 4127
f 4130 4132 4129
f 4133 4130 4129
f 4129 4132 4131
f 4131 4133 4129
f 4130 4136 4132
f 4134 4130 4133
f 4134 4136 4130
f 4132 4136 4131
f 4135 4133 4131
f 4131 4136 4135
f 4135 4134 4133
f 4136 4134 4135
f 4138 4140 4137
f 4141 4138 4137
f 4137 4140 4139
f 4139 4141 4137
f 4138 4144 4140
f 4142 4138 4141
f 4142 4144 4138
f 4140 4144 4139
f 4143 4141 4139
f 4139 4144 4143
f 4143 4142 4141
f 4144 4142 4143
f 4146 4148 4145
f 4149 4146 4145
f 4145 4148 4147
f 4147 4149 4145
f 4146 4152 4148
f 4150 4146 4149
f 4150 4152 4146
f 4148 4152 4147
f 4151 4149 4147
f 4147 4152 4151
f 4151 4150 4149
f 4152 4150 4151
f 4154 4156 4153
f 4157 4154 4153
f 4153 4156 4155
f 4155 4157 4153
f 4154 4160 4156
f 4158 4154 4157
f 4158 4160 4154
f 4156 4160 4155
f 4159 4157 4155
f 4155 4160 4159
f 4159 4158 4157
f 4160 4158 4159
f 4162 4164 4161
f 4165 4162 4161
f 4161 4164 4163
f 4163 4165 4161
f 4162 4168 4164
f 4166 4162 4165
f 4166 4168 4162
f 4164 4168 4163
f 4167 4165 4163
f 4163 4168 4167
f 4167 4166 4165
f 4168 4166 4167
f 4170 4172 4169
f 4173 4170 4169
f 4169 4172 4171
f 4171 4173 4169
f 4170 4176 4172
f 4174 4170 4173
f 4174 4176 4170
f 4172 4176 4171
f 4175 4173 4171
f 4171 4176 4175
f 4175 4174 4173
f 4176 4174 4175
f 4178 4180 4177
f 4181 4178 4177
f 4177 4180 4179
f 4179 4181 4177
f 4178 4184 4180
f 4182 4178 4181
f 4182 4184 4178
f 4180 4184 4179
f 4183 4181 4179
f 4179 4184 4183
f 4183 4182 4181
f 4184 4182 4183
f 4186 4188 4185
f 4189 4186 4185
f 4185 4188 4187
f 4187 4189 4185
f 4186 4192 4188
f 4190 4186 4189
f 4190 4192 4186
f 4188 4192 4187
f 4191 4189 4187
f 4187 4192 4191
f 4191 4190 4189
f 4192 4190 4191
f 4194 4196 4193
f 4197 4194 4193
f 4193 4196 4195
f 4195 4197 4193
f 4194 4200 4196
f 4198 4194 4197
f 4198 4200 4194
f 4196 4200 4195
f 4199 4197 4195
f 4195 4200 4199
f 4199 4198 4197
f 4200 4198 4199
f 4202 4204 4201
f 4205 4202 4201
f 4201 4204 4203
f 4203 4205 4201
f 4202 4208 4204
f 4206 4202 4205
f 4206 4208 4202
f 4204 4208 4203
f 4207 4205 4203
f 4203 4208 4207
f 4207 4206 4205
f 4208 4206 4207
f 4210 4212 4209
f 4213 4210 4209
f 4209 4212 4211
f 4211 4213 4209
f 4210 4216 4212
f 4214 4210 4213
f 4214 4216 4210
f 4212 4216 4211
f 4215 4213 4211
f 4211 4216 4215
f 4215 4214 4213
f 4216 4214 4215
f 4218 4220 4217
f 4221 4218 4217
f 4217 4220 4219
f 4219 4221 4217
f 4218 4224 4220
f 4222 4218 4221
f 4222 4224 4218
f 4220 4224 4219
f 4223 4221 4219
f 4219 4224 4223
f 4223 4222 4221
f 4224 4222 4223
f 4226 4228 4225
f 4229 4226 4225
f 4225 4228 4227
f 4227 4229 4225
f 4226 4232 4228
f 4230 4226 4229
f 4230 4232 4226
f 4228 4232 4227
f 4231 4229 4227
f 4227 4232 4231
f 4231 4230 4229
f 4232 4230 4231
f 4234 4236 4233
f 4237 4234 4233
f 4233 4236 4235
f 4235 4237 4233
f 4234 4240 4236
f 4238 4234 4237
f 4238 4240 4234
f 4236 4240 4235
f 4239 4237 4235
f 4235 4240 4239
f 4239 4238 4237
f 4240 4238 4239
f 4242 4244 4241
f 4245 4242 4241
f 4241 4244 4243
f 4243 4245 4241
f 4242 4248 4244
f 4246 4242 4245
f 4246 4248 4242
f 4244 4248 4243
f 4247 4245 4243
f 4243 4248 4247
f 4247 4246 4245
f 4248 4246 4247
f 4250 4252 4249
f 4253 4250 4249
f 4249 4252 4251
f 4251 4253 4249
f 4250 4256 4252
f 4254 4250 4253
f 4254 4256 4250
f 4252 4256 4251
f 4255 4253 4251
f 4251 4256 4255
f 4255 4254 4253
f 4256 4254 4255
f 4258 4260 4257
f 4261 4258 4257
f 4257 4260 4259
f 4259 4261 4257
f 4258 4264 4260
f 4262 4258 4261
f 4262 4264 4258
f 4260 4264 4259
f 4263 4261 4259
f 4259 4264 4263
f 4263 4262 4261
f 4264 4262 4263
f 4266 4268 4265
f 4269 4266 4265
f 4265 4268 4267
f 4267 4269 4265
f 4266 4272 4268
f 4270 4266 4269
f 4270 4272 4266
f 4268 4272 4267
f 4271 4269 4267
f 4267 4272 4271
f 4271 4270 4269
f 4272 4270 4271
f 4274 4276 4273
f 4277 4274 4273
f 4273 4276 4275
f 4275 4277 4273
f 4274 4280 4276
f 4278 4274 4277
f 4278 4280 4274
f 4276 4280 4275
f 4279 4277 4275
f 4275 4280 4279
f 4279 4278 4277
f 4280 4278 4279
f 4282 4284 4281
f 4285 4282 4281
f 4281 4284 4283
f 4283 4285 4281
f 4282 4288 4284
f 4286 4282 4285
f 4286 4288 4282
f 4284 4288 4283
f 4287 4285 4283
f 4283 4288 4287
f 4287 4286 4285
f 4288 4286 4287
f 4290 4292 4289
f 4293 4290 4289
f 4289 4292 4291
f 4291 4293 4289
f 4290 4296 4292
f 4294 4290 4293
f 4294 4296 4290
f 4292 4296 4291
f 4295 4293 4291
f 4291 4296 4295
f 4295 4294 4293
f 4296 4294 4295
f 4298 4300 4297
f 4301 4298 4297
f 4297 4300 4299
f 4299 4301 4297
f 4298 4304 4300
f 4302 4298 4301
f 4302 4304 4298
f 4300 4304 4299
f 4303 4301 4299
f 4299 4304 4303
f 4303 4302 4301
f 4304 4302 4303
f 4306 4308 4305
f 4309 4306 4305
f 4305 4308 4307
f 4307 4309 4305
f 4306 4312 4308
f 4310 4306 4309
f 4310 4312 4306
f 4308 4312 4307
f 4311 4309 4307
f 4307 4312 4311
f 4311 4310 4309
f 4312 4310 4311
f 4314 4316 4313
f 4317 4314 4313
f 4313 4316 4315
f 4315 4317 4313
f 4314 4320 4316
f 4318 4314 4317
f 4318 4320 4314
f 4316 4320 4315
f 4319 4317 4315
f 4315 4320 4319
f 4319 4318 4317
f 4320 4318 4319
f 4322 4324 4321
f 4325 4322 4321
f 4321 4324 4323
f 4323 4325 4321
f 4322 4328 4324
f 4326 4322 4325
f 4326 4328 4322
f 4324 4328 4323
f 4327 4325 4323
f 4323 4328 4327
f 4327 4326 4325
f 4328 4326 4327
f 4330 4332 4329
f 4333 4330 4329
f 4329 4332 4331
f 4331 4333 4329
f 4330 4336 4332
f 4334 4330 4333
f 4334 4336 4330
f 4332 4336 4331
f 4335 4333 4331
f 4331 4336 4335
f 4335 4334 4333
f 4336 4334 4335
f 4338 4340 4337
f 4341 4338 4337
f 4337 4340 4339
f 4339 4341 4337
f 4338 4344 4340
f 4342 4338 4341
f 4342 4344 4338
f 4340 4344 4339
f 4343 4341 4339
f 4339 4344 4343
f 4343 4342 4341
f 4344 4342 4343
f 4346 4348 4345
f 4349 4346 4345
f 4345 4348 4347
f 4347 4349 4345
f 4346 4352 4348
f 4350 4346 4349
f 4350 4352 4346
f 4348 4352 4347
f 4351 4349 4347
f 4347 4352 4351
f 4351 4350 4349
f 4352 4350 4351
f 4354 4356 4353
f 4357 4354 4353
f 4353 4356 4355
f 4355 4357 4353
f 4354 4360 4356
f 4358 4354 4357
f 4358 4360 4354
f 4356 4360 4355
f 4359 4357 4355
f 4355 4360 4359
f 4359 4358 4357
f 4360 4358 4359
f 4362 4364 4361
f 4365 4362 4361
f 4361 4364 4363
f 4363 4365 4361
f 4362 4368 4364
f 4366 4362 4365
f 4366 4368 4362
f 4364 4368 4363
f 4367 4365 4363
f 4363 4368 4367
f 4367 4366 4365
f 4368 4366 4367
f 4370 4372 4369
f 4373 4370 4369
f 4369 4372 4371
f 4371 4373 4369
f 4370 4376 4372
f 4374 4370 4373
f 4374 4376 4370
f 4372 4376 4371
f 4375 4373 4371
f 4371 4376 4375
f 4375 4374 4373
f 4376 4374 4375
f 4378 4380 4377
f 4381 4378 4377
f 4377 4380 4379
f 4379 4381 4377
f 4378 4384 4380
f 4382 4378 4381
f 4382 4384 4378
f 4380 4384 4379
f 4383 4381 4379
f 4379 4384 4383
f 4383 4382 4381
f 4384 4382 4383
f 4386 4388 4385
f 4389 4386 4385
f 4385 4388 4387
f 4387 4389 4385
f 4386 4392 4388
f 4390 4386 4389
f 4390 4392 4386
f 4388 4392 4387
f 4391 4389 4387
f 4387 4392 4391
f 4391 4390 4389
f 4392 4390 4391
f 4394 4396 4393
f 4397 4394 4393
f 4393 4396 4395
f 4395 4397 4393
f 4394 4400 4396
f 4398 4394 4397
f 4398 4400 4394
f 4396 4400 4395
f 4399 4397 4395
f 4395 4400 4399
f 4399 4398 4397
f 4400 4398 4399
f 4402 4404 4401
f 4405 4402 4401
f 4401 4404 4403
f 4403 4405 4401
f 4402 4408 4404
f 4406 4402 4405
f 4406 4408 4402
f 4404 4408 4403
f 4407 4405 4403
f 4403 4408 4407
f 4407 4406 4405
f 4408 4406 4407
f 4410 4412 4409
f 4413 4410 4409
f 4409 4412 4411
f 4411 4413 4409
f 4410 4416 4412
f 4414 4410 4413
f 4414 4416 4410
f 4412 4416 4411
f 4415 4413 4411
f 4411 4416 4415
f 4415 4414 4413
f 4416 4414 4415
f 4418 4420 4417
f 4421 4418 4417
f 4417 4420 4419
f 4419 4421 4417
f 4418 4424 4420
f 4422 4418 4421
f 4422 4424 4418
f 4420 4424 4419
f 4423 4421 4419
f 4419 4424 4423
f 4423 4422 4421
f 4424 4422 4423
f 4426 4428 4425
f 4429 4426 4425
f 4425 4428 4427
f 4427 4429 4425
f 4426 4432 4428
f 4430 4426 4429
f 4430 4432 4426
f 4428 4432 4427
f 4431 4429 4427
f 4427 4432 4431
f 4431 4430 4429
f 4432 4430 4431
f 4434 4436 4433
f 4437 4434 4433
f 4433 4436 4435
f 4435 4437 4433
f 4434 4440 4436
f 4438 4434 4437
f 4438 4440 4434
f 4436 4440 4435
f 4439 4437 4435
f 4435 4440 4439
f 4439 4438 4437
f 4440 4438 4439
f 4442 4444 4441
f 4445 4442 4441
f 4441 4444 4443
f 4443 4445 4441
f 4442 4448 4444
f 4446 4442 4445
f 4446 4448 4442
f 4444 4448 4443
f 4447 4445 4443
f 4443 4448 4447
f 4447 4446 4445
f 4448 4446 4447
f 4450 4452 4449
f 4453 4450 4449
f 4449 4452 4451
f 4451 4453 4449
f 4450 4456 4452
f 4454 4450 4453
f 4454 4456 4450
f 4452 4456 4451
f 4455 4453 4451
f 4451 4456 4455
f 4455 4454 4453
f 4456 4454 4455
f 4458 4460 4457
f 4461 4458 4457
f 4457 4460 4459
f 4459 4461 4457
f 4458 4464 4460
f 4462 4458 4461
f 4462 4464 4458
f 4460 4464 4459
f 4463 4461 4459
f 4459 4464 4463
f 4463 4462 4461
f 4464 4462 4463
f 4466 4468 4465
f 4469 4466 4465
f 4465 4468 4467
f 4467 4469 4465
f 4466 4472 4468
f 4470 4466 4469
f 4470 4472 4466
f 4468 4472 4467
f 4471 4469 4467
f 4467 4472 4471
f 4471 4470 4469
f 4472 4470 4471
f 4474 4476 4473
f 4477 4474 4473
f 4473 4476 4475
f 4475 4477 4473
f 4474 4480 4476
f 4478 4474 4477
f 4478 4480 4474
f 4476 4480 4475
f 4479 4477 4475
f 4475 4480 4479
f 4479 4478 4477
f 4480 4478 4479
f 4482 4484 4481
f 4485 4482 4481
f 4481 4484 4483
f 4483 4485 4481
f 4482 4488 4484
f 4486 4482 4485
f 4486 4488 4482
f 4484 4488 4483
f 4487 4485 4483
f 4483 4488 4487
f 4487 4486 4485
f 4488 4486 4487
f 4490 4492 4489
f 4493 4490 4489
f 4489 4492 4491
f 4491 4493 4489
f 4490 4496 4492
f 4494 4490 4493
f 4494 4496 4490
f 4492 4496 4491
f 4495 4493 4491
f 4491 4496 4495
f 4495 4494 4493
f 4496 4494 4495
f 4498 4500 4497
f 4501 4498 4497
f 4497 4500 4499
f 4499 4501 4497
f 4498 4504 4500
f 4502 4498 4501
f 4502 4504 4498
f 4500 4504 4499
f 4503 4501 4499
f 4499 4504 4503
f 4503 4502 4501
f 4504 4502 4503
f 4506 4508 4505
f 4509 4506 4505
f 4505 4508 4507
f 4507 4509 4505
f 4506 4512 4508
f 4510 4506 4509
f 4510 4512 4506
f 4508 4512 4507
f 4511 4509 4507
f 4507 4512 4511
f 4511 4510 4509
f 4512 4510 4511
f 4514 4516 4513
f 4517 4514 4513
f 4513 4516 4515
f 4515 4517 4513
f 4514 4520 4516
f 4518 4514 4517
f 4518 4520 4514
f 4516 4520 4515
f 4519 4517 4515
f 4515 4520 4519
f 4519 4518 4517
f 4520 4518 4519
f 4522 4524 4521
f 4525 4522 4521
f 4521 4524 4523
f 4523 4525 4521
f 4522 4528 4524
f 4526 4522 4525
f 4526 4528 4522
f 4524 4528 4523
f 4527 4525 4523
f 4523 4528 4527
f 4527 4526 4525
f 4528 4526 4527
f 4530 4532 4529
f 4533 4530 4529
f 4529 4532 4531
f 4531 4533 4529
f 4530 4536 4532
f 4534 4530 4533
f 4534 4536 4530
f 4532 4536 4531
f 4535 4533 4531
f 4531 4536 4535
f 4535 4534 4533
f 4536 4534 4535
f 4538 4540 4537
f 4541 4538 4537
f 4537 4540 4539
f 4539 4541 4537
f 4538 4544 4540
f 4542 4538 4541
f 4542 4544 4538
f 4540 4544 4539
f 4543 4541 4539
f 4539 4544 4543
f 4543 4542 4541
f 4544 4542 4543
f 4546 4548 4545
f 4549 4546 4545
f 4545 4548 4547
f 4547 4549 4545
f 4546 4552 4548
f 4550 4546 4549
f 4550 4552 4546
f 4548 4552 4547
f 4551 4549 4547
f 4547 4552 4551
f 4551 4550 4549
f 4552 4550 4551
f 4554 4556 4553
f 4557 4554 4553
f 4553 4556 4555
f 4555 4557 4553
f 4554 4560 4556
f 4558 4554 4557
f 4558 4560 4554
f 4556 4560 4555
f 4559 4557 4555
f 4555 4560 4559
f 4559 4558 4557
f 4560 4558 4559
f 4562 4564 4561
f 4565 4562 4561
f 4561 4564 4563
f 4563 4565 4561
f 4562 4568 4564
f 4566 4562 4565
f 4566 4568 4562
f 4564 4568 4563
f 4567 4565 4563
f 4563 4568 4567
f 4567 4566 4565
f 4568 4566 4567
f 4570 4572 4569
f 4573 4570 4569
f 4569 4572 4571
f 4571 4573 4569
f 4570 4576 4572
f 4574 4570 4573
f 4574 4576 4570
f 4572 4576 4571
f 4575 4573 4571
f 4571 4576 4575
f 4575 4574 4573
f 4576 4574 4575
f 4578 4580 4577
f 4581 4578 4577
f 4577 4580 4579
f 4579 4581 4577
f 4578 4584 4580
f 4582 4578 4581
f 4582 4584 4578
f 4580 4584 4579
f 4583 4581 4579
f 4579 4584 4583
f 4583 4582 4581
f 4584 4582 4583
f 4586 4588 4585
f 4589 4586 4585
f 4585 4588 4587
f 4587 4589 4585
f 4586 4592 4588
f 4590 4586 4589
f 4590 4592 4586
f 4588 4592 4587
f 4591 4589 4587
f 4587 4592 4591
f 4591 4590 4589
f 4592 4590 4591
f 4594 4596 4593
f 4597 4594 4593
f 4593 4596 4595
f 4595 4597 4593
f 4594 4600 4596
f 4598 4594 4597
f 4598 4600 4594
f 4596 4600 4595
f 4599 4597 4595
f 4595 4600 4599
f 4599 4598 4597
f 4600 4598 4599
f 4602 4604 4601
f 4605 4602 4601
f 4601 4604 4603
f 4603 4605 4601
f 4602 4608 4604
f 4606 4602 4605
f 4606 4608 4602
f 4604 4608 4603
f 4607 4605 4603
f 4603 4608 4607
f 4607 4606 4605
f 4608 4606 4607
f 4610 4612 4609
f 4613 4610 4609
f 4609 4612 4611
f 4611 4613 4609
f 4610 4616 4612
f 4614 4610 4613
f 4614 4616 4610
f 4612 4616 4611
f 4615 4613 4611
f 4611 4616 4615
f 4615 4614 4613
f 4616 4614 4615
f 4618 4620 4617
f 4621 4618 4617
f 4617 4620 4619
f 4619 4621 4617
f 4618 4624 4620
f 4622 4618 4621
f 4622 4624 4618
f 4620 4624 4619
f 4623 4621 4619
f 4619 4624 4623
f 4623 4622 4621
f 4624 4622 4623
f 4626 4628 4625
f 4629 4626 4625
f 4625 4628 4627
f 4627 4629 4625
f 4626 4632 4628
f 4630 4626 4629
f 4630 4632 4626
f 4628 4632 4627
f 4631 4629 4627
f 4627 4632 4631
f 4631 4630 4629
f 4632 4630 4631
f 4634 4636 4633
f 4637 4634 4633
f 4633 4636 4635
f 4635 4637 4633
f 4634 4640 4636
f 4638 4634 4637
f 4638 4640 4634
f 4636 4640 4635
f 4639 4637 4635
f 4635 4640 4639
f 4639 4638 4637
f 4640 4638 4639
f 4642 4644 4641
f 4645 4642 4641
f 4641 4644 4643
f 4643 4645 4641
f 4642 4648 4644
f 4646 4642 4645
f 4646 4648 4642
f 4644 4648 4643
f 4647 4645 4643
f 4643 4648 4647
f 4647 4646 4645
f 4648 4646 4647
f 4650 4652 4649
f 4653 4650 4649
f 4649 4652 4651
f 4651 4653 4649
f 4650 4656 4652
f 4654 4650 4653
f 4654 4656 4650
f 4652 4656 4651
f 4655 4653 4651
f 4651 4656 4655
f 4655 4654 4653
f 4656 4654 4655
f 4658 4660 4657
f 4661 4658 4657
f 4657 4660 4659
f 4659 4661 4657
f 4658 4664 4660
f 4662 4658 4661
f 4662 4664 4658
f 4660 4664 4659
f 4663 4661 4659
f 4659 4664 4663
f 4663 4662 4661
f 4664 4662 4663
f 4666 4668 4665
f 4669 4666 4665
f 4665 4668 4667
f 4667 4669 4665
f 4666 4672 4668
f 4670 4666 4669
f 4670 4672 4666
f 4668 4672 4667
f 4671 4669 4667
f 4667 4672 4671
f 4671 4670 4669
f 4672 4670 4671
f 4674 4676 4673
f 4677 4674 4673
f 4673 4676 4675
f 4675 4677 4673
f 4674 4680 4676
f 4678 4674 4677
f 4678 4680 4674
f 4676 4680 4675
f 4679 4677 4675
f 4675 4680 4679
f 4679 4678 4677
f 4680 4678 4679
f 4682 4684 4681
f 4685 4682 4681
f 4681 4684 4683
f 4683 4685 4681
f 4682 4688 4684
f 4686 4682 4685
f 4686 4688 4682
f 4684 4688 4683
f 4687 4685 4683
f 4683 4688 4687
f 4687 4686 4685
f 4688 4686 4687
f 4690 4692 4689
f 4693 4690 4689
f 4689 4692 4691
f 4691 4693 4689
f 4690 4696 4692
f 4694 4690 4693
f 4694 4696 4690
f 4692 4696 4691
f 4695 4693 4691
f 4691 4696 4695
f 4695 4694 4693
f 4696 4694 4695
f 4698 4700 4697
f 4701 4698 4697
f 4697 4700 4699
f 4699 4701 4697
f 4698 4704 4700
f 4702 4698 4701
f 4702 4704 4698
f 4700 4704 4699
f 4703 4701 4699
f 4699 4704 4703
f 4703 4702 4701
f 4704 4702 4703
f 4706 4708 4705
f 4709 4706 4705
f 4705 4708 4707
f 4707 4709 4705
f 4706 4712 4708
f 4710 4706 4709
f 4710 4712 4706
f 4708 4712 4707
f 4711 4709 4707
f 4707 4712 4711
f 4711 4710 4709
f 4712 4710 4711
f 4714 4716 4713
f 4717 4714 4713
f 4713 4716 4715
f 4715 4717 4713
f 4714 4720 4716
f 4718 4714 4717
f 4718 4720 4714
f 4716 4720 4715
f 4719 4717 4715
f 4715 4720 4719
f 4719 4718 4717
f 4720 4718 4719
f 4722 4724 4721
f 4725 4722 4721
f 4721 4724 4723
f 4723 4725 4721
f 4722 4728 4724
f 4726 4722 4725
f 4726 4728 4722
f 4724 4728 4723
f 4727 4725 4723
f 4723 4728 4727
f 4727 4726 4725
f 4728 4726 4727
f 4730 4732 4729
f 4733 4730 4729
f 4729 4732 4731
f 4731 4733 4729
f 4730 4736 4732
f 4734 4730 4733
f 4734 4736 4730
f 4732 4736 4731
f 4735 4733 4731
f 4731 4736 4735
f 4735 4734 4733
f 4736 4734 4735
f 4738 4740 4737
f 4741 4738 4737
f 4737 4740 4739
f 4739 4741 4737
f 4738 4744 4740
f 4742 4738 4741
f 4742 4744 4738
f 4740 4744 4739
f 4743 4741 4739
f 4739 4744 4743
f 4743 4742 4741
f 4744 4742 4743
f 4746 4748 4745
f 4749 4746 4745
f 4745 4748 4747
f 4747 4749 4745
f 4746 4752 4748
f 4750 4746 4749
f 4750 4752 4746
f 4748 4752 4747
f 4751 4749 4747
f 4747 4752 4751
f 4751 4750 4749
f 4752 4750 4751
f 4754 4756 4753
f 4757 4754 4753
f 4753 4756 4755
f 4755 4757 4753
f 4754 4760 4756
f 4758 4754 4757
f 4758 4760 4754
f 4756 4760 4755
f 4759 4757 4755
f 4755 4760 4759
f 4759 4758 4757
f 4760 4758 4759
f 4762 4764 4761
f 4765 4762 4761
f 4761 4764 4763
f 4763 4765 4761
f 4762 4768 4764
f 4766 4762 4765
f 4766 4768 4762
f 4764 4768 4763
f 4767 4765 4763
f 4763 4768 4767
f 4767 4766 4765
f 4768 4766 4767
f 4770 4772 4769
f 4773 4770 4769
f 4769 4772 4771
f 4771 4773 4769
f 4770 4776 4772
f 4774 4770 4773
f 4774 4776 4770
f 4772 4776 4771
f 4775 4773 4771
f 4771 4776 4775
f 4775 4774 4773
f 4776 4774 4775
f 4778 4780 4777
f 4781 4778 4777
f 4777 4780 4779
f 4779 4781 4777
f 4778 4784 4780
f 4782 4778 4781
f 4782 4784 4778
f 4780 4784 4779
f 4783 4781 4779
f 4779 4784 4783
f 4783 4782 4781
f 4784 4782 4783
f 4786 4788 4785
f 4789 4786 4785
f 4785 4788 4787
f 4787 4789 4785
f 4786 4792 4788
f 4790 4786 4789
f 4790 4792 4786
f 4788 4792 4787
f 4791 4789 4787
f 4787 4792 4791
f 4791 4790 4789
f 4792 4790 4791
f 4794 4796 4793
f 4797 4794 4793
f 4793 4796 4795
f 4795 4797 4793
f 4794 4800 4796
f 4798 4794 4797
f 4798 4800 4794
f 4796 4800 4795
f 4799 4797 4795
f 4795 4800 4799
f 4799 4798 4797
f 4800 4798 4799
f 4802 4804 4801
f 4805 4802 4801
f 4801 4804 4803
f 4803 4805 4801
f 4802 4808 4804
f 4806 4802 4805
f 4806 4808 4802
f 4804 4808 4803
f 4807 4805 4803
f 4803 4808 4807
f 4807 4806 4805
f 4808 4806 4807
f 4810 4812 4809
f 4813 4810 4809
f 4809 4812 4811
f 4811 4813 4809
f 4810 4816 4812
f 4814 4810 4813
f 4814 4816 4810
f 4812 4816 4811
f 4815 4813 4811
f 4811 4816 4815
f 4815 4814 4813
f 4816 4814 4815
f 4818 4820 4817
f 4821 4818 4817
f 4817 4820 4819
f 4819 4821 4817
f 4818 4824 4820
f 4822 4818 4821
f 4822 4824 4818
f 4820 4824 4819
f 4823 4821 4819
f 4819 4824 4823
f 4823 4822 4821
f 4824 4822 4823
f 4826 4828 4825
f 4829 4826 4825
f 4825 4828 4827
f 4827 4829 4825
f 4826 4832 4828
f 4830 4826 4829
f 4830 4832 4826
f 4828 4832 4827
f 4831 4829 4827
f 4827 4832 4831
f 4831 4830 4829
f 4832 4830 4831
f 4834 4836 4833
f 4837 4834 4833
f 4833 4836 4835
f 4835 4837 4833
f 4834 4840 4836
f 4838 4834 4837
f 4838 4840 4834
f 4836 4840 4835
f 4839 4837 4835
f 4835 4840 4839
f 4839 4838 4837
f 4840 4838 4839
f 4842 4844 4841
f 4845 4842 4841
f 4841 4844 4843
f 4843 4845 4841
f 4842 4848 4844
f 4846 4842 4845
f 4846 4848 4842
f 4844 4848 4843
f 4847 4845 4843
f 4843 4848 4847
f 4847 4846 4845
f 4848 4846 4847
f 4850 4852 4849
f 4853 4850 4849
f 4849 4852 4851
f 4851 4853 4849
f 4850 4856 4852
f 4854 4850 4853
f 4854 4856 4850
f 4852 4856 4851
f 4855 4853 4851
f 4851 4856 4855
f 4855 4854 4853
f 4856 4854 4855
f 4858 4860 4857
f 4861 4858 4857
f 4857 4860 4859
f 4859 4861 4857
f 4858 4864 4860
f 4862 4858 4861
f 4862 4864 4858
f 4860 4864 4859
f 4863 4861 4859
f 4859 4864 4863
f 4863 4862 4861
f 4864 4862 4863
f 4866 4868 4865
f 4869 4866 4865
f 4865 4868 4867
f 4867 4869 4865
f 4866 4872 4868
f 4870 4866 4869
f 4870 4872 4866
f 4868 4872 4867
f 4871 4869 4867
f 4867 4872 4871
f 4871 4870 4869
f 4872 4870 4871
f 4874 4876 4873
f 4877 4874 4873
f 4873 4876 4875
f 4875 4877 4873
f 4874 4880 4876
f 4878 4874 4877
f 4878 4880 4874
f 4876 4880 4875
f 4879 4877 4875
f 4875 4880 4879
f 4879 4878 4877
f 4880 4878 4879
f 4882 4884 4881
f 4885 4882 4881
f 4881 4884 4883
f 4883 4885 4881
f 4882 4888 4884
f 4886 4882 4885
f 4886 4888 4882
f 4884 4888 4883
f 4887 4885 4883
f 4883 4888 4887
f 4887 4886 4885
f 4888 4886 4887
f 4890 4892 4889
f 4893 4890 4889
f 4889 4892 4891
f 4891 4893 4889
f 4890 4896 4892
f 4894 4890 4893
f 4894 4896 4890
f 4892 4896 4891
f 4895 4893 4891
f 4891 4896 4895
f 4895 4894 4893
f 4896 4894 4895
f 4898 4900 4897
f 4901 4898 4897
f 4897 4900 4899
f 4899 4901 4897
f 4898 4904 4900
f 4902 4898 4901
f 4902 4904 4898
f 4900 4904 4899
f 4903 4901 4899
f 4899 4904 4903
f 4903 4902 4901
f 4904 4902 4903
f 4906 4908 4905
f 4909 4906 4905
f 4905 4908 4907
f 4907 4909 4905
f 4906 4912 4908
f 4910 4906 4909
f 4910 4912 4906
f 4908 4912 4907
f 4911 4909 4907
f 4907 4912 4911
f 4911 4910 4909
f 4912 4910 4911
f 4914 4916 4913
f 4917 4914 4913
f 4913 4916 4915
f 4915 4917 4913
f 4914 4920 4916
f 4918 4914 4917
f 4918 4920 4914
f 4916 4920 4915
f 4919 4917 4915
f 4915 4920 4919
f 4919 4918 4917
f 4920 4918 4919
f 4922 4924 4921
f 4925 4922 4921
f 4921 4924 4923
f 4923 4925 4921
f 4922 4928 4924
f 4926 4922 4925
f 4926 4928 4922
f 4924 4928 4923
f 4927 4925 4923
f 4923 4928 4927
f 4927 4926 4925
f 4928 4926 4927
f 4930 4932 4929
f 4933 4930 4929
f 4929 4932 4931
f 4931 4933 4929
f 4930 4936 4932
f 4934 4930 4933
f 4934 4936 4930
f 4932 4936 4931
f 4935 4933 4931
f 4931 4936 4935
f 4935 4934 4933
f 4936 4934 4935
f 4938 4940 4937
f 4941 4938 4937
f 4937 4940 4939
f 4939 4941 4937
f 4938 4944 4940
f 4942 4938 4941
f 4942 4944 4938
f 4940 4944 4939
f 4943 4941 4939
f 4939 4944 4943
f 4943 4942 4941
f 4944 4942 4943
f 4946 4948 4945
f 4949 4946 4945
f 4945 4948 4947
f 4947 4949 4945
f 4946 4952 4948
f 4950 4946 4949
f 4950 4952 4946
f 4948 4952 4947
f 4951 4949 4947
f 4947 4952 4951
f 4951 4950 4949
f 4952 4950 4951
f 4954 4956 4953
f 4957 4954 4953
f 4953 4956 4955
f 4955 4957 4953
f 4954 4960 4956
f 4958 4954 4957
f 4958 4960 4954
f 4956 4960 4955
f 4959 4957 4955
f 4955 4960 4959
f 4959 4958 4957
f 4960 4958 4959
f 4962 4964 4961
f 4965 4962 4961
f 4961 4964 4963
f 4963 4965 4961
f 4962 4968 4964
f 4966 4962 4965
f 4966 4968 4962
f 4964 4968 4963
f 4967 4965 4963
f 4963 4968 4967
f 4967 4966 4965
f 4968 4966 4967
f 4970 4972 4969
f 4973 4970 4969
f 4969 4972 4971
f 4971 4973 4969
f 4970 4976 4972
f 4974 4970 4973
f 4974 4976 4970
f 4972 4976 4971
f 4975 4973 4971
f 4971 4976 4975
f 4975 4974 4973
f 4976 4974 4975
f 4978 4980 4977
f 4981 4978 4977
f 4977 4980 4979
f 4979 4981 4977
f 4978 4984 4980
f 4982 4978 4981
f 4982 4984 4978
f 4980 4984 4979
f 4983 4981 4979
f 4979 4984 4983
f 4983 4982 4981
f 4984 4982 4983
f 4986 4988 4985
f 4989 4986 4985
f 4985 4988 4987
f 4987 4989 4985
f 4986 4992 4988
f 4990 4986 4989
f 4990 4992 4986
f 4988 4992 4987
f 4991 4989 4987
f 4987 4992 4991
f 4991 4990 4989
f 4992 4990 4991
f 4994 4996 4993
f 4997 4994 4993
f 4993 4996 4995
f 4995 4997 4993
f 4994 5000 4996
f 4998 4994 4997
f 4998 5000 4994
f 4996 5000 4995
f 4999 4997 4995
f 4995 5000 4999
f 4999 4998 4997
f 5000 4998 4999
f 5002 5004 5001
f 5005 5002 5001
f 5001 5004 5003
f 5003 5005 5001
f 5002 5008 5004
f 5006 5002 5005
f 5006 5008 5002
f 5004 5008 5003
f 5007 5005 5003
f 5003 5008 5007
f 5007 5006 5005
f 5008 5006 5007
f 5010 5012 5009
f 5013 5010 5009
f 5009 5012 5011
f 5011 5013 5009
f 5010 5016 5012
f 5014 5010 5013
f 5014 5016 5010
f 5012 5016 5011
f 5015 5013 5011
f 5011 5016 5015
f 5015 5014 5013
f 5016 5014 5015
f 5018 5020 5017
f 5021 5018 5017
f 5017 5020 5019
f 5019 5021 5017
f 5018 5024 5020
f 5022 5018 5021
f 5022 5024 5018
f 5020 5024 5019
f 5023 5021 5019
f 5019 5024 5023
f 5023 5022 5021
f 5024 5022 5023
f 5026 5028 5025
f 5029 5026 5025
f 5025 5028 5027
f 5027 5029 5025
f 5026 5032 5028
f 5030 5026 5029
f 5030 5032 5026
f 5028 5032 5027
f 5031 5029 5027
f 5027 5032 5031
f 5031 5030 5029
f 5032 5030 5031
f 5034 5036 5033
f 5037 5034 5033
f 5033 5036 5035
f 5035 5037 5033
f 5034 5040 5036
f 5038 5034 5037
f 5038 5040 5034
f 5036 5040 5035
f 5039 5037 5035
f 5035 5040 5039
f 5039 5038 5037
f 5040 5038 5039
f 5042 5044 5041
f 5045 5042 5041
f 5041 5044 5043
f 5043 5045 5041
f 5042 5048 5044
f 5046 5042 5045
f 5046 5048 5042
f 5044 5048 5043
f 5047 5045 5043
f 5043 5048 5047
f 5047 5046 5045
f 5048 5046 5047
f 5050 5052 5049
f 5053 5050 5049
f 5049 5052 5051
f 5051 5053 5049
f 5050 5056 5052
f 5054 5050 5053
f 5054 5056 5050
f 5052 5056 5051
f 5055 5053 5051
f 5051 5056 5055
f 5055 5054 5053
f 5056 5054 5055
f 5058 5060 5057
f 5061 5058 5057
f 5057 5060 5059
f 5059 5061 5057
f 5058 5064 5060
f 5062 5058 5061
f 5062 5064 5058
f 5060 5064 5059
f 5063 5061 5059
f 5059 5064 5063
f 5063 5062 5061
f 5064 5062 5063
f 5066 5068 5065
f 5069 5066 5065
f 5065 5068 5067
f 5067 5069 5065
f 5066 5072 5068
f 5070 5066 5069
f 5070 5072 5066
f 5068 5072 5067
f 5071 5069 5067
f 5067 5072 5071
f 5071 5070 5069
f 5072 5070 5071
f 5074 5076 5073
f 5077 5074 5073
f 5073 5076 5075
f 5075 5077 5073
f 5074 5080 5076
f 5078 5074 5077
f 5078 5080 5074
f 5076 5080 5075
f 5079 5077 5075
f 5075 5080 5079
f 5079 5078 5077
f 5080 5078 5079
f 5082 5084 5081
f 5085 5082 5081
f 5081 5084 5083
f 5083 5085 5081
f 5082 5088 5084
f 5086 5082 5085
f 5086 5088 5082
f 5084 5088 5083
f 5087 5085 5083
f 5083 5088 5087
f 5087 5086 5085
f 5088 5086 5087
f 5090 5092 5089
f 5093 5090 5089
f 5089 5092 5091
f 5091 5093 5089
f 5090 5096 5092
f 5094 5090 5093
f 5094 5096 5090
f 5092 5096 5091
f 5095 5093 5091
f 5091 5096 5095
f 5095 5094 5093
f 5096 5094 5095
f 5098 5100 5097
f 5101 5098 5097
f 5097 5100 5099
f 5099 5101 5097
f 5098 5104 5100
f 5102 5098 5101
f 5102 5104 5098
f 5100 5104 5099
f 5103 5101 5099
f 5099 5104 5103
f 5103 5102 5101
f 5104 5102 5103
f 5106 5108 5105
f 5109 5106 5105
f 5105 5108 5107
f 5107 5109 5105
f 5106 5112 5108
f 5110 5106 5109
f 5110 5112 5106
f 5108 5112 5107
f 5111 5109 5107
f 5107 5112 5111
f 5111 5110 5109
f 5112 5110 5111
f 5114 5116 5113
f 5117 5114 5113
f 5113 5116 5115
f 5115 5117 5113
f 5114 5120 5116
f 5118 5114 5117
f 5118 5120 5114
f 5116 5120 5115
f 5119 5117 5115
f 5115 5120 5119
f 5119 5118 5117
f 5120 5118 5119
f 5122 5124 5121
f 5125 5122 5121
f 5121 5124 5123
f 5123 5125 5121
f 5122 5128 5124
f 5126 5122 5125
f 5126 5128 5122
f 5124 5128 5123
f 5127 5125 5123
f 5123 5128 5127
f 5127 5126 5125
f 5128 5126 5127
f 5130 5132 5129
f 5133 5130 5129
f 5129 5132 5131
f 5131 5133 5129
f 5130 5136 5132
f 5134 5130 5133
f 5134 5136 5130
f 5132 5136 5131
f 5135 5133 5131
f 5131 5136 5135
f 5135 5134 5133
f 5136 5134 5135
f 5138 5140 5137
f 5141 5138 5137
f 5137 5140 5139
f 5139 5141 5137
f 5138 5144 5140
f 5142 5138 5141
f 5142 5144 5138
f 5140 5144 5139
f 5143 5141 5139
f 5139 5144 5143
f 5143 5142 5141
f 5144 5142 5143
f 5146 5148 5145
f 5149 5146 5145
f 5145 5148 5147
f 5147 5149 5145
f 5146 5152 5148
f 5150 5146 5149
f 5150 5152 5146
f 5148 5152 5147
f 5151 5149 5147
f 5147 5152 5151
f 5151 5150 5149
f 5152 5150 5151
f 5154 5156 5153
f 5157 5154 5153
f 5153 5156 5155
f 5155 5157 5153
f 5154 5160 5156
f 5158 5154 5157
f 5158 5160 5154
f 5156 5160 5155
f 5159 5157 5155
f 5155 5160 5159
f 5159 5158 5157
f 5160 5158 5159
f 5162 5164 5161
f 5165 5162 5161
f 5161 5164 5163
f 5163 5165 5161
f 5162 5168 5164
f 5166 5162 5165
f 5166 5168 5162
f 5164 5168 5163
f 5167 5165 5163
f 5163 5168 5167
f 5167 5166 5165
f 5168 5166 5167
f 5170 5172 5169
f 5173 5170 5169
f 5169 5172 5171
f 5171 5173 5169
f 5170 5176 5172
f 5174 5170 5173
f 5174 5176 5170
f 5172 5176 5171
f 5175 5173 5171
f 5171 5176 5175
f 5175 5174 5173
f 5176 5174 5175
f 5178 5180 5177
f 5181 5178 5177
f 5177 5180 5179
f 5179 5181 5177
f 5178 5184 5180
f 5182 5178 5181
f 5182 5184 5178
f 5180 5184 5179
f 5183 5181 5179
f 5179 5184 5183
f 5183 5182 5181
f 5184 5182 5183
f 5186 5188 5185
f 5189 5186 5185
f 5185 5188 5187
f 5187 5189 5185
f 5186 5192 5188
f 5190 5186 5189
f 5190 5192 5186
f 5188 5192 5187
f 5191 5189 5187
f 5187 5192 5191
f 5191 5190 5189
f 5192 5190 5191
f 5194 5196 5193
f 5197 5194 5193
f 5193 5196 5195
f 5195 5197 5193
f 5194 5200 5196
f 5198 5194 5197
f 5198 5200 5194
f 5196 5200 5195
f 5199 5197 5195
f 5195 5200 5199
f 5199 5198 5197
f 5200 5198 5199
f 5202 5204 5201
f 5205 5202 5201
f 5201 5204 5203
f 5203 5205 5201
f 5202 5208 5204
f 5206 5202 5205
f 5206 5208 5202
f 5204 5208 5203
f 5207 5205 5203
f 5203 5208 5207
f 5207 5206 5205
f 5208 5206 5207
f 5210 5212 5209
f 5213 5210 5209
f 5209 5212 5211
f 5211 5213 5209
f 5210 5216 5212
f 5214 5210 5213
f 5214 5216 5210
f 5212 5216 5211
f 5215 5213 5211
f 5211 5216 5215
f 5215 5214 5213
f 5216 5214 5215
f 5218 5220 5217
f 5221 5218 5217
f 5217 5220 5219
f 5219 5221 5217
f 5218 5224 5220
f 5222 5218 5221
f 5222 5224 5218
f 5220 5224 5219
f 5223 5221 5219
f 5219 5224 5223
f 5223 5222 5221
f 5224 5222 5223
f 5226 5228 5225
f 5229 5226 5225
f 5225 5228 5227
f 5227 5229 5225
f 5226 5232 5228
f 5230 5226 5229
f 5230 5232 5226
f 5228 5232 5227
f 5231 5229 5227
f 5227 5232 5231
f 5231 5230 5229
f 5232 5230 5231
f 5234 5236 5233
f 5237 5234 5233
f 5233 5236 5235
f 5235 5237 5233
f 5234 5240 5236
f 5238 5234 5237
f 5238 5240 5234
f 5236 5240 5235
f 5239 5237 5235
f 5235 5240 5239
f 5239 5238 5237
f 5240 5238 5239
f 5242 5244 5241
f 5245 5242 5241
f 5241 5244 5243
f 5243 5245 5241
f 5242 5248 5244
f 5246 5242 5245
f 5246 5248 5242
f 5244 5248 5243
f 5247 5245 5243
f 5243 5248 5247
f 5247 5246 5245
f 5248 5246 5247
f 5250 5252 5249
f 5253 5250 5249
f 5249 5252 5251
f 5251 5253 5249
f 5250 5256 5252
f 5254 5250 5253
f 5254 5256 5250
f 5252 5256 5251
f 5255 5253 5251
f 5251 5256 5255
f 5255 5254 5253
f 5256 5254 5255
f 5258 5260 5257
f 5261 5258 5257
f 5257 5260 5259
f 5259 5261 5257
f 5258 5264 5260
f 5262 5258 5261
f 5262 5264 5258
f 5260 5264 5259
f 5263 5261 5259
f 5259 5264 5263
f 5263 5262 5261
f 5264 5262 5263
f 5266 5268 5265
f 5269 5266 5265
f 5265 5268 5267
f 5267 5269 5265
f 5266 5272 5268
f 5270 5266 5269
f 5270 5272 5266
f 5268 5272 5267
f 5271 5269 5267
f 5267 5272 5271
f 5271 5270 5269
f 5272 5270 5271
f 5274 5276 5273
f 5277 5274 5273
f 5273 5276 5275
f 5275 5277 5273
f 5274 5280 5276
f 5278 5274 5277
f 5278 5280 5274
f 5276 5280 5275
f 5279 5277 5275
f 5275 5280 5279
f 5279 5278 5277
f 5280 5278 5279
f 5282 5284 5281
f 5285 5282 5281
f 5281 5284 5283
f 5283 5285 5281
f 5282 5288 5284
f 5286 5282 5285
f 5286 5288 5282
f 5284 5288 5283
f 5287 5285 5283
f 5283 5288 5287
f 5287 5286 5285
f 5288 5286 5287
f 5290 5292 5289
f 5293 5290 5289
f 5289 5292 5291
f 5291 5293 5289
f 5290 5296 5292
f 5294 5290 5293
f 5294 5296 5290
f 5292 5296 5291
f 5295 5293 5291
f 5291 5296 5295
f 5295 5294 5293
f 5296 5294 5295
f 5298 5300 5297
f 5301 5298 5297
f 5297 5300 5299
f 5299 5301 5297
f 5298 5304 5300
f 5302 5298 5301
f 5302 5304 5298
f 5300 5304 5299
f 5303 5301 5299
f 5299 5304 5303
f 5303 5302 5301
f 5304 5302 5303
f 5306 5308 5305
f 5309 5306 5305
f 5305 5308 5307
f 5307 5309 5305
f 5306 5312 5308
f 5310 5306 5309
f 5310 5312 5306
f 5308 5312 5307
f 5311 5309 5307
f 5307 5312 5311
f 5311 5310 5309
f 5312 5310 5311
f 5314 5316 5313
f 5317 5314 5313
f 5313 5316 5315
f 5315 5317 5313
f 5314 5320 5316
f 5318 5314 5317
f 5318 5320 5314
f 5316 5320 5315
f 5319 5317 5315
f 5315 5320 5319
f 5319 5318 5317
f 5320 5318 5319
f 5322 5324 5321
f 5325 5322 5321
f 5321 5324 5323
f 5323 5325 5321
f 5322 5328 5324
f 5326 5322 5325
f 5326 5328 5322
f 5324 5328 5323
f 5327 5325 5323
f 5323 5328 5327
f 5327 5326 5325
f 5328 5326 5327
f 5330 5332 5329
f 5333 5330 5329
f 5329 5332 5331
f 5331 5333 5329
f 5330 5336 5332
f 5334 5330 5333
f 5334 5336 5330
f 5332 5336 5331
f 5335 5333 5331
f 5331 5336 5335
f 5335 5334 5333
f 5336 5334 5335
f 5338 5340 5337
f 5341 5338 5337
f 5337 5340 5339
f 5339 5341 5337
f 5338 5344 5340
f 5342 5338 5341
f 5342 5344 5338
f 5340 5344 5339
f 5343 5341 5339
f 5339 5344 5343
f 5343 5342 5341
f 5344 5342 5343
f 5346 5348 5345
f 5349 5346 5345
f 5345 5348 5347
f 5347 5349 5345
f 5346 5352 5348
f 5350 5346 5349
f 5350 5352 5346
f 5348 5352 5347
f 5351 5349 5347
f 5347 5352 5351
f 5351 5350 5349
f 5352 5350 5351
f 5354 5356 5353
f 5357 5354 5353
f 5353 5356 5355
f 5355 5357 5353
f 5354 5360 5356
f 5358 5354 5357
f 5358 5360 5354
f 5356 5360 5355
f 5359 5357 5355
f 5355 5360 5359
f 5359 5358 5357
f 5360 5358 5359
f 5362 5364 5361
f 5365 5362 5361
f 5361 5364 5363
f 5363 5365 5361
f 5362 5368 5364
f 5366 5362 5365
f 5366 5368 5362
f 5364 5368 5363
f 5367 5365 5363
f 5363 5368 5367
f 5367 5366 5365
f 5368 5366 5367
f 5370 5372 5369
f 5373 5370 5369
f 5369 5372 5371
f 5371 5373 5369
f 5370 5376 5372
f 5374 5370 5373
f 5374 5376 5370
f 5372 5376 5371
f 5375 5373 5371
f 5371 5376 5375
f 5375 5374 5373
f 5376 5374 5375
f 5378 5380 5377
f 5381 5378 5377
f 5377 5380 5379
f 5379 5381 5377
f 5378 5384 5380
f 5382 5378 5381
f 5382 5384 5378
f 5380 5384 5379
f 5383 5381 5379
f 5379 5384 5383
f 5383 5382 5381
f 5384 5382 5383
f 5386 5388 5385
f 5389 5386 5385
f 5385 5388 5387
f 5387 5389 5385
f 5386 5392 5388
f 5390 5386 5389
f 5390 5392 5386
f 5388 5392 5387
f 5391 5389 5387
f 5387 5392 5391
f 5391 5390 5389
f 5392 5390 5391
f 5394 5396 5393
f 5397 5394 5393
f 5393 5396 5395
f 5395 5397 5393
f 5394 5400 5396
f 5398 5394 5397
f 5398 5400 5394
f 5396 5400 5395
f 5399 5397 5395
f 5395 5400 5399
f 5399 5398 5397
f 5400 5398 5399
f 5402 5404 5401
f 5405 5402 5401
f 5401 5404 5403
f 5403 5405 5401
f 5402 5408 5404
f 5406 5402 5405
f 5406 5408 5402
f 5404 5408 5403
f 5407 5405 5403
f 5403 5408 5407
f 5407 5406 5405
f 5408 5406 5407
f 5410 5412 5409
f 5413 5410 5409
f 5409 5412 5411
f 5411 5413 5409
f 5410 5416 5412
f 5414 5410 5413
f 5414 5416 5410
f 5412 5416 5411
f 5415 5413 5411
f 5411 5416 5415
f 5415 5414 5413
f 5416 5414 5415
f 5418 5420 5417
f 5421 5418 5417
f 5417 5420 5419
f 5419 5421 5417
f 5418 5424 5420
f 5422 5418 5421
f 5422 5424 5418
f 5420 5424 5419
f 5423 5421 5419
f 5419 5424 5423
f 5423 5422 5421
f 5424 5422 5423
f 5426 5428 5425
f 5429 5426 5425
f 5425 5428 5427
f 5427 5429 5425
f 5426 5432 5428
f 5430 5426 5429
f 5430 5432 5426
f 5428 5432 5427
f 5431 5429 5427
f 5427 5432 5431
f 5431 5430 5429
f 5432 5430 5431
f 5434 5436 5433
f 5437 5434 5433
f 5433 5436 5435
f 5435 5437 5433
f 5434 5440 5436
f 5438 5434 5437
f 5438 5440 5434
f 5436 5440 5435
f 5439 5437 5435
f 5435 5440 5439
f 5439 5438 5437
f 5440 5438 5439
f 5442 5444 5441
f 5445 5442 5441
f 5441 5444 5443
f 5443 5445 5441
f 5442 5448 5444
f 5446 5442 5445
f 5446 5448 5442
f 5444 5448 5443
f 5447 5445 5443
f 5443 5448 5447
f 5447 5446 5445
f 5448 5446 5447
f 5450 5452 5449
f 5453 5450 5449
f 5449 5452 5451
f 5451 5453 5449
f 5450 5456 5452
f 5454 5450 5453
f 5454 5456 5450
f 5452 5456 5451
f 5455 5453 5451
f 5451 5456 5455
f 5455 5454 5453
f 5456 5454 5455
f 5458 5460 5457
f 5461 5458 5457
f 5457 5460 5459
f 5459 5461 5457
f 5458 5464 5460
f 5462 5458 5461
f 5462 5464 5458
f 5460 5464 5459
f 5463 5461 5459
f 5459 5464 5463
f 5463 5462 5461
f 5464 5462 5463
f 5466 5468 5465
f 5469 5466 5465
f 5465 5468 5467
f 5467 5469 5465
f 5466 5472 5468
f 5470 5466 5469
f 5470 5472 5466
f 5468 5472 5467
f 5471 5469 5467
f 5467 5472 5471
f 5471 5470 5469
f 5472 5470 5471
f 5474 5476 5473
f 5477 5474 5473
f 5473 5476 5475
f 5475 5477 5473
f 5474 5480 5476
f 5478 5474 5477
f 5478 5480 5474
f 5476 5480 5475
f 5479 5477 5475
f 5475 5480 5479
f 5479 5478 5477
f 5480 5478 5479
f 5482 5484 5481
f 5485 5482 5481
f 5481 5484 5483
f 5483 5485 5481
f 5482 5488 5484
f 5486 5482 5485
f 5486 5488 5482
f 5484 5488 5483
f 5487 5485 5483
f 5483 5488 5487
f 5487 5486 5485
f 5488 5486 5487
f 5490 5492 5489
f 5493 5490 5489
f 5489 5492 5491
f 5491 5493 5489
f 5490 5496 5492
f 5494 5490 5493
f 5494 5496 5490
f 5492 5496 5491
f 5495 5493 5491
f 5491 5496 5495
f 5495 5494 5493
f 5496 5494 5495
f 5498 5500 5497
f 5501 5498 5497
f 5497 5500 5499
f 5499 5501 5497
f 5498 5504 5500
f 5502 5498 5501
f 5502 5504 5498
f 5500 5504 5499
f 5503 5501 5499
f 5499 5504 5503
f 5503 5502 5501
f 5504 5502 5503
f 5506 5508 5505
f 5509 5506 5505
f 5505 5508 5507
f 5507 5509 5505
f 5506 5512 5508
f 5510 5506 5509
f 5510 5512 5506
f 5508 5512 5507
f 5511 5509 5507
f 5507 5512 5511
f 5511 5510 5509
f 5512 5510 5511
f 5514 5516 5513
f 5517 5514 5513
f 5513 5516 5515
f 5515 5517 5513
f 5514 5520 5516
f 5518 5514 5517
f 5518 5520 5514
f 5516 5520 5515
f 5519 5517 5515
f 5515 5520 5519
f 5519 5518 5517
f 5520 5518 5519
f 5522 5524 5521
f 5525 5522 5521
f 5521 5524 5523
f 5523 5525 5521
f 5522 5528 5524
f 5526 5522 5525
f 5526 5528 5522
f 5524 5528 5523
f 5527 5525 5523
f 5523 5528 5527
f 5527 5526 5525
f 5528 5526 5527
f 5530 5532 5529
f 5533 5530 5529
f 5529 5532 5531
f 5531 5533 5529
f 5530 5536 5532
f 5534 5530 5533
f 5534 5536 5530
f 5532 5536 5531
f 5535 5533 5531
f 5531 5536 5535
f 5535 5534 5533
f 5536 5534 5535
f 5538 5540 5537
f 5541 5538 5537
f 5537 5540 5539
f 5539 5541 5537
f 5538 5544 5540
f 5542 5538 5541
f 5542 5544 5538
f 5540 5544 5539
f 5543 5541 5539
f 5539 5544 5543
f 5543 5542 5541
f 5544 5542 5543
f 5546 5548 5545
f 5549 5546 5545
f 5545 5548 5547
f 5547 5549 5545
f 5546 5552 5548
f 5550 5546 5549
f 5550 5552 5546
f 5548 5552 5547
f 5551 5549 5547
f 5547 5552 5551
f 5551 5550 5549
f 5552 5550 5551
f 5554 5556 5553
f 5557 5554 5553
f 5553 5556 5555
f 5555 5557 5553
f 5554 5560 5556
f 5558 5554 5557
f 5558 5560 5554
f 5556 5560 5555
f 5559 5557 5555
f 5555 5560 5559
f 5559 5558 5557
f 5560 5558 5559
f 5562 5564 5561
f 5565 5562 5561
f 5561 5564 5563
f 5563 5565 5561
f 5562 5568 5564
f 5566 5562 5565
f 5566 5568 5562
f 5564 5568 5563
f 5567 5565 5563
f 5563 5568 5567
f 5567 5566 5565
f 5568 5566 5567
f 5570 5572 5569
f 5573 5570 5569
f 5569 5572 5571
f 5571 5573 5569
f 5570 5576 5572
f 5574 5570 5573
f 5574 5576 5570
f 5572 5576 5571
f 5575 5573 5571
f 5571 5576 5575
f 5575 5574 5573
f 5576 5574 5575
f 5578 5580 5577
f 5581 5578 5577
f 5577 5580 5579
f 5579 5581 5577
f 5578 5584 5580
f 5582 5578 5581
f 5582 5584 5578
f 5580 5584 5579
f 5583 5581 5579
f 5579 5584 5583
f 5583 5582 5581
f 5584 5582 5583
f 5586 5588 5585
f 5589 5586 5585
f 5585 5588 5587
f 5587 5589 5585
f 5586 5592 5588
f 5590 5586 5589
f 5590 5592 5586
f 5588 5592 5587
f 5591 5589 5587
f 5587 5592 5591
f 5591 5590 5589
f 5592 5590 5591
f 5594 5596 5593
f 5597 5594 5593
f 5593 5596 5595
f 5595 5597 5593
f 5594 5600 5596
f 5598 5594 5597
f 5598 5600 5594
f 5596 5600 5595
f 5599 5597 5595
f 5595 5600 5599
f 5599 5598 5597
f 5600 5598 5599
f 5602 5604 5601
f 5605 5602 5601
f 5601 5604 5603
f 5603 5605 5601
f 5602 5608 5604
f 5606 5602 5605
f 5606 5608 5602
f 5604 5608 5603
f 5607 5605 5603
f 5603 5608 5607
f 5607 5606 5605
f 5608 5606 5607
f 5610 5612 5609
f 5613 5610 5609
f 5609 5612 5611
f 5611 5613 5609
f 5610 5616 5612
f 5614 5610 5613
f 5614 5616 5610
f 5612 5616 5611
f 5615 5613 5611
f 5611 5616 5615
f 5615 5614 5613
f 5616 5614 5615
f 5618 5620 5617
f 5621 5618 5617
f 5617 5620 5619
f 5619 5621 5617
f 5618 5624 5620
f 5622 5618 5621
f 5622 5624 5618
f 5620 5624 5619
f 5623 5621 5619
f 5619 5624 5623
f 5623 5622 5621
f 5624 5622 5623
f 5626 5628 5625
f 5629 5626 5625
f 5625 5628 5627
f 5627 5629 5625
f 5626 5632 5628
f 5630 5626 5629
f 5630 5632 5626
f 5628 5632 5627
f 5631 5629 5627
f 5627 5632 5631
f 5631 5630 5629
f 5632 5630 5631
f 5634 5636 5633
f 5637 5634 5633
f 5633 5636 5635
f 5635 5637 5633
f 5634 5640 5636
f 5638 5634 5637
f 5638 5640 5634
f 5636 5640 5635
f 5639 5637 5635
f 5635 5640 5639
f 5639 5638 5637
f 5640 5638 5639
f 5642 5644 5641
f 5645 5642 5641
f 5641 5644 5643
f 5643 5645 5641
f 5642 5648 5644
f 5646 5642 5645
f 5646 5648 5642
f 5644 5648 5643
f 5647 5645 5643
f 5643 5648 5647
f 5647 5646 5645
f 5648 5646 5647
f 5650 5652 5649
f 5653 5650 5649
f 5649 5652 5651
f 5651 5653 5649
f 5650 5656 5652
f 5654 5650 5653
f 5654 5656 5650
f 5652 5656 5651
f 5655 5653 5651
f 5651 5656 5655
f 5655 5654 5653
f 5656 5654 5655
f 5658 5660 5657
f 5661 5658 5657
f 5657 5660 5659
f 5659 5661 5657
f 5658 5664 5660
f 5662 5658 5661
f 5662 5664 5658
f 5660 5664 5659
f 5663 5661 5659
f 5659 5664 5663
f 5663 5662 5661
f 5664 5662 5663
f 5666 5668 5665
f 5669 5666 5665
f 5665 5668 5667
f 5667 5669 5665
f 5666 5672 5668
f 5670 5666 5669
f 5670 5672 5666
f 5668 5672 5667
f 5671 5669 5667
f 5667 5672 5671
f 5671 5670 5669
f 5672 5670 5671
f 5674 5676 5673
f 5677 5674 5673
f 5673 5676 5675
f 5675 5677 5673
f 5674 5680 5676
f 5678 5674 5677
f 5678 5680 5674
f 5676 5680 5675
f 5679 5677 5675
f 5675 5680 5679
f 5679 5678 5677
f 5680 5678 5679
f 5682 5684 5681
f 5685 5682 5681
f 5681 5684 5683
f 5683 5685 5681
f 5682 5688 5684
f 5686 5682 5685
f 5686 5688 5682
f 5684 5688 5683
f 5687 5685 5683
f 5683 5688 5687
f 5687 5686 5685
f 5688 5686 5687
f 5690 5692 5689
f 5693 5690 5689
f 5689 5692 5691
f 5691 5693 5689
f 5690 5696 5692
f 5694 5690 5693
f 5694 5696 5690
f 5692 5696 5691
f 5695 5693 5691
f 5691 5696 5695
f 5695 5694 5693
f 5696 5694 5695
f 5698 5700 5697
f 5701 5698 5697
f 5697 5700 5699
f 5699 5701 5697
f 5698 5704 5700
f 5702 5698 5701
f 5702 5704 5698
f 5700 5704 5699
f 5703 5701 5699
f 5699 5704 5703
f 5703 5702 5701
f 5704 5702 5703
f 5706 5708 5705
f 5709 5706 5705
f 5705 5708 5707
f 5707 5709 5705
f 5706 5712 5708
f 5710 5706 5709
f 5710 5712 5706
f 5708 5712 5707
f 5711 5709 5707
f 5707 5712 5711
f 5711 5710 5709
f 5712 5710 5711
f 5714 5716 5713
f 5717 5714 5713
f 5713 5716 5715
f 5715 5717 5713
f 5714 5720 5716
f 5718 5714 5717
f 5718 5720 5714
f 5716 5720 5715
f 5719 5717 5715
f 5715 5720 5719
f 5719 5718 5717
f 5720 5718 5719
f 5722 5724 5721
f 5725 5722 5721
f 5721 5724 5723
f 5723 5725 5721
f 5722 5728 5724
f 5726 5722 5725
f 5726 5728 5722
f 5724 5728 5723
f 5727 5725 5723
f 5723 5728 5727
f 5727 5726 5725
f 5728 5726 5727
f 5730 5732 5729
f 5733 5730 5729
f 5729 5732 5731
f 5731 5733 5729
f 5730 5736 5732
f 5734 5730 5733
f 5734 5736 5730
f 5732 5736 5731
f 5735 5733 5731
f 5731 5736 5735
f 5735 5734 5733
f 5736 5734 5735
f 5738 5740 5737
f 5741 5738 5737
f 5737 5740 5739
f 5739 5741 5737
f 5738 5744 5740
f 5742 5738 5741
f 5742 5744 5738
f 5740 5744 5739
f 5743 5741 5739
f 5739 5744 5743
f 5743 5742 5741
f 5744 5742 5743
f 5746 5748 5745
f 5749 5746 5745
f 5745 5748 5747
f 5747 5749 5745
f 5746 5752 5748
f 5750 5746 5749
f 5750 5752 5746
f 5748 5752 5747
f 5751 5749 5747
f 5747 5752 5751
f 5751 5750 5749
f 5752 5750 5751
f 5754 5756 5753
f 5757 5754 5753
f 5753 5756 5755
f 5755 5757 5753
f 5754 5760 5756
f 5758 5754 5757
f 5758 5760 5754
f 5756 5760 5755
f 5759 5757 5755
f 5755 5760 5759
f 5759 5758 5757
f 5760 5758 5759
f 5762 5764 5761
f 5765 5762 5761
f 5761 5764 5763
f 5763 5765 5761
f 5762 5768 5764
f 5766 5762 5765
f 5766 5768 5762
f 5764 5768 5763
f 5767 5765 5763
f 5763 5768 5767
f 5767 5766 5765
f 5768 5766 5767
f 5770 5772 5769
f 5773 5770 5769
f 5769 5772 5771
f 5771 5773 5769
f 5770 5776 5772
f 5774 5770 5773
f 5774 5776 5770
f 5772 5776 5771
f 5775 5773 5771
f 5771 5776 5775
f 5775 5774 5773
f 5776 5774 5775
f 5778 5780 5777
f 5781 5778 5777
f 5777 5780 5779
f 5779 5781 5777
f 5778 5784 5780
f 5782 5778 5781
f 5782 5784 5778
f 5780 5784 5779
f 5783 5781 5779
f 5779 5784 5783
f 5783 5782 5781
f 5784 5782 5783
f 5786 5788 5785
f 5789 5786 5785
f 5785 5788 5787
f 5787 5789 5785
f 5786 5792 5788
f 5790 5786 5789
f 5790 5792 5786
f 5788 5792 5787
f 5791 5789 5787
f 5787 5792 5791
f 5791 5790 5789
f 5792 5790 5791
f 5794 5796 5793
f 5797 5794 5793
f 5793 5796 5795
f 5795 5797 5793
f 5794 5800 5796
f 5798 5794 5797
f 5798 5800 5794
f 5796 5800 5795
f 5799 5797 5795
f 5795 5800 5799
f 5799 5798 5797
f 5800 5798 5799
f 5802 5804 5801
f 5805 5802 5801
f 5801 5804 5803
f 5803 5805 5801
f 5802 5808 5804
f 5806 5802 5805
f 5806 5808 5802
f 5804 5808 5803
f 5807 5805 5803
f 5803 5808 5807
f 5807 5806 5805
f 5808 5806 5807
f 5810 5812 5809
f 5813 5810 5809
f 5809 5812 5811
f 5811 5813 5809
f 5810 5816 5812
f 5814 5810 5813
f 5814 5816 5810
f 5812 5816 5811
f 5815 5813 5811
f 5811 5816 5815
f 5815 5814 5813
f 5816 5814 5815
f 5818 5820 5817
f 5821 5818 5817
f 5817 5820 5819
f 5819 5821 5817
f 5818 5824 5820
f 5822 5818 5821
f 5822 5824 5818
f 5820 5824 5819
f 5823 5821 5819
f 5819 5824 5823
f 5823 5822 5821
f 5824 5822 5823
f 5826 5828 5825
f 5829 5826 5825
f 5825 5828 5827
f 5827 5829 5825
f 5826 5832 5828
f 5830 5826 5829
f 5830 5832 5826
f 5828 5832 5827
f 5831 5829 5827
f 5827 5832 5831
f 5831 5830 5829
f 5832 5830 5831
f 5834 5836 5833
f 5837 5834 5833
f 5833 5836 5835
f 5835 5837 5833
f 5834 5840 5836
f 5838 5834 5837
f 5838 5840 5834
f 5836 5840 5835
f 5839 5837 5835
f 5835 5840 5839
f 5839 5838 5837
f 5840 5838 5839
f 5842 5844 5841
f 5845 5842 5841
f 5841 5844 5843
f 5843 5845 5841
f 5842 5848 5844
f 5846 5842 5845
f 5846 5848 5842
f 5844 5848 5843
f 5847 5845 5843
f 5843 5848 5847
f 5847 5846 5845
f 5848 5846 5847
f 5850 5852 5849
f 5853 5850 5849
f 5849 5852 5851
f 5851 5853 5849
f 5850 5856 5852
f 5854 5850 5853
f 5854 5856 5850
f 5852 5856 5851
f 5855 5853 5851
f 5851 5856 5855
f 5855 5854 5853
f 5856 5854 5855
f 5858 5860 5857
f 5861 5858 5857
f 5857 5860 5859
f 5859 5861 5857
f 5858 5864 5860
f 5862 5858 5861
f 5862 5864 5858
f 5860 5864 5859
f 5863 5861 5859
f 5859 5864 5863
f 5863 5862 5861
f 5864 5862 5863
f 5866 5868 5865
f 5869 5866 5865
f 5865 5868 5867
f 5867 5869 5865
f 5866 5872 5868
f 5870 5866 5869
f 5870 5872 5866
f 5868 5872 5867
f 5871 5869 5867
f 5867 5872 5871
f 5871 5870 5869
f 5872 5870 5871
f 5874 5876 5873
f 5877 5874 5873
f 5873 5876 5875
f 5875 5877 5873
f 5874 5880 5876
f 5878 5874 5877
f 5878 5880 5874
f 5876 5880 5875
f 5879 5877 5875
f 5875 5880 5879
f 5879 5878 5877
f 5880 5878 5879
f 5882 5884 5881
f 5885 5882 5881
f 5881 5884 5883
f 5883 5885 5881
f 5882 5888 5884
f 5886 5882 5885
f 5886 5888 5882
f 5884 5888 5883
f 5887 5885 5883
f 5883 5888 5887
f 5887 5886 5885
f 5888 5886 5887
f 5890 5892 5889
f 5893 5890 5889
f 5889 5892 5891
f 5891 5893 5889
f 5890 5896 5892
f 5894 5890 5893
f 5894 5896 5890
f 5892 5896 5891
f 5895 5893 5891
f 5891 5896 5895
f 5895 5894 5893
f 5896 5894 5895
f 5898 5900 5897
f 5901 5898 5897
f 5897 5900 5899
f 5899 5901 5897
f 5898 5904 5900
f 5902 5898 5901
f 5902 5904 5898
f 5900 5904 5899
f 5903 5901 5899
f 5899 5904 5903
f 5903 5902 5901
f 5904 5902 5903
f 5906 5908 5905
f 5909 5906 5905
f 5905 5908 5907
f 5907 5909 5905
f 5906 5912 5908
f 5910 5906 5909
f 5910 5912 5906
f 5908 5912 5907
f 5911 5909 5907
f 5907 5912 5911
f 5911 5910 5909
f 5912 5910 5911
f 5914 5916 5913
f 5917 5914 5913
f 5913 5916 5915
f 5915 5917 5913
f 5914 5920 5916
f 5918 5914 5917
f 5918 5920 5914
f 5916 5920 5915
f 5919 5917 5915
f 5915 5920 5919
f 5919 5918 5917
f 5920 5918 5919
f 5922 5924 5921
f 5925 5922 5921
f 5921 5924 5923
f 5923 5925 5921
f 5922 5928 5924
f 5926 5922 5925
f 5926 5928 5922
f 5924 5928 5923
f 5927 5925 5923
f 5923 5928 5927
f 5927 5926 5925
f 5928 5926 5927
f 5930 5932 5929
f 5933 5930 5929
f 5929 5932 5931
f 5931 5933 5929
f 5930 5936 5932
f 5934 5930 5933
f 5934 5936 5930
f 5932 5936 5931
f 5935 5933 5931
f 5931 5936 5935
f 5935 5934 5933
f 5936 5934 5935
f 5938 5940 5937
f 5941 5938 5937
f 5937 5940 5939
f 5939 5941 5937
f 5938 5944 5940
f 5942 5938 5941
f 5942 5944 5938
f 5940 5944 5939
f 5943 5941 5939
f 5939 5944 5943
f 5943 5942 5941
f 5944 5942 5943
f 5946 5948 5945
f 5949 5946 5945
f 5945 5948 5947
f 5947 5949 5945
f 5946 5952 5948
f 5950 5946 5949
f 5950 5952 5946
f 5948 5952 5947
f 5951 5949 5947
f 5947 5952 5951
f 5951 5950 5949
f 5952 5950 5951
f 5954 5956 5953
f 5957 5954 5953
f 5953 5956 5955
f 5955 5957 5953
f 5954 5960 5956
f 5958 5954 5957
f 5958 5960 5954
f 5956 5960 5955
f 5959 5957 5955
f 5955 5960 5959
f 5959 5958 5957
f 5960 5958 5959
f 5962 5964 5961
f 5965 5962 5961
f 5961 5964 5963
f 5963 5965 5961
f 5962 5968 5964
f 5966 5962 5965
f 5966 5968 5962
f 5964 5968 5963
f 5967 5965 5963
f 5963 5968 5967
f 5967 5966 5965
f 5968 5966 5967
f 5970 5972 5969
f 5973 5970 5969
f 5969 5972 5971
f 5971 5973 5969
f 5970 5976 5972
f 5974 5970 5973
f 5974 5976 5970
f 5972 5976 5971
f 5975 5973 5971
f 5971 5976 5975
f 5975 5974 5973
f 5976 5974 5975
f 5978 5980 5977
f 5981 5978 5977
f 5977 5980 5979
f 5979 5981 5977
f 5978 5984 5980
f 5982 5978 5981
f 5982 5984 5978
f 5980 5984 5979
f 5983 5981 5979
f 5979 5984 5983
f 5983 5982 5981
f 5984 5982 5983
f 5986 5988 5985
f 5989 5986 5985
f 5985 5988 5987
f 5987 5989 5985
f 5986 5992 5988
f 5990 5986 5989
f 5990 5992 5986
f 5988 5992 5987
f 5991 5989 5987
f 5987 5992 5991
f 5991 5990 5989
f 5992 5990 5991
f 5994 5996 5993
f 5997 5994 5993
f 5993 5996 5995
f 5995 5997 5993
f 5994 6000 5996
f 5998 5994 5997
f 5998 6000 5994
f 5996 6000 5995
f 5999 5997 5995
f 5995 6000 5999
f 5999 5998 5997
f 6000 5998 5999
f 6002 6004 6001
f 6005 6002 6001
f 6001 6004 6003
f 6003 6005 6001
f 6002 6008 6004
f 6006 6002 6005
f 6006 6008 6002
f 6004 6008 6003
f 6007 6005 6003
f 6003 6008 6007
f 6007 6006 6005
f 6008 6006 6007
f 6010 6012 6009
f 6013 6010 6009
f 6009 6012 6011
f 6011 6013 6009
f 6010 6016 6012
f 6014 6010 6013
f 6014 6016 6010
f 6012 6016 6011
f 6015 6013 6011
f 6011 6016 6015
f 6015 6014 6013
f 6016 6014 6015
f 6018 6020 6017
f 6021 6018 6017
f 6017 6020 6019
f 6019 6021 6017
f 6018 6024 6020
f 6022 6018 6021
f 6022 6024 6018
f 6020 6024 6019
f 6023 6021 6019
f 6019 6024 6023
f 6023 6022 6021
f 6024 6022 6023
f 6026 6028 6025
f 6029 6026 6025
f 6025 6028 6027
f 6027 6029 6025
f 6026 6032 6028
f 6030 6026 6029
f 6030 6032 6026
f 6028 6032 6027
f 6031 6029 6027
f 6027 6032 6031
f 6031 6030 6029
f 6032 6030 6031
f 6034 6036 6033
f 6037 6034 6033
f 6033 6036 6035
f 6035 6037 6033
f 6034 6040 6036
f 6038 6034 6037
f 6038 6040 6034
f 6036 6040 6035
f 6039 6037 6035
f 6035 6040 6039
f 6039 6038 6037
f 6040 6038 6039
f 6042 6044 6041
f 6045 6042 6041
f 6041 6044 6043
f 6043 6045 6041
f 6042 6048 6044
f 6046 6042 6045
f 6046 6048 6042
f 6044 6048 6043
f 6047 6045 6043
f 6043 6048 6047
f 6047 6046 6045
f 6048 6046 6047
f 6050 6052 6049
f 6053 6050 6049
f 6049 6052 6051
f 6051 6053 6049
f 6050 6056 6052
f 6054 6050 6053
f 6054 6056 6050
f 6052 6056 6051
f 6055 6053 6051
f 6051 6056 6055
f 6055 6054 6053
f 6056 6054 6055
f 6058 6060 6057
f 6061 6058 6057
f 6057 6060 6059
f 6059 6061 6057
f 6058 6064 6060
f 6062 6058 6061
f 6062 6064 6058
f 6060 6064 6059
f 6063 6061 6059
f 6059 6064 6063
f 6063 6062 6061
f 6064 6062 6063
f 6066 6068 6065
f 6069 6066 6065
f 6065 6068 6067
f 6067 6069 6065
f 6066 6072 6068
f 6070 6066 6069
f 6070 6072 6066
f 6068 6072 6067
f 6071 6069 6067
f 6067 6072 6071
f 6071 6070 6069
f 6072 6070 6071
f 6074 6076 6073
f 6077 6074 6073
f 6073 6076 6075
f 6075 6077 6073
f 6074 6080 6076
f 6078 6074 6077
f 6078 6080 6074
f 6076 6080 6075
f 6079 6077 6075
f 6075 6080 6079
f 6079 6078 6077
f 6080 6078 6079
f 6082 6084 6081
f 6085 6082 6081
f 6081 6084 6083
f 6083 6085 6081
f 6082 6088 6084
f 6086 6082 6085
f 6086 6088 6082
f 6084 6088 6083
f 6087 6085 6083
f 6083 6088 6087
f 6087 6086 6085
f 6088 6086 6087
f 6090 6092 6089
f 6093 6090 6089
f 6089 6092 6091
f 6091 6093 6089
f 6090 6096 6092
f 6094 6090 6093
f 6094 6096 6090
f 6092 6096 6091
f 6095 6093 6091
f 6091 6096 6095
f 6095 6094 6093
f 6096 6094 6095
f 6098 6100 6097
f 6101 6098 6097
f 6097 6100 6099
f 6099 6101 6097
f 6098 6104 6100
f 6102 6098 6101
f 6102 6104 6098
f 6100 6104 6099
f 6103 6101 6099
f 6099 6104 6103
f 6103 6102 6101
f 6104 6102 6103
f 6106 6108 6105
f 6109 6106 6105
f 6105 6108 6107
f 6107 6109 6105
f 6106 6112 6108
f 6110 6106 6109
f 6110 6112 6106
f 6108 6112 6107
f 6111 6109 6107
f 6107 6112 6111
f 6111 6110 6109
f 6112 6110 6111
f 6114 6116 6113
f 6117 6114 6113
f 6113 6116 6115
f 6115 6117 6113
f 6114 6120 6116
f 6118 6114 6117
f 6118 6120 6114
f 6116 6120 6115
f 6119 6117 6115
f 6115 6120 6119
f 6119 6118 6117
f 6120 6118 6119
f 6122 6124 6121
f 6125 6122 6121
f 6121 6124 6123
f 6123 6125 6121
f 6122 6128 6124
f 6126 6122 6125
f 6126 6128 6122
f 6124 6128 6123
f 6127 6125 6123
f 6123 6128 6127
f 6127 6126 6125
f 6128 6126 6127
f 6130 6132 6129
f 6133 6130 6129
f 6129 6132 6131
f 6131 6133 6129
f 6130 6136 6132
f 6134 6130 6133
f 6134 6136 6130
f 6132 6136 6131
f 6135 6133 6131
f 6131 6136 6135
f 6135 6134 6133
f 6136 6134 6135
f 6138 6140 6137
f 6141 6138 6137
f 6137 6140 6139
f 6139 6141 6137
f 6138 6144 6140
f 6142 6138 6141
f 6142 6144 6138
f 6140 6144 6139
f 6143 6141 6139
f 6139 6144 6143
f 6143 6142 6141
f 6144 6142 6143
f 6146 6148 6145
f 6149 6146 6145
f 6145 6148 6147
f 6147 6149 6145
f 6146 6152 6148
f 6150 6146 6149
f 6150 6152 6146
f 6148 6152 6147
f 6151 6149 6147
f 6147 6152 6151
f 6151 6150 6149
f 6152 6150 6151
f 6154 6156 6153
f 6157 6154 6153
f 6153 6156 6155
f 6155 6157 6153
f 6154 6160 6156
f 6158 6154 6157
f 6158 6160 6154
f 6156 6160 6155
f 6159 6157 6155
f 6155 6160 6159
f 6159 6158 6157
f 6160 6158 6159
f 6162 6164 6161
f 6165 6162 6161
f 6161 6164 6163
f 6163 6165 6161
f 6162 6168 6164
f 6166 6162 6165
f 6166 6168 6162
f 6164 6168 6163
f 6167 6165 6163
f 6163 6168 6167
f 6167 6166 6165
f 6168 6166 6167
f 6170 6172 6169
f 6173 6170 6169
f 6169 6172 6171
f 6171 6173 6169
f 6170 6176 6172
f 6174 6170 6173
f 6174 6176 6170
f 6172 6176 6171
f 6175 6173 6171
f 6171 6176 6175
f 6175 6174 6173
f 6176 6174 6175
f 6178 6180 6177
f 6181 6178 6177
f 6177 6180 6179
f 6179 6181 6177
f 6178 6184 6180
f 6182 6178 6181
f 6182 6184 6178
f 6180 6184 6179
f 6183 6181 6179
f 6179 6184 6183
f 6183 6182 6181
f 6184 6182 6183
f 6186 6188 6185
f 6189 6186 6185
f 6185 6188 6187
f 6187 6189 6185
f 6186 6192 6188
f 6190 6186 6189
f 6190 6192 6186
f 6188 6192 6187
f 6191 6189 6187
f 6187 6192 6191
f 6191 6190 6189
f 6192 6190 6191
f 6194 6196 6193
f 6197 6194 6193
f 6193 6196 6195
f 6195 6197 6193
f 6194 6200 6196
f 6198 6194 6197
f 6198 6200 6194
f 6196 6200 6195
f 6199 6197 6195
f 6195 6200 6199
f 6199 6198 6197
f 6200 6198 6199
f 6202 6204 6201
f 6205 6202 6201
f 6201 6204 6203
f 6203 6205 6201
f 6202 6208 6204
f 6206 6202 6205
f 6206 6208 6202
f 6204 6208 6203
f 6207 6205 6203
f 6203 6208 6207
f 6207 6206 6205
f 6208 6206 6207
f 6210 6212 6209
f 6213 6210 6209
f 6209 6212 6211
f 6211 6213 6209
f 6210 6216 6212
f 6214 6210 6213
f 6214 6216 6210
f 6212 6216 6211
f 6215 6213 6211
f 6211 6216 6215
f 6215 6214 6213
f 6216 6214 6215
f 6218 6220 6217
f 6221 6218 6217
f 6217 6220 6219
f 6219 6221 6217
f 6218 6224 6220
f 6222 6218 6221
f 6222 6224 6218
f 6220 6224 6219
f 6223 6221 6219
f 6219 6224 6223
f 6223 6222 6221
f 6224 6222 6223
f 6226 6228 6225
f 6229 6226 6225
f 6225 6228 6227
f 6227 6229 6225
f 6226 6232 6228
f 6230 6226 6229
f 6230 6232 6226
f 6228 6232 6227
f 6231 6229 6227
f 6227 6232 6231
f 6231 6230 6229
f 6232 6230 6231
f 6234 6236 6233
f 6237 6234 6233
f 6233 6236 6235
f 6235 6237 6233
f 6234 6240 6236
f 6238 6234 6237
f 6238 6240 6234
f 6236 6240 6235
f 6239 6237 6235
f 6235 6240 6239
f 6239 6238 6237
f 6240 6238 6239
f 6242 6244 6241
f 6245 6242 6241
f 6241 6244 6243
f 6243 6245 6241
f 6242 6248 6244
f 6246 6242 6245
f 6246 6248 6242
f 6244 6248 6243
f 6247 6245 6243
f 6243 6248 6247
f 6247 6246 6245
f 6248 6246 6247
f 6250 6252 6249
f 6253 6250 6249
f 6249 6252 6251
f 6251 6253 6249
f 6250 6256 6252
f 6254 6250 6253
f 6254 6256 6250
f 6252 6256 6251
f 6255 6253 6251
f 6251 6256 6255
f 6255 6254 6253
f 6256 6254 6255
f 6258 6260 6257
f 6261 6258 6257
f 6257 6260 6259
f 6259 6261 6257
f 6258 6264 6260
f 6262 6258 6261
f 6262 6264 6258
f 6260 6264 6259
f 6263 6261 6259
f 6259 6264 6263
f 6263 6262 6261
f 6264 6262 6263
f 6266 6268 6265
f 6269 6266 6265
f 6265 6268 6267
f 6267 6269 6265
f 6266 6272 6268
f 6270 6266 6269
f 6270 6272 6266
f 6268 6272 6267
f 6271 6269 6267
f 6267 6272 6271
f 6271 6270 6269
f 6272 6270 6271
f 6274 6276 6273
f 6277 6274 6273
f 6273 6276 6275
f 6275 6277 6273
f 6274 6280 6276
f 6278 6274 6277
f 6278 6280 6274
f 6276 6280 6275
f 6279 6277 6275
f 6275 6280 6279
f 6279 6278 6277
f 6280 6278 6279
f 6282 6284 6281
f 6285 6282 6281
f 6281 6284 6283
f 6283 6285 6281
f 6282 6288 6284
f 6286 6282 6285
f 6286 6288 6282
f 6284 6288 6283
f 6287 6285 6283
f 6283 6288 6287
f 6287 6286 6285
f 6288 6286 6287
f 6290 6292 6289
f 6293 6290 6289
f 6289 6292 6291
f 6291 6293 6289
f 6290 6296 6292
f 6294 6290 6293
f 6294 6296 6290
f 6292 6296 6291
f 6295 6293 6291
f 6291 6296 6295
f 6295 6294 6293
f 6296 6294 6295
f 6298 6300 6297
f 6301 6298 6297
f 6297 6300 6299
f 6299 6301 6297
f 6298 6304 6300
f 6302 6298 6301
f 6302 6304 6298
f 6300 6304 6299
f 6303 6301 6299
f 6299 6304 6303
f 6303 6302 6301
f 6304 6302 6303
f 6306 6308 6305
f 6309 6306 6305
f 6305 6308 6307
f 6307 6309 6305
f 6306 6312 6308
f 6310 6306 6309
f 6310 6312 6306
f 6308 6312 6307
f 6311 6309 6307
f 6307 6312 6311
f 6311 6310 6309
f 6312 6310 6311
f 6314 6316 6313
f 6317 6314 6313
f 6313 6316 6315
f 6315 6317 6313
f 6314 6320 6316
f 6318 6314 6317
f 6318 6320 6314
f 6316 6320 6315
f 6319 6317 6315
f 6315 6320 6319
f 6319 6318 6317
f 6320 6318 6319
f 6322 6324 6321
f 6325 6322 6321
f 6321 6324 6323
f 6323 6325 6321
f 6322 6328 6324
f 6326 6322 6325
f 6326 6328 6322
f 6324 6328 6323
f 6327 6325 6323
f 6323 6328 6327
f 6327 6326 6325
f 6328 6326 6327
f 6330 6332 6329
f 6333 6330 6329
f 6329 6332 6331
f 6331 6333 6329
f 6330 6336 6332
f 6334 6330 6333
f 6334 6336 6330
f 6332 6336 6331
f 6335 6333 6331
f 6331 6336 6335
f 6335 6334 6333
f 6336 6334 6335
f 6338 6340 6337
f 6341 6338 6337
f 6337 6340 6339
f 6339 6341 6337
f 6338 6344 6340
f 6342 6338 6341
f 6342 6344 6338
f 6340 6344 6339
f 6343 6341 6339
f 6339 6344 6343
f 6343 6342 6341
f 6344 6342 6343
f 6346 6348 6345
f 6349 6346 6345
f 6345 6348 6347
f 6347 6349 6345
f 6346 6352 6348
f 6350 6346 6349
f 6350 6352 6346
f 6348 6352 6347
f 6351 6349 6347
f 6347 6352 6351
f 6351 6350 6349
f 6352 6350 6351
f 6354 6356 6353
f 6357 6354 6353
f 6353 6356 6355
f 6355 6357 6353
f 6354 6360 6356
f 6358 6354 6357
f 6358 6360 6354
f 6356 6360 6355
f 6359 6357 6355
f 6355 6360 6359
f 6359 6358 6357
f 6360 6358 6359
f 6362 6364 6361
f 6365 6362 6361
f 6361 6364 6363
f 6363 6365 6361
f 6362 6368 6364
f 6366 6362 6365
f 6366 6368 6362
f 6364 6368 6363
f 6367 6365 6363
f 6363 6368 6367
f 6367 6366 6365
f 6368 6366 6367
f 6370 6372 6369
f 6373 6370 6369
f 6369 6372 6371
f 6371 6373 6369
f 6370 6376 6372
f 6374 6370 6373
f 6374 6376 6370
f 6372 6376 6371
f 6375 6373 6371
f 6371 6376 6375
f 6375 6374 6373
f 6376 6374 6375
f 6378 6380 6377
f 6381 6378 6377
f 6377 6380 6379
f 6379 6381 6377
f 6378 6384 6380
f 6382 6378 6381
f 6382 6384 6378
f 6380 6384 6379
f 6383 6381 6379
f 6379 6384 6383
f 6383 6382 6381
f 6384 6382 6383
f 6386 6388 6385
f 6389 6386 6385
f 6385 6388 6387
f 6387 6389 6385
f 6386 6392 6388
f 6390 6386 6389
f 6390 6392 6386
f 6388 6392 6387
f 6391 6389 6387
f 6387 6392 6391
f 6391 6390 6389
f 6392 6390 6391
f 6394 6396 6393
f 6397 6394 6393
f 6393 6396 6395
f 6395 6397 6393
f 6394 6400 6396
f 6398 6394 6397
f 6398 6400 6394
f 6396 6400 6395
f 6399 6397 6395
f 6395 6400 6399
f 6399 6398 6397
f 6400 6398 6399
f 6402 6404 6401
f 6405 6402 6401
f 6401 6404 6403
f 6403 6405 6401
f 6402 6408 6404
f 6406 6402 6405
f 6406 6408 6402
f 6404 6408 6403
f 6407 6405 6403
f 6403 6408 6407
f 6407 6406 6405
f 6408 6406 6407
f 6410 6412 6409
f 6413 6410 6409
f 6409 6412 6411
f 6411 6413 6409
f 6410 6416 6412
f 6414 6410 6413
f 6414 6416 6410
f 6412 6416 6411
f 6415 6413 6411
f 6411 6416 6415
f 6415 6414 6413
f 6416 6414 6415
f 6418 6420 6417
f 6421 6418 6417
f 6417 6420 6419
f 6419 6421 6417
f 6418 6424 6420
f 6422 6418 6421
f 6422 6424 6418
f 6420 6424 6419
f 6423 6421 6419
f 6419 6424 6423
f 6423 6422 6421
f 6424 6422 6423
f 6426 6428 6425
f 6429 6426 6425
f 6425 6428 6427
f 6427 6429 6425
f 6426 6432 6428
f 6430 6426 6429
f 6430 6432 6426
f 6428 6432 6427
f 6431 6429 6427
f 6427 6432 6431
f 6431 6430 6429
f 6432 6430 6431
f 6434 6436 6433
f 6437 6434 6433
f 6433 6436 6435
f 6435 6437 6433
f 6434 6440 6436
f 6438 6434 6437
f 6438 6440 6434
f 6436 6440 6435
f 6439 6437 6435
f 6435 6440 6439
f 6439 6438 6437
f 6440 6438 6439
f 6442 6444 6441
f 6445 6442 6441
f 6441 6444 6443
f 6443 6445 6441
f 6442 6448 6444
f 6446 6442 6445
f 6446 6448 6442
f 6444 6448 6443
f 6447 6445 6443
f 6443 6448 6447
f 6447 6446 6445
f 6448 6446 6447
f 6450 6452 6449
f 6453 6450 6449
f 6449 6452 6451
f 6451 6453 6449
f 6450 6456 6452
f 6454 6450 6453
f 6454 6456 6450
f 6452 6456 6451
f 6455 6453 6451
f 6451 6456 6455
f 6455 6454 6453
f 6456 6454 6455
f 6458 6460 6457
f 6461 6458 6457
f 6457 6460 6459
f 6459 6461 6457
f 6458 6464 6460
f 6462 6458 6461
f 6462 6464 6458
f 6460 6464 6459
f 6463 6461 6459
f 6459 6464 6463
f 6463 6462 6461
f 6464 6462 6463
f 6466 6468 6465
f 6469 6466 6465
f 6465 6468 6467
f 6467 6469 6465
f 6466 6472 6468
f 6470 6466 6469
f 6470 6472 6466
f 6468 6472 6467
f 6471 6469 6467
f 6467 6472 6471
f 6471 6470 6469
f 6472 6470 6471
f 6474 6476 6473
f 6477 6474 6473
f 6473 6476 6475
f 6475 6477 6473
f 6474 6480 6476
f 6478 6474 6477
f 6478 6480 6474
f 6476 6480 6475
f 6479 6477 6475
f 6475 6480 6479
f 6479 6478 6477
f 6480 6478 6479
f 6482 6484 6481
f 6485 6482 6481
f 6481 6484 6483
f 6483 6485 6481
f 6482 6488 6484
f 6486 6482 6485
f 6486 6488 6482
f 6484 6488 6483
f 6487 6485 6483
f 6483 6488 6487
f 6487 6486 6485
f 6488 6486 6487
o spine
v 22.542 201.036 2.407
v 22.870 202.500 2.407
v 22.247 201.102 5.894
v 22.576 202.566 5.894
v 18.201 202.011 2.022
v 18.529 203.474 2.022
v 17.906 202.077 5.509
v 18.235 203.540 5.509
v 21.624 201.277 2.325
v 21.926 202.746 2.325
v 21.327 201.338 5.812
v 21.629 202.807 5.812
v 7.417 204.203 1.064
v 7.720 205.672 1.064
v 7.120 204.264 4.550
v 7.423 205.734 4.550
v 11.078 204.016 1.371
v 10.962 205.511 1.371
v 10.768 203.992 4.857
v 10.652 205.487 4.857
v -3.109 202.915 0.101
v -3.225 204.411 0.101
v -3.419 202.891 3.588
v -3.535 204.387 3.588
v 0.436 203.514 0.408
v 0.076 204.970 0.408
v 0.141 203.441 3.895
v -0.219 204.897 3.895
v -13.618 200.032 -0.853
v -13.978 201.488 -0.853
v -13.912 199.959 2.634
v -14.273 201.415 2.634
v -10.213 201.329 -0.535
v -10.886 202.669 -0.535
v -10.507 201.181 2.949
v -11.180 202.521 2.949
v -23.191 194.808 -1.907
v -23.864 196.149 -1.907
v -23.485 194.661 1.578
v -24.158 196.001 1.578
v -20.310 196.784 -1.750
v -21.304 197.908 -1.750
v -20.310 196.784 1.750
v -21.304 197.908 1.750
v -32.959 185.600 -1.750
v -33.953 186.723 -1.750
v -32.959 185.600 1.750
v -33.953 186.723 1.750
v -30.622 188.462 -1.750
v -31.921 189.211 -1.750
v -30.622 188.462 1.750
v -31.921 189.211 1.750
v -39.131 173.698 -1.750
v -40.431 174.447 -1.750
v -39.131 173.698 1.750
v -40.431 174.447 1.750
v -37.600 176.973 -1.750
v -39.008 177.490 -1.750
v -37.600 176.973 1.750
v -39.008 177.490 1.750
v -43.120 161.934 -1.750
v -44.528 162.451 -1.750
v -43.120 161.934 1.750
v -44.528 162.451 1.750
v -42.246 165.471 -1.750
v -43.733 165.669 -1.750
v -42.246 165.471 1.750
v -43.733 165.669 1.750
v -44.423 149.181 -1.750
v -45.910 149.380 -1.750
v -44.423 149.181 1.750
v -45.910 149.380 1.750
v -43.405 153.132 -1.539
v -46.885 152.752 -1.539
v -43.362 152.734 1.939
v -46.841 152.354 1.939
v -41.695 137.461 -3.352
v -45.174 137.081 -3.352
v -41.651 137.063 0.125
v -45.131 136.683 0.125
v -42.751 141.388 -2.742
v -46.001 140.090 -2.742
v -42.469 140.684 0.674
v -45.720 139.385 0.674
v -37.163 127.403 -6.088
v -40.413 126.104 -6.088
v -36.881 126.698 -2.671
v -40.132 125.400 -2.671
v -40.486 130.423 -5.344
v -41.886 127.215 -5.344
v -39.813 130.129 -1.922
v -41.212 126.921 -1.922
v -20.699 121.790 -9.980
v -22.098 118.582 -9.980
v -20.025 121.496 -6.558
v -21.425 118.288 -6.558
v -24.098 122.762 -9.598
v -24.711 119.316 -9.598
v -23.993 122.744 -6.099
v -24.607 119.298 -6.099
v -2.427 118.904 -10.265
v -3.040 115.458 -10.265
v -2.322 118.886 -6.766
v -2.936 115.440 -6.766
v -4.968 119.718 -10.425
v -6.535 116.589 -10.425
v -5.375 119.922 -6.955
v -6.942 116.792 -6.955
v 14.933 109.757 -7.508
v 13.366 106.628 -7.508
v 14.526 109.961 -4.037
v 12.959 106.831 -4.037
v 12.476 111.297 -8.056
v 10.212 108.627 -8.056
v 11.958 111.735 -4.622
v 9.695 109.066 -4.622
v 30.538 95.978 -3.378
v 28.274 93.308 -3.378
v 30.021 96.416 0.056
v 27.757 93.747 0.056
v 28.428 98.247 -3.915
v 25.513 96.309 -3.915
v 28.236 98.537 -0.433
v 25.321 96.599 -0.433
v 41.436 78.676 -1.567
v 38.521 76.739 -1.567
v 41.243 78.966 1.915
v 38.328 77.028 1.915
v 40.131 81.460 -1.750
v 36.761 80.515 -1.750
v 40.131 81.460 1.750
v 36.761 80.515 1.750
v 46.209 59.787 -1.750
v 42.839 58.842 -1.750
v 46.209 59.787 1.750
v 42.839 58.842 1.750
v 46.037 62.476 -1.750
v 42.575 62.986 -1.750
v 46.037 62.476 1.750
v 42.575 62.986 1.750
v 42.864 40.936 -1.750
v 39.401 41.446 -1.750
v 42.864 40.936 1.750
v 39.401 41.446 1.750
v -29.088 35.077 -1.750
v -26.398 37.317 -1.750
v -29.088 35.077 1.750
v -26.398 37.317 1.750
v -43.339 52.191 -1.750
v -40.649 54.431 -1.750
v -43.339 52.191 1.750
v -40.649 54.431 1.750
v -41.942 49.733 -1.750
v -38.641 50.899 -1.750
v -41.942 49.733 1.750
v -38.641 50.899 1.750
v -49.522 71.189 -1.750
v -46.221 72.355 -1.750
v -49.522 71.189 1.750
v -46.221 72.355 1.750
v -49.063 68.507 -1.852
v -45.563 68.455 -1.852
v -49.066 68.296 1.641
v -45.566 68.244 1.641
v -48.764 88.566 -0.641
v -45.265 88.514 -0.641
v -48.767 88.355 2.852
v -45.268 88.303 2.852
v -49.246 85.968 -0.952
v -46.023 84.605 -0.952
v -49.414 85.572 2.522
v -46.190 84.209 2.522
v -41.604 104.051 1.478
v -38.380 102.689 1.478
v -41.772 103.655 4.952
v -38.548 102.292 4.952
v -42.870 102.261 0.944
v -40.926 99.351 0.944
v -43.434 101.885 4.378
v -41.489 98.975 4.378
v -23.162 115.432 5.622
v -21.217 112.522 5.622
v -23.725 115.056 9.056
v -21.780 112.146 9.056
v -25.995 113.943 5.113
v -24.817 110.648 5.113
v -26.265 113.847 8.601
v -25.086 110.551 8.601
v -5.499 121.275 6.898
v -4.320 117.980 6.898
v -5.768 121.179 10.386
v -4.590 117.883 10.386
v -9.202 119.547 6.902
v -7.434 116.526 6.902
v -8.949 119.695 10.389
v -7.181 116.675 10.389
v 9.172 130.305 5.109
v 10.940 127.285 5.109
v 9.425 130.453 8.597
v 11.193 127.433 8.597
v 6.010 128.420 5.628
v 7.820 125.425 5.628
v 6.599 128.776 9.060
v 8.409 125.781 9.060
v 26.023 140.513 0.940
v 27.833 137.517 0.940
v 26.612 140.868 4.372
v 28.422 137.873 4.372
v 23.122 138.574 1.520
v 25.159 135.728 1.520
v 23.532 138.867 4.984
v 25.568 136.021 4.984
v 39.924 150.594 -1.484
v 41.960 147.747 -1.484
v 40.333 150.887 1.980
v 42.370 148.040 1.980
v 37.323 147.561 -1.172
v 40.385 145.865 -1.172
v 37.398 147.696 2.325
v 40.459 145.999 2.325
v 44.324 160.198 -1.806
v 47.386 158.502 -1.806
v 44.399 160.333 1.690
v 47.460 158.636 1.690
v 43.645 155.845 -1.728
v 47.086 156.484 -1.728
v 43.644 155.851 1.772
v 47.085 156.490 1.772
v 41.028 169.923 -1.753
v 44.469 170.563 -1.753
v 41.027 169.929 1.747
v 44.468 170.569 1.747
v 42.385 168.215 -1.750
v 43.750 168.836 -1.750
v 42.385 168.215 1.750
v 43.750 168.836 1.750
v 28.913 197.873 -1.750
v 30.278 198.493 -1.750
v 28.913 197.873 1.750
v 30.278 198.493 1.750
f 6490 6492 6489
f 6493 6490 6489
f 6489 6492 6491
f 6491 6493 6489
f 6490 6496 6492
f 6494 6490 6493
f 6494 6496 6490
f 6492 6496 6491
f 6495 6493 6491
f 6491 6496 6495
f 6495 6494 6493
f 6496 6494 6495
f 6498 6500 6497
f 6501 6498 6497
f 6497 6500 6499
f 6499 6501 6497
f 6498 6504 6500
f 6502 6498 6501
f 6502 6504 6498
f 6500 6504 6499
f 6503 6501 6499
f 6499 6504 6503
f 6503 6502 6501
f 6504 6502 6503
f 6506 6508 6505
f 6509 6506 6505
f 6505 6508 6507
f 6507 6509 6505
f 6506 6512 6508
f 6510 6506 6509
f 6510 6512 6506
f 6508 6512 6507
f 6511 6509 6507
f 6507 6512 6511
f 6511 6510 6509
f 6512 6510 6511
f 6514 6516 6513
f 6517 6514 6513
f 6513 6516 6515
f 6515 6517 6513
f 6514 6520 6516
f 6518 6514 6517
f 6518 6520 6514
f 6516 6520 6515
f 6519 6517 6515
f 6515 6520 6519
f 6519 6518 6517
f 6520 6518 6519
f 6522 6524 6521
f 6525 6522 6521
f 6521 6524 6523
f 6523 6525 6521
f 6522 6528 6524
f 6526 6522 6525
f 6526 6528 6522
f 6524 6528 6523
f 6527 6525 6523
f 6523 6528 6527
f 6527 6526 6525
f 6528 6526 6527
f 6530 6532 6529
f 6533 6530 6529
f 6529 6532 6531
f 6531 6533 6529
f 6530 6536 6532
f 6534 6530 6533
f 6534 6536 6530
f 6532 6536 6531
f 6535 6533 6531
f 6531 6536 6535
f 6535 6534 6533
f 6536 6534 6535
f 6538 6540 6537
f 6541 6538 6537
f 6537 6540 6539
f 6539 6541 6537
f 6538 6544 6540
f 6542 6538 6541
f 6542 6544 6538
f 6540 6544 6539
f 6543 6541 6539
f 6539 6544 6543
f 6543 6542 6541
f 6544 6542 6543
f 6546 6548 6545
f 6549 6546 6545
f 6545 6548 6547
f 6547 6549 6545
f 6546 6552 6548
f 6550 6546 6549
f 6550 6552 6546
f 6548 6552 6547
f 6551 6549 6547
f 6547 6552 6551
f 6551 6550 6549
f 6552 6550 6551
f 6554 6556 6553
f 6557 6554 6553
f 6553 6556 6555
f 6555 6557 6553
f 6554 6560 6556
f 6558 6554 6557
f 6558 6560 6554
f 6556 6560 6555
f 6559 6557 6555
f 6555 6560 6559
f 6559 6558 6557
f 6560 6558 6559
f 6562 6564 6561
f 6565 6562 6561
f 6561 6564 6563
f 6563 6565 6561
f 6562 6568 6564
f 6566 6562 6565
f 6566 6568 6562
f 6564 6568 6563
f 6567 6565 6563
f 6563 6568 6567
f 6567 6566 6565
f 6568 6566 6567
f 6570 6572 6569
f 6573 6570 6569
f 6569 6572 6571
f 6571 6573 6569
f 6570 6576 6572
f 6574 6570 6573
f 6574 6576 6570
f 6572 6576 6571
f 6575 6573 6571
f 6571 6576 6575
f 6575 6574 6573
f 6576 6574 6575
f 6578 6580 6577
f 6581 6578 6577
f 6577 6580 6579
f 6579 6581 6577
f 6578 6584 6580
f 6582 6578 6581
f 6582 6584 6578
f 6580 6584 6579
f 6583 6581 6579
f 6579 6584 6583
f 6583 6582 6581
f 6584 6582 6583
f 6586 6588 6585
f 6589 6586 6585
f 6585 6588 6587
f 6587 6589 6585
f 6586 6592 6588
f 6590 6586 6589
f 6590 6592 6586
f 6588 6592 6587
f 6591 6589 6587
f 6587 6592 6591
f 6591 6590 6589
f 6592 6590 6591
f 6594 6596 6593
f 6597 6594 6593
f 6593 6596 6595
f 6595 6597 6593
f 6594 6600 6596
f 6598 6594 6597
f 6598 6600 6594
f 6596 6600 6595
f 6599 6597 6595
f 6595 6600 6599
f 6599 6598 6597
f 6600 6598 6599
f 6602 6604 6601
f 6605 6602 6601
f 6601 6604 6603
f 6603 6605 6601
f 6602 6608 6604
f 6606 6602 6605
f 6606 6608 6602
f 6604 6608 6603
f 6607 6605 6603
f 6603 6608 6607
f 6607 6606 6605
f 6608 6606 6607
f 6610 6612 6609
f 6613 6610 6609
f 6609 6612 6611
f 6611 6613 6609
f 6610 6616 6612
f 6614 6610 6613
f 6614 6616 6610
f 6612 6616 6611
f 6615 6613 6611
f 6611 6616 6615
f 6615 6614 6613
f 6616 6614 6615
f 6618 6620 6617
f 6621 6618 6617
f 6617 6620 6619
f 6619 6621 6617
f 6618 6624 6620
f 6622 6618 6621
f 6622 6624 6618
f 6620 6624 6619
f 6623 6621 6619
f 6619 6624 6623
f 6623 6622 6621
f 6624 6622 6623
f 6626 6628 6625
f 6629 6626 6625
f 6625 6628 6627
f 6627 6629 6625
f 6626 6632 6628
f 6630 6626 6629
f 6630 6632 6626
f 6628 6632 6627
f 6631 6629 6627
f 6627 6632 6631
f 6631 6630 6629
f 6632 6630 6631
f 6634 6636 6633
f 6637 6634 6633
f 6633 6636 6635
f 6635 6637 6633
f 6634 6640 6636
f 6638 6634 6637
f 6638 6640 6634
f 6636 6640 6635
f 6639 6637 6635
f 6635 6640 6639
f 6639 6638 6637
f 6640 6638 6639
f 6642 6644 6641
f 6645 6642 6641
f 6641 6644 6643
f 6643 6645 6641
f 6642 6648 6644
f 6646 6642 6645
f 6646 6648 6642
f 6644 6648 6643
f 6647 6645 6643
f 6643 6648 6647
f 6647 6646 6645
f 6648 6646 6647
f 6650 6652 6649
f 6653 6650 6649
f 6649 6652 6651
f 6651 6653 6649
f 6650 6656 6652
f 6654 6650 6653
f 6654 6656 6650
f 6652 6656 6651
f 6655 6653 6651
f 6651 6656 6655
f 6655 6654 6653
f 6656 6654 6655
f 6658 6660 6657
f 6661 6658 6657
f 6657 6660 6659
f 6659 6661 6657
f 6658 6664 6660
f 6662 6658 6661
f 6662 6664 6658
f 6660 6664 6659
f 6663 6661 6659
f 6659 6664 6663
f 6663 6662 6661
f 6664 6662 6663
f 6666 6668 6665
f 6669 6666 6665
f 6665 6668 6667
f 6667 6669 6665
f 6666 6672 6668
f 6670 6666 6669
f 6670 6672 6666
f 6668 6672 6667
f 6671 6669 6667
f 6667 6672 6671
f 6671 6670 6669
f 6672 6670 6671
f 6674 6676 6673
f 6677 6674 6673
f 6673 6676 6675
f 6675 6677 6673
f 6674 6680 6676
f 6678 6674 6677
f 6678 6680 6674
f 6676 6680 6675
f 6679 6677 6675
f 6675 6680 6679
f 6679 6678 6677
f 6680 6678 6679
f 6682 6684 6681
f 6685 6682 6681
f 6681 6684 6683
f 6683 6685 6681
f 6682 6688 6684
f 6686 6682 6685
f 6686 6688 6682
f 6684 6688 6683
f 6687 6685 6683
f 6683 6688 6687
f 6687 6686 6685
f 6688 6686 6687
f 6690 6692 6689
f 6693 6690 6689
f 6689 6692 6691
f 6691 6693 6689
f 6690 6696 6692
f 6694 6690 6693
f 6694 6696 6690
f 6692 6696 6691
f 6695 6693 6691
f 6691 6696 6695
f 6695 6694 6693
f 6696 6694 6695
f 6698 6700 6697
f 6701 6698 6697
f 6697 6700 6699
f 6699 6701 6697
f 6698 6704 6700
f 6702 6698 6701
f 6702 6704 6698
f 6700 6704 6699
f 6703 6701 6699
f 6699 6704 6703
f 6703 6702 6701
f 6704 6702 6703
f 6706 6708 6705
f 6709 6706 6705
f 6705 6708 6707
f 6707 6709 6705
f 6706 6712 6708
f 6710 6706 6709
f 6710 6712 6706
f 6708 6712 6707
f 6711 6709 6707
f 6707 6712 6711
f 6711 6710 6709
f 6712 6710 6711
f 6714 6716 6713
f 6717 6714 6713
f 6713 6716 6715
f 6715 6717 6713
f 6714 6720 6716
f 6718 6714 6717
f 6718 6720 6714
f 6716 6720 6715
f 6719 6717 6715
f 6715 6720 6719
f 6719 6718 6717
f 6720 6718 6719
f 6722 6724 6721
f 6725 6722 6721
f 6721 6724 6723
f 6723 6725 6721
f 6722 6728 6724
f 6726 6722 6725
f 6726 6728 6722
f 6724 6728 6723
f 6727 6725 6723
f 6723 6728 6727
f 6727 6726 6725
f 6728 6726 6727
o head
v 43.139 168.158 0.000
v 37.250 167.009 0.000
v 37.107 167.745 0.000
v 42.996 168.894 0.000
v 37.364 167.031 1.171
v 37.220 167.767 1.171
v 37.699 167.096 2.296
v 37.555 167.832 2.296
v 38.243 167.202 3.333
v 38.099 167.938 3.333
v 38.975 167.345 4.243
v 38.832 168.081 4.243
v 39.868 167.519 4.989
v 39.724 168.255 4.989
v 40.886 167.718 5.543
v 40.742 168.454 5.543
v 41.991 167.933 5.885
v 41.847 168.669 5.885
v 43.139 168.158 6.000
v 42.996 168.894 6.000
v 44.288 168.382 5.885
v 44.145 169.118 5.885
v 45.393 168.597 5.543
v 45.249 169.333 5.543
v 46.411 168.796 4.989
v 46.268 169.532 4.989
v 47.304 168.970 4.243
v 47.160 169.706 4.243
v 48.036 169.113 3.333
v 47.892 169.849 3.333
v 48.580 169.219 2.296
v 48.437 169.955 2.296
v 48.915 169.284 1.171
v 48.772 170.021 1.171
v 49.028 169.306 0.000
v 48.885 170.043 0.000
v 48.915 169.284 -1.171
v 48.772 170.021 -1.171
v 48.580 169.219 -2.296
v 48.437 169.955 -2.296
v 48.036 169.113 -3.333
v 47.892 169.849 -3.333
v 47.304 168.970 -4.243
v 47.160 169.706 -4.243
v 46.411 168.796 -4.989
v 46.268 169.532 -4.989
v 45.393 168.597 -5.543
v 45.249 169.333 -5.543
v 44.288 168.382 -5.885
v 44.145 169.118 -5.885
v 43.139 168.158 -6.000
v 42.996 168.894 -6.000
v 41.991 167.933 -5.885
v 41.847 168.669 -5.885
v 40.886 167.718 -5.543
v 40.742 168.454 -5.543
v 39.868 167.519 -4.989
v 39.724 168.255 -4.989
v 38.975 167.345 -4.243
v 38.832 168.081 -4.243
v 38.243 167.202 -3.333
v 38.099 167.938 -3.333
v 37.699 167.096 -2.296
v 37.555 167.832 -2.296
v 37.364 167.031 -1.171
v 37.220 167.767 -1.171
v 41.742 175.231 0.000
v 34.101 172.858 0.000
v 33.879 173.575 0.000
v 41.519 175.947 0.000
v 34.248 172.904 1.756
v 34.026 173.620 1.756
v 34.683 173.039 3.444
v 34.461 173.755 3.444
v 35.389 173.258 5.000
v 35.167 173.974 5.000
v 36.339 173.553 6.364
v 36.117 174.270 6.364
v 37.497 173.913 7.483
v 37.274 174.629 7.483
v 38.818 174.323 8.315
v 38.595 175.039 8.315
v 40.251 174.768 8.827
v 40.029 175.484 8.827
v 41.742 175.231 9.000
v 41.519 175.947 9.000
v 43.232 175.693 8.827
v 43.010 176.410 8.827
v 44.665 176.138 8.315
v 44.443 176.855 8.315
v 45.986 176.549 7.483
v 45.764 177.265 7.483
v 47.144 176.908 6.364
v 46.922 177.624 6.364
v 48.094 177.203 5.000
v 47.872 177.919 5.000
v 48.800 177.422 3.444
v 48.578 178.139 3.444
v 49.235 177.557 1.756
v 49.013 178.274 1.756
v 49.382 177.603 0.000
v 49.159 178.319 0.000
v 49.235 177.557 -1.756
v 49.013 178.274 -1.756
v 48.800 177.422 -3.444
v 48.578 178.139 -3.444
v 48.094 177.203 -5.000
v 47.872 177.919 -5.000
v 47.144 176.908 -6.364
v 46.922 177.624 -6.364
v 45.986 176.549 -7.483
v 45.764 177.265 -7.483
v 44.665 176.138 -8.315
v 44.443 176.855 -8.315
v 43.232 175.693 -8.827
v 43.010 176.410 -8.827
v 41.742 175.231 -9.000
v 41.519 175.947 -9.000
v 40.251 174.768 -8.827
v 40.029 175.484 -8.827
v 38.818 174.323 -8.315
v 38.595 175.039 -8.315
v 37.497 173.913 -7.483
v 37.274 174.629 -7.483
v 36.339 173.553 -6.364
v 36.117 174.270 -6.364
v 35.389 173.258 -5.000
v 35.167 173.974 -5.000
v 34.683 173.039 -3.444
v 34.461 173.755 -3.444
v 34.248 172.904 -1.756
v 34.026 173.620 -1.756
v 38.428 183.143 0.000
v 30.855 179.283 0.000
v 30.515 179.951 0.000
v 38.088 183.811 0.000
v 31.001 179.357 2.146
v 30.660 180.025 2.146
v 31.432 179.576 4.210
v 31.091 180.245 4.210
v 32.132 179.933 6.111
v 31.791 180.601 6.111
v 33.073 180.413 7.778
v 32.733 181.081 7.778
v 34.221 180.998 9.146
v 33.880 181.666 9.146
v 35.530 181.666 10.163
v 35.190 182.334 10.163
v 36.951 182.390 10.789
v 36.610 183.058 10.789
v 38.428 183.143 11.000
v 38.088 183.811 11.000
v 39.906 183.896 10.789
v 39.565 184.564 10.789
v 41.326 184.620 10.163
v 40.986 185.288 10.163
v 42.635 185.288 9.146
v 42.295 185.956 9.146
v 43.783 185.873 7.778
v 43.442 186.541 7.778
v 44.725 186.353 6.111
v 44.384 187.021 6.111
v 45.425 186.709 4.210
v 45.084 187.378 4.210
v 45.856 186.929 2.146
v 45.515 187.597 2.146
v 46.001 187.003 0.000
v 45.660 187.671 0.000
v 45.856 186.929 -2.146
v 45.515 187.597 -2.146
v 45.425 186.709 -4.210
v 45.084 187.378 -4.210
v 44.725 186.353 -6.111
v 44.384 187.021 -6.111
v 43.783 185.873 -7.778
v 43.442 186.541 -7.778
v 42.635 185.288 -9.146
v 42.295 185.956 -9.146
v 41.326 184.620 -10.163
v 40.986 185.288 -10.163
v 39.906 183.896 -10.789
v 39.565 184.564 -10.789
v 38.428 183.143 -11.000
v 38.088 183.811 -11.000
v 36.951 182.390 -10.789
v 36.610 183.058 -10.789
v 35.530 181.666 -10.163
v 35.190 182.334 -10.163
v 34.221 180.998 -9.146
v 33.880 181.666 -9.146
v 33.073 180.413 -7.778
v 32.733 181.081 -7.778
v 32.132 179.933 -6.111
v 31.791 180.601 -6.111
v 31.432 179.576 -4.210
v 31.091 180.245 -4.210
v 31.001 179.357 -2.146
v 30.660 180.025 -2.146
v 33.790 191.085 0.000
v 28.628 188.026 0.000
v 28.246 188.671 0.000
v 33.407 191.730 0.000
v 28.727 188.085 1.561
v 28.345 188.730 1.561
v 29.021 188.259 3.061
v 28.639 188.904 3.061
v 29.498 188.542 4.445
v 29.116 189.187 4.445
v 30.140 188.922 5.657
v 29.758 189.567 5.657
v 30.922 189.386 6.652
v 30.540 190.031 6.652
v 31.814 189.915 7.391
v 31.432 190.560 7.391
v 32.783 190.488 7.846
v 32.400 191.134 7.846
v 33.790 191.085 8.000
v 33.407 191.730 8.000
v 34.797 191.682 7.846
v 34.414 192.327 7.846
v 35.765 192.256 7.391
v 35.383 192.901 7.391
v 36.657 192.785 6.652
v 36.275 193.430 6.652
v 37.440 193.248 5.657
v 37.057 193.893 5.657
v 38.082 193.629 4.445
v 37.699 194.274 4.445
v 38.559 193.911 3.061
v 38.176 194.556 3.061
v 38.852 194.085 1.561
v 38.470 194.730 1.561
v 38.951 194.144 0.000
v 38.569 194.789 0.000
v 38.852 194.085 -1.561
v 38.470 194.730 -1.561
v 38.559 193.911 -3.061
v 38.176 194.556 -3.061
v 38.082 193.629 -4.445
v 37.699 194.274 -4.445
v 37.440 193.248 -5.657
v 37.057 193.893 -5.657
v 36.657 192.785 -6.652
v 36.275 193.430 -6.652
v 35.765 192.256 -7.391
v 35.383 192.901 -7.391
v 34.797 191.682 -7.846
v 34.414 192.327 -7.846
v 33.790 191.085 -8.000
v 33.407 191.730 -8.000
v 32.783 190.488 -7.846
v 32.400 191.134 -7.846
v 31.814 189.915 -7.391
v 31.432 190.560 -7.391
v 30.922 189.386 -6.652
v 30.540 190.031 -6.652
v 30.140 188.922 -5.657
v 29.758 189.567 -5.657
v 29.498 188.542 -4.445
v 29.116 189.187 -4.445
v 29.021 188.259 -3.061
v 28.639 188.904 -3.061
v 28.727 188.085 -1.561
v 28.345 188.730 -1.561
v 29.786 197.860 0.000
v 27.634 196.588 0.000
v 27.253 197.234 0.000
v 29.405 198.506 0.000
v 27.675 196.613 0.683
v 27.294 197.258 0.683
v 27.798 196.685 1.339
v 27.416 197.331 1.339
v 27.997 196.802 1.944
v 27.615 197.448 1.944
v 28.264 196.961 2.475
v 27.883 197.606 2.475
v 28.591 197.153 2.910
v 28.209 197.799 2.910
v 28.963 197.373 3.234
v 28.581 198.019 3.234
v 29.366 197.612 3.433
v 28.985 198.258 3.433
v 29.786 197.860 3.500
v 29.405 198.506 3.500
v 30.206 198.108 3.433
v 29.825 198.754 3.433
v 30.610 198.347 3.234
v 30.228 198.992 3.234
v 30.982 198.567 2.910
v 30.601 199.212 2.910
v 31.308 198.759 2.475
v 30.927 199.405 2.475
v 31.576 198.918 1.944
v 31.194 199.563 1.944
v 31.775 199.035 1.339
v 31.393 199.681 1.339
v 31.897 199.107 0.683
v 31.516 199.753 0.683
v 31.939 199.132 0.000
v 31.557 199.778 0.000
v 31.897 199.107 -0.683
v 31.516 199.753 -0.683
v 31.775 199.035 -1.339
v 31.393 199.681 -1.339
v 31.576 198.918 -1.944
v 31.194 199.563 -1.944
v 31.308 198.759 -2.475
v 30.927 199.405 -2.475
v 30.982 198.567 -2.910
v 30.601 199.212 -2.910
v 30.610 198.347 -3.234
v 30.228 198.992 -3.234
v 30.206 198.108 -3.433
v 29.825 198.754 -3.433
v 29.786 197.860 -3.500
v 29.405 198.506 -3.500
v 29.366 197.612 -3.433
v 28.985 198.258 -3.433
v 28.963 197.373 -3.234
v 28.581 198.019 -3.234
v 28.591 197.153 -2.910
v 28.209 197.799 -2.910
v 28.264 196.961 -2.475
v 27.883 197.606 -2.475
v 27.997 196.802 -1.944
v 27.615 197.448 -1.944
v 27.798 196.685 -1.339
v 27.416 197.331 -1.339
v 27.675 196.613 -0.683
v 27.294 197.258 -0.683
v 37.298 167.157 -0.750
v 37.298 167.157 0.750
v 36.640 166.798 -0.750
v 36.640 166.798 0.750
v 33.870 173.436 -0.750
v 33.870 173.436 0.750
v 33.212 173.077 -0.750
v 33.212 173.077 0.750
v 37.448 167.229 1.563
v 38.031 167.261 2.945
v 36.846 166.868 1.826
v 37.429 166.900 3.207
v 34.167 173.600 2.796
v 34.750 173.633 4.177
v 33.565 173.239 3.058
v 34.148 173.271 4.440
v 38.466 167.445 3.641
v 39.530 167.543 4.694
v 38.020 167.086 4.125
v 39.083 167.185 5.179
v 35.602 174.081 5.912
v 36.665 174.180 6.966
v 35.155 173.723 6.396
v 36.218 173.821 7.450
v 40.198 167.765 5.165
v 41.571 167.964 5.736
v 39.983 167.430 5.800
v 41.356 167.628 6.371
v 37.949 174.803 8.122
v 39.322 175.001 8.693
v 37.734 174.467 8.758
v 39.107 174.666 9.328
v 42.379 168.150 5.904
v 43.849 168.449 5.904
v 42.436 167.867 6.596
v 43.906 168.167 6.596
v 40.849 175.665 9.096
v 42.319 175.965 9.096
v 40.907 175.383 9.788
v 42.377 175.682 9.788
v 44.674 168.558 5.744
v 46.016 168.906 5.171
v 45.002 168.354 6.387
v 46.343 168.702 5.814
v 43.859 176.556 8.688
v 45.201 176.904 8.114
v 44.187 176.353 9.331
v 45.529 176.701 8.758
v 46.730 168.942 4.708
v 47.746 169.251 3.648
v 47.281 168.824 5.202
v 48.297 169.133 4.143
v 46.519 177.353 6.958
v 47.535 177.662 5.899
v 47.070 177.235 7.453
v 48.086 177.544 6.393
v 48.230 169.249 2.954
v 48.776 169.431 1.569
v 48.928 169.196 3.223
v 49.474 169.378 1.838
v 48.421 177.937 4.171
v 48.968 178.119 2.786
v 49.119 177.884 4.440
v 49.666 178.066 3.055
v 48.947 169.425 0.750
v 48.947 169.425 -0.750
v 49.697 169.396 0.750
v 49.697 169.396 -0.750
v 49.280 178.211 0.750
v 49.280 178.211 -0.750
v 50.029 178.182 0.750
v 50.029 178.182 -0.750
v 48.776 169.431 -1.569
v 48.230 169.249 -2.954
v 49.474 169.378 -1.838
v 48.928 169.196 -3.223
v 48.968 178.119 -2.786
v 48.421 177.937 -4.171
v 49.666 178.066 -3.055
v 49.119 177.884 -4.440
v 47.746 169.251 -3.648
v 46.730 168.942 -4.708
v 48.297 169.133 -4.143
v 47.281 168.824 -5.202
v 47.535 177.662 -5.899
v 46.519 177.353 -6.958
v 48.086 177.544 -6.393
v 47.070 177.235 -7.453
v 46.016 168.906 -5.171
v 44.674 168.558 -5.744
v 46.343 168.702 -5.814
v 45.002 168.354 -6.387
v 45.201 176.904 -8.114
v 43.859 176.556 -8.688
v 45.529 176.701 -8.758
v 44.187 176.353 -9.331
v 43.849 168.449 -5.904
v 42.379 168.150 -5.904
v 43.906 168.167 -6.596
v 42.436 167.867 -6.596
v 42.319 175.965 -9.096
v 40.849 175.665 -9.096
v 42.377 175.682 -9.788
v 40.907 175.383 -9.788
v 41.571 167.964 -5.736
v 40.198 167.765 -5.165
v 41.356 167.628 -6.371
v 39.983 167.430 -5.800
v 39.322 175.001 -8.693
v 37.949 174.803 -8.122
v 39.107 174.666 -9.328
v 37.734 174.467 -8.758
v 39.530 167.543 -4.694
v 38.466 167.445 -3.641
v 39.083 167.185 -5.179
v 38.020 167.086 -4.125
v 36.665 174.180 -6.966
v 35.602 174.081 -5.912
v 36.218 173.821 -7.450
v 35.155 173.723 -6.396
v 38.031 167.261 -2.945
v 37.448 167.229 -1.563
v 37.429 166.900 -3.207
v 36.846 166.868 -1.826
v 34.750 173.633 -4.177
v 34.167 173.600 -2.796
v 34.148 173.271 -4.440
v 33.565 173.239 -3.058
v 34.105 172.994 -0.750
v 34.105 172.994 0.750
v 33.438 172.650 -0.750
v 33.438 172.650 0.750
v 30.570 179.839 -0.750
v 30.570 179.839 0.750
v 29.904 179.495 -0.750
v 29.904 179.495 0.750
v 34.400 173.112 2.727
v 34.969 173.239 4.109
v 33.794 172.771 3.008
v 34.363 172.898 4.390
v 30.864 180.069 3.544
v 31.433 180.195 4.927
v 30.258 179.728 3.825
v 30.827 179.854 5.207
v 35.821 173.549 5.791
v 36.850 173.831 6.846
v 35.381 173.229 6.306
v 36.409 173.510 7.361
v 32.281 180.827 7.296
v 33.310 181.109 8.351
v 31.841 180.507 7.812
v 32.869 180.788 8.867
v 38.153 174.232 7.973
v 39.463 174.687 8.545
v 37.950 173.970 8.646
v 39.261 174.424 9.218
v 34.603 181.994 9.933
v 35.914 182.449 10.504
v 34.401 181.731 10.606
v 35.711 182.186 11.177
v 41.036 175.070 8.943
v 42.416 175.660 8.943
v 41.103 174.914 9.674
v 42.483 175.503 9.674
v 37.473 183.406 11.057
v 38.852 183.996 11.057
v 37.539 183.249 11.787
v 38.919 183.839 11.787
v 44.026 175.958 8.551
v 45.265 176.581 7.980
v 44.347 175.939 9.228
v 45.587 176.562 8.657
v 40.445 184.870 10.498
v 41.684 185.493 9.927
v 40.766 184.851 11.175
v 42.006 185.474 10.604
v 46.656 176.774 6.855
v 47.586 177.297 5.800
v 47.181 176.892 7.377
v 48.111 177.415 6.322
v 43.059 186.176 8.342
v 43.989 186.699 7.287
v 43.585 186.295 8.864
v 44.515 186.817 7.809
v 48.526 177.397 4.116
v 49.025 177.696 2.734
v 49.184 177.618 4.401
v 49.683 177.917 3.019
v 44.918 187.128 4.920
v 45.417 187.427 3.538
v 45.576 187.348 5.205
v 46.075 187.647 3.823
v 49.357 177.726 0.750
v 49.357 177.726 -0.750
v 50.061 177.985 0.750
v 50.061 177.985 -0.750
v 45.745 187.572 0.750
v 45.745 187.572 -0.750
v 46.449 187.830 0.750
v 46.449 187.830 -0.750
v 49.025 177.696 -2.734
v 48.526 177.397 -4.116
v 49.683 177.917 -3.019
v 49.184 177.618 -4.401
v 45.417 187.427 -3.538
v 44.918 187.128 -4.920
v 46.075 187.647 -3.823
v 45.576 187.348 -5.205
v 47.586 177.297 -5.800
v 46.656 176.774 -6.855
v 48.111 177.415 -6.322
v 47.181 176.892 -7.377
v 43.989 186.699 -7.287
v 43.059 186.176 -8.342
v 44.515 186.817 -7.809
v 43.585 186.295 -8.864
v 45.265 176.581 -7.980
v 44.026 175.958 -8.551
v 45.587 176.562 -8.657
v 44.347 175.939 -9.228
v 41.684 185.493 -9.927
v 40.445 184.870 -10.498
v 42.006 185.474 -10.604
v 40.766 184.851 -11.175
v 42.416 175.660 -8.943
v 41.036 175.070 -8.943
v 42.483 175.503 -9.674
v 41.103 174.914 -9.674
v 38.852 183.996 -11.057
v 37.473 183.406 -11.057
v 38.919 183.839 -11.787
v 37.539 183.249 -11.787
v 39.463 174.687 -8.545
v 38.153 174.232 -7.973
v 39.261 174.424 -9.218
v 37.950 173.970 -8.646
v 35.914 182.449 -10.504
v 34.603 181.994 -9.933
v 35.711 182.186 -11.177
v 34.401 181.731 -10.606
v 36.850 173.831 -6.846
v 35.821 173.549 -5.791
v 36.409 173.510 -7.361
v 35.381 173.229 -6.306
v 33.310 181.109 -8.351
v 32.281 180.827 -7.296
v 32.869 180.788 -8.867
v 31.841 180.507 -7.812
v 34.969 173.239 -4.109
v 34.400 173.112 -2.727
v 34.363 172.898 -4.390
v 33.794 172.771 -3.008
v 31.433 180.195 -4.927
v 30.864 180.069 -3.544
v 30.827 179.854 -5.207
v 30.258 179.728 -3.825
v 30.747 179.375 -0.750
v 30.747 179.375 0.750
v 30.021 179.188 -0.750
v 30.021 179.188 0.750
v 28.375 188.591 -0.750
v 28.375 188.591 0.750
v 27.648 188.404 -0.750
v 27.648 188.404 0.750
v 31.088 179.513 3.549
v 31.568 179.831 4.934
v 30.407 179.358 3.821
v 30.887 179.676 5.206
v 28.523 188.661 2.337
v 29.003 188.980 3.722
v 27.841 188.506 2.609
v 28.321 188.824 3.994
v 32.536 180.230 7.306
v 33.430 180.805 8.365
v 31.984 180.163 7.808
v 32.877 180.738 8.868
v 29.422 189.187 5.070
v 30.315 189.762 6.129
v 28.869 189.120 5.572
v 29.763 189.695 6.631
v 34.869 181.418 9.949
v 36.048 182.146 10.523
v 34.513 181.478 10.607
v 35.692 182.206 11.180
v 30.935 190.091 7.031
v 32.114 190.819 7.604
v 30.579 190.150 7.689
v 31.758 190.878 8.262
v 37.732 182.892 11.078
v 39.025 183.652 11.078
v 37.614 183.093 11.791
v 38.907 183.852 11.791
v 32.832 191.233 7.922
v 34.125 191.993 7.922
v 32.714 191.433 8.636
v 34.007 192.193 8.636
v 40.693 184.422 10.520
v 41.902 185.099 9.946
v 40.820 184.755 11.180
v 42.029 185.432 10.606
v 34.827 192.433 7.608
v 36.037 193.110 7.034
v 34.954 192.766 8.268
v 36.164 193.443 7.694
v 43.305 185.771 8.362
v 44.240 186.273 7.301
v 43.644 186.209 8.867
v 44.578 186.711 7.807
v 36.621 193.504 6.134
v 37.556 194.007 5.073
v 36.960 193.943 6.640
v 37.894 194.445 5.579
v 45.172 186.731 4.931
v 45.681 186.997 3.545
v 45.653 187.236 5.205
v 46.162 187.502 3.819
v 37.941 194.280 3.726
v 38.450 194.546 2.340
v 38.423 194.785 4.000
v 38.932 195.052 2.614
v 46.007 187.160 0.750
v 46.007 187.160 -0.750
v 46.539 187.688 0.750
v 46.539 187.688 -0.750
v 38.584 194.644 0.750
v 38.584 194.644 -0.750
v 39.117 195.172 0.750
v 39.117 195.172 -0.750
v 45.681 186.997 -3.545
v 45.172 186.731 -4.931
v 46.162 187.502 -3.819
v 45.653 187.236 -5.205
v 38.450 194.546 -2.340
v 37.941 194.280 -3.726
v 38.932 195.052 -2.614
v 38.423 194.785 -4.000
v 44.240 186.273 -7.301
v 43.305 185.771 -8.362
v 44.578 186.711 -7.807
v 43.644 186.209 -8.867
v 37.556 194.007 -5.073
v 36.621 193.504 -6.134
v 37.894 194.445 -5.579
v 36.960 193.943 -6.640
v 41.902 185.099 -9.946
v 40.693 184.422 -10.520
v 42.029 185.432 -10.606
v 40.820 184.755 -11.180
v 36.037 193.110 -7.034
v 34.827 192.433 -7.608
v 36.164 193.443 -7.694
v 34.954 192.766 -8.268
v 39.025 183.652 -11.078
v 37.732 182.892 -11.078
v 38.907 183.852 -11.791
v 37.614 183.093 -11.791
v 34.125 191.993 -7.922
v 32.832 191.233 -7.922
v 34.007 192.193 -8.636
v 32.714 191.433 -8.636
v 36.048 182.146 -10.523
v 34.869 181.418 -9.949
v 35.692 182.206 -11.180
v 34.513 181.478 -10.607
v 32.114 190.819 -7.604
v 30.935 190.091 -7.031
v 31.758 190.878 -8.262
v 30.579 190.150 -7.689
v 33.430 180.805 -8.365
v 32.536 180.230 -7.306
v 32.877 180.738 -8.868
v 31.984 180.163 -7.808
v 30.315 189.762 -6.129
v 29.422 189.187 -5.070
v 29.763 189.695 -6.631
v 28.869 189.120 -5.572
v 31.568 179.831 -4.934
v 31.088 179.513 -3.549
v 30.887 179.676 -5.206
v 30.407 179.358 -3.821
v 29.003 188.980 -3.722
v 28.523 188.661 -2.337
v 28.321 188.824 -3.994
v 27.841 188.506 -2.609
v 28.466 188.101 -0.750
v 28.466 188.101 0.750
v 27.721 188.014 -0.750
v 27.721 188.014 0.750
v 27.415 197.159 -0.750
v 27.415 197.159 0.750
v 26.670 197.073 -0.750
v 26.670 197.073 0.750
v 28.635 188.164 2.419
v 29.095 188.514 3.803
v 27.929 188.113 2.666
v 28.389 188.462 4.051
v 27.342 197.075 0.598
v 27.802 197.425 1.982
v 26.636 197.024 0.845
v 27.096 197.373 2.229
v 29.570 188.707 5.217
v 30.433 189.328 6.276
v 28.978 188.751 5.675
v 29.841 189.371 6.734
v 27.589 197.200 1.856
v 28.452 197.821 2.914
v 26.997 197.243 2.313
v 27.860 197.864 3.372
v 31.124 189.649 7.220
v 32.281 190.411 7.793
v 30.710 189.825 7.820
v 31.868 190.588 8.393
v 28.114 197.522 2.831
v 29.272 198.284 3.405
v 27.700 197.699 3.432
v 28.858 198.461 4.005
v 33.063 190.839 8.124
v 34.355 191.602 8.124
v 32.874 191.160 8.775
v 34.165 191.923 8.775
v 28.839 197.988 3.376
v 30.131 198.751 3.376
v 28.650 198.309 4.027
v 29.942 199.072 4.027
v 35.104 192.086 7.793
v 36.330 192.732 7.220
v 35.149 192.534 8.393
v 36.375 193.180 7.820
v 29.663 198.516 3.405
v 30.889 199.162 2.831
v 29.708 198.963 4.005
v 30.934 199.609 3.432
v 36.942 193.187 6.276
v 37.902 193.643 5.218
v 37.190 193.727 6.734
v 38.150 194.183 5.675
v 30.464 199.010 2.914
v 31.424 199.466 1.856
v 30.712 199.550 3.372
v 31.672 200.006 2.313
v 38.299 193.969 3.803
v 38.827 194.203 2.419
v 38.685 194.563 4.051
v 39.213 194.797 2.666
v 31.124 199.389 1.982
v 31.652 199.622 0.598
v 31.510 199.983 2.229
v 32.038 200.216 0.845
v 38.964 194.322 0.750
v 38.964 194.322 -0.750
v 39.399 194.933 0.750
v 39.399 194.933 -0.750
v 31.544 199.600 0.750
v 31.544 199.600 -0.750
v 31.979 200.211 0.750
v 31.979 200.211 -0.750
v 38.827 194.203 -2.419
v 38.299 193.969 -3.803
v 39.213 194.797 -2.666
v 38.685 194.563 -4.051
v 31.652 199.622 -0.598
v 31.124 199.389 -1.982
v 32.038 200.216 -0.845
v 31.510 199.983 -2.229
v 37.902 193.643 -5.218
v 36.942 193.187 -6.276
v 38.150 194.183 -5.675
v 37.190 193.727 -6.734
v 31.424 199.466 -1.856
v 30.464 199.010 -2.914
v 31.672 200.006 -2.313
v 30.712 199.550 -3.372
v 36.330 192.732 -7.220
v 35.104 192.086 -7.793
v 36.375 193.180 -7.820
v 35.149 192.534 -8.393
v 30.889 199.162 -2.831
v 29.663 198.516 -3.405
v 30.934 199.609 -3.432
v 29.708 198.963 -4.005
v 34.355 191.602 -8.124
v 33.063 190.839 -8.124
v 34.165 191.923 -8.775
v 32.874 191.160 -8.775
v 30.131 198.751 -3.376
v 28.839 197.988 -3.376
v 29.942 199.072 -4.027
v 28.650 198.309 -4.027
v 32.281 190.411 -7.793
v 31.124 189.649 -7.220
v 31.868 190.588 -8.393
v 30.710 189.825 -7.820
v 29.272 198.284 -3.405
v 28.114 197.522 -2.831
v 28.858 198.461 -4.005
v 27.700 197.699 -3.432
v 30.433 189.328 -6.276
v 29.570 188.707 -5.217
v 29.841 189.371 -6.734
v 28.978 188.751 -5.675
v 28.452 197.821 -2.914
v 27.589 197.200 -1.856
v 27.860 197.864 -3.372
v 26.997 197.243 -2.313
v 29.095 188.514 -3.803
v 28.635 188.164 -2.419
v 28.389 188.462 -4.051
v 27.929 188.113 -2.666
v 27.802 197.425 -1.982
v 27.342 197.075 -0.598
v 27.096 197.373 -2.229
v 26.636 197.024 -0.845
v 36.824 174.943 0.000
v 35.142 173.093 0.000
v 34.587 173.598 0.000
v 36.269 175.448 0.000
v 35.175 173.129 1.366
v 34.620 173.634 1.366
v 35.270 173.234 2.679
v 34.715 173.739 2.679
v 35.426 173.405 3.889
v 34.871 173.910 3.889
v 35.635 173.635 4.950
v 35.080 174.140 4.950
v 35.890 173.916 5.820
v 35.335 174.420 5.820
v 36.181 174.235 6.467
v 35.626 174.740 6.467
v 36.496 174.582 6.865
v 35.941 175.087 6.865
v 36.824 174.943 7.000
v 36.269 175.448 7.000
v 37.152 175.304 6.865
v 36.597 175.809 6.865
v 37.468 175.651 6.467
v 36.913 176.156 6.467
v 37.758 175.971 5.820
v 37.204 176.475 5.820
v 38.013 176.251 4.950
v 37.458 176.756 4.950
v 38.222 176.481 3.889
v 37.668 176.986 3.889
v 38.378 176.652 2.679
v 37.823 177.157 2.679
v 38.474 176.757 1.366
v 37.919 177.262 1.366
v 38.506 176.793 0.000
v 37.951 177.298 0.000
v 38.474 176.757 -1.366
v 37.919 177.262 -1.366
v 38.378 176.652 -2.679
v 37.823 177.157 -2.679
v 38.222 176.481 -3.889
v 37.668 176.986 -3.889
v 38.013 176.251 -4.950
v 37.458 176.756 -4.950
v 37.758 175.971 -5.820
v 37.204 176.475 -5.820
v 37.468 175.651 -6.467
v 36.913 176.156 -6.467
v 37.152 175.304 -6.865
v 36.597 175.809 -6.865
v 36.824 174.943 -7.000
v 36.269 175.448 -7.000
v 36.496 174.582 -6.865
v 35.941 175.087 -6.865
v 36.181 174.235 -6.467
v 35.626 174.740 -6.467
v 35.890 173.916 -5.820
v 35.335 174.420 -5.820
v 35.635 173.635 -4.950
v 35.080 174.140 -4.950
v 35.426 173.405 -3.889
v 34.871 173.910 -3.889
v 35.270 173.234 -2.679
v 34.715 173.739 -2.679
v 35.175 173.129 -1.366
v 34.620 173.634 -1.366
v 30.312 180.859 0.000
v 28.992 179.356 0.000
v 28.429 179.850 0.000
v 29.748 181.353 0.000
v 29.018 179.384 1.073
v 28.454 179.879 1.073
v 29.093 179.470 2.105
v 28.529 179.965 2.105
v 29.215 179.609 3.056
v 28.651 180.104 3.056
v 29.379 179.796 3.889
v 28.815 180.291 3.889
v 29.579 180.024 4.573
v 29.015 180.518 4.573
v 29.807 180.283 5.081
v 29.243 180.778 5.081
v 30.054 180.565 5.394
v 29.490 181.060 5.394
v 30.312 180.859 5.500
v 29.748 181.353 5.500
v 30.569 181.152 5.394
v 30.005 181.647 5.394
v 30.816 181.434 5.081
v 30.253 181.929 5.081
v 31.045 181.694 4.573
v 30.481 182.189 4.573
v 31.244 181.922 3.889
v 30.681 182.416 3.889
v 31.409 182.108 3.056
v 30.845 182.603 3.056
v 31.531 182.247 2.105
v 30.967 182.742 2.105
v 31.606 182.333 1.073
v 31.042 182.828 1.073
v 31.631 182.362 0.000
v 31.067 182.857 0.000
v 31.606 182.333 -1.073
v 31.042 182.828 -1.073
v 31.531 182.247 -2.105
v 30.967 182.742 -2.105
v 31.409 182.108 -3.056
v 30.845 182.603 -3.056
v 31.244 181.922 -3.889
v 30.681 182.416 -3.889
v 31.045 181.694 -4.573
v 30.481 182.189 -4.573
v 30.816 181.434 -5.081
v 30.253 181.929 -5.081
v 30.569 181.152 -5.394
v 30.005 181.647 -5.394
v 30.312 180.859 -5.500
v 29.748 181.353 -5.500
v 30.054 180.565 -5.394
v 29.490 181.060 -5.394
v 29.807 180.283 -5.081
v 29.243 180.778 -5.081
v 29.579 180.024 -4.573
v 29.015 180.518 -4.573
v 29.379 179.796 -3.889
v 28.815 180.291 -3.889
v 29.215 179.609 -3.056
v 28.651 180.104 -3.056
v 29.093 179.470 -2.105
v 28.529 179.965 -2.105
v 29.018 179.384 -1.073
v 28.454 179.879 -1.073
v 23.795 186.402 0.000
v 23.149 185.639 0.000
v 22.577 186.124 0.000
v 23.223 186.887 0.000
v 23.161 185.653 0.390
v 22.589 186.138 0.390
v 23.198 185.697 0.765
v 22.626 186.182 0.765
v 23.258 185.767 1.111
v 22.686 186.252 1.111
v 23.338 185.862 1.414
v 22.766 186.347 1.414
v 23.436 185.978 1.663
v 22.864 186.463 1.663
v 23.548 186.110 1.848
v 22.976 186.595 1.848
v 23.669 186.253 1.962
v 23.097 186.738 1.962
v 23.795 186.402 2.000
v 23.223 186.887 2.000
v 23.921 186.551 1.962
v 23.349 187.035 1.962
v 24.043 186.694 1.848
v 23.470 187.179 1.848
v 24.154 186.826 1.663
v 23.582 187.310 1.663
v 24.252 186.941 1.414
v 23.680 187.426 1.414
v 24.333 187.036 1.111
v 23.760 187.521 1.111
v 24.392 187.107 0.765
v 23.820 187.591 0.765
v 24.429 187.150 0.390
v 23.857 187.635 0.390
v 24.442 187.165 0.000
v 23.869 187.650 0.000
v 24.429 187.150 -0.390
v 23.857 187.635 -0.390
v 24.392 187.107 -0.765
v 23.820 187.591 -0.765
v 24.333 187.036 -1.111
v 23.760 187.521 -1.111
v 24.252 186.941 -1.414
v 23.680 187.426 -1.414
v 24.154 186.826 -1.663
v 23.582 187.310 -1.663
v 24.043 186.694 -1.848
v 23.470 187.179 -1.848
v 23.921 186.551 -1.962
v 23.349 187.035 -1.962
v 23.795 186.402 -2.000
v 23.223 186.887 -2.000
v 23.669 186.253 -1.962
v 23.097 186.738 -1.962
v 23.548 186.110 -1.848
v 22.976 186.595 -1.848
v 23.436 185.978 -1.663
v 22.864 186.463 -1.663
v 23.338 185.862 -1.414
v 22.766 186.347 -1.414
v 23.258 185.767 -1.111
v 22.686 186.252 -1.111
v 23.198 185.697 -0.765
v 22.626 186.182 -0.765
v 23.161 185.653 -0.390
v 22.589 186.138 -0.390
v 35.040 173.168 -0.750
v 35.040 173.168 0.750
v 34.505 172.642 -0.750
v 34.505 172.642 0.750
v 28.535 179.781 -0.750
v 28.535 179.781 0.750
v 28.000 179.255 -0.750
v 28.000 179.255 0.750
v 34.998 173.077 2.003
v 35.339 173.542 3.388
v 34.493 172.601 2.287
v 34.833 173.067 3.672
v 28.465 179.662 1.396
v 28.805 180.127 2.781
v 27.959 179.186 1.680
v 28.300 179.652 3.065
v 35.210 173.293 4.450
v 35.858 174.134 5.509
v 34.791 172.957 4.973
v 35.439 173.798 6.033
v 28.596 179.796 3.329
v 29.244 180.638 4.389
v 28.177 179.460 3.853
v 28.825 180.302 4.912
v 35.640 173.785 6.219
v 36.525 174.851 6.793
v 35.362 173.648 6.902
v 36.247 174.714 7.476
v 28.903 180.168 4.756
v 29.788 181.234 5.329
v 28.625 180.031 5.439
v 29.510 181.097 6.012
v 36.225 174.474 7.042
v 37.233 175.585 7.042
v 36.132 174.559 7.781
v 37.140 175.670 7.781
v 29.343 180.716 5.458
v 30.351 181.827 5.458
v 29.250 180.801 6.197
v 30.258 181.912 6.197
v 36.889 175.249 6.793
v 37.864 176.234 6.219
v 36.998 175.538 7.476
v 37.973 176.524 6.902
v 29.861 181.350 5.329
v 30.836 182.336 4.756
v 29.970 181.640 6.012
v 30.945 182.625 5.439
v 37.539 175.980 5.509
v 38.313 176.708 4.450
v 37.833 176.430 6.033
v 38.607 177.157 4.974
v 30.385 181.964 4.389
v 31.160 182.692 3.330
v 30.679 182.414 4.912
v 31.453 183.141 3.854
v 38.079 176.554 3.387
v 38.509 176.939 2.003
v 38.503 177.103 3.672
v 38.933 177.488 2.287
v 30.840 182.460 2.781
v 31.270 182.845 1.396
v 31.265 183.009 3.065
v 31.695 183.394 1.681
v 38.423 176.888 0.750
v 38.423 176.888 -0.750
v 38.894 177.471 0.750
v 38.894 177.471 -0.750
v 31.155 182.766 0.750
v 31.155 182.766 -0.750
v 31.626 183.349 0.750
v 31.626 183.349 -0.750
v 38.509 176.939 -2.003
v 38.079 176.554 -3.387
v 38.933 177.488 -2.287
v 38.503 177.103 -3.672
v 31.270 182.845 -1.396
v 30.840 182.460 -2.781
v 31.695 183.394 -1.681
v 31.265 183.009 -3.065
v 38.313 176.708 -4.450
v 37.539 175.980 -5.509
v 38.607 177.157 -4.974
v 37.833 176.430 -6.033
v 31.160 182.692 -3.330
v 30.385 181.964 -4.389
v 31.453 183.141 -3.854
v 30.679 182.414 -4.912
v 37.864 176.234 -6.219
v 36.889 175.249 -6.793
v 37.973 176.524 -6.902
v 36.998 175.538 -7.476
v 30.836 182.336 -4.756
v 29.861 181.350 -5.329
v 30.945 182.625 -5.439
v 29.970 181.640 -6.012
v 37.233 175.585 -7.042
v 36.225 174.474 -7.042
v 37.140 175.670 -7.781
v 36.132 174.559 -7.781
v 30.351 181.827 -5.458
v 29.343 180.716 -5.458
v 30.258 181.912 -6.197
v 29.250 180.801 -6.197
v 36.525 174.851 -6.793
v 35.640 173.785 -6.219
v 36.247 174.714 -7.476
v 35.362 173.648 -6.902
v 29.788 181.234 -5.329
v 28.903 180.168 -4.756
v 29.510 181.097 -6.012
v 28.625 180.031 -5.439
v 35.858 174.134 -5.509
v 35.210 173.293 -4.450
v 35.439 173.798 -6.033
v 34.791 172.957 -4.973
v 29.244 180.638 -4.389
v 28.596 179.796 -3.329
v 28.825 180.302 -4.912
v 28.177 179.460 -3.853
v 35.339 173.542 -3.388
v 34.998 173.077 -2.003
v 34.833 173.067 -3.672
v 34.493 172.601 -2.287
v 28.805 180.127 -2.781
v 28.465 179.662 -1.396
v 28.300 179.652 -3.065
v 27.959 179.186 -1.680
v 28.881 179.420 -0.750
v 28.881 179.420 0.750
v 28.332 178.909 -0.750
v 28.332 178.909 0.750
v 22.692 186.064 -0.750
v 22.692 186.064 0.750
v 22.144 185.553 -0.750
v 22.144 185.553 0.750
v 28.854 179.270 1.454
v 29.107 179.806 2.832
v 28.319 178.821 1.727
v 28.572 179.357 3.105
v 22.616 185.850 0.038
v 22.868 186.386 1.416
v 22.080 185.402 0.310
v 22.333 185.938 1.688
v 29.009 179.403 3.434
v 29.524 180.344 4.483
v 28.522 179.118 3.928
v 29.036 180.060 4.977
v 22.625 185.804 0.820
v 23.140 186.745 1.869
v 22.138 185.520 1.315
v 22.652 186.461 2.363
v 29.309 179.796 4.884
v 30.084 180.947 5.455
v 28.923 179.738 5.525
v 29.698 180.889 6.096
v 22.703 185.936 1.474
v 23.478 187.087 2.045
v 22.318 185.878 2.115
v 23.093 187.028 2.685
v 29.721 180.385 5.595
v 30.692 181.528 5.595
v 29.504 180.568 6.289
v 30.475 181.712 6.289
v 22.847 186.222 1.905
v 23.818 187.366 1.905
v 22.631 186.406 2.599
v 23.602 187.549 2.599
v 30.215 181.063 5.455
v 31.224 182.013 4.884
v 30.211 181.452 6.096
v 31.220 182.403 5.525
v 23.067 186.604 2.045
v 24.077 187.555 1.474
v 23.063 186.993 2.686
v 24.073 187.944 2.115
v 30.736 181.699 4.483
v 31.580 182.358 3.433
v 30.939 182.226 4.977
v 31.783 182.885 3.927
v 23.349 186.994 1.870
v 24.193 187.653 0.820
v 23.552 187.521 2.364
v 24.396 188.180 1.314
v 31.210 182.188 2.833
v 31.696 182.523 1.454
v 31.567 182.789 3.104
v 32.053 183.124 1.726
v 23.659 187.320 1.417
v 24.145 187.655 0.038
v 24.016 187.921 1.688
v 24.502 188.256 0.310
v 31.557 182.470 0.750
v 31.557 182.470 -0.750
v 31.973 183.094 0.750
v 31.973 183.094 -0.750
v 23.948 187.546 0.750
v 23.948 187.546 -0.750
v 24.364 188.170 0.750
v 24.364 188.170 -0.750
v 31.696 182.523 -1.454
v 31.210 182.188 -2.833
v 32.053 183.124 -1.726
v 31.567 182.789 -3.104
v 24.145 187.655 -0.038
v 23.659 187.320 -1.417
v 24.502 188.256 -0.310
v 24.016 187.921 -1.688
v 31.580 182.358 -3.433
v 30.736 181.699 -4.483
v 31.783 182.885 -3.927
v 30.939 182.226 -4.977
v 24.193 187.653 -0.820
v 23.349 186.994 -1.870
v 24.396 188.180 -1.314
v 23.552 187.521 -2.364
v 31.224 182.013 -4.884
v 30.215 181.063 -5.455
v 31.220 182.403 -5.525
v 30.211 181.452 -6.096
v 24.077 187.555 -1.474
v 23.067 186.604 -2.045
v 24.073 187.944 -2.115
v 23.063 186.993 -2.686
v 30.692 181.528 -5.595
v 29.721 180.385 -5.595
v 30.475 181.712 -6.289
v 29.504 180.568 -6.289
v 23.818 187.366 -1.905
v 22.847 186.222 -1.905
v 23.602 187.549 -2.599
v 22.631 186.406 -2.599
v 30.084 180.947 -5.455
v 29.309 179.796 -4.884
v 29.698 180.889 -6.096
v 28.923 179.738 -5.525
v 23.478 187.087 -2.045
v 22.703 185.936 -1.474
v 23.093 187.028 -2.685
v 22.318 185.878 -2.115
v 29.524 180.344 -4.483
v 29.009 179.403 -3.434
v 29.036 180.060 -4.977
v 28.522 179.118 -3.928
v 23.140 186.745 -1.869
v 22.625 185.804 -0.820
v 22.652 186.461 -2.363
v 22.138 185.520 -1.315
v 29.107 179.806 -2.832
v 28.854 179.270 -1.454
v 28.572 179.357 -3.105
v 28.319 178.821 -1.727
v 22.868 186.386 -1.416
v 22.616 185.850 -0.038
v 22.333 185.938 -1.688
v 22.080 185.402 -0.310
f 6730 6729 6733
f 6730 6733 6731
f 6731 6733 6734
f 6731 6734 6732
f 6733 6729 6735
f 6733 6735 6734
f 6734 6735 6736
f 6734 6736 6732
f 6735 6729 6737
f 6735 6737 6736
f 6736 6737 6738
f 6736 6738 6732
f 6737 6729 6739
f 6737 6739 6738
f 6738 6739 6740
f 6738 6740 6732
f 6739 6729 6741
f 6739 6741 6740
f 6740 6741 6742
f 6740 6742 6732
f 6741 6729 6743
f 6741 6743 6742
f 6742 6743 6744
f 6742 6744 6732
f 6743 6729 6745
f 6743 6745 6744
f 6744 6745 6746
f 6744 6746 6732
f 6745 6729 6747
f 6745 6747 6746
f 6746 6747 6748
f 6746 6748 6732
f 6747 6729 6749
f 6747 6749 6748
f 6748 6749 6750
f 6748 6750 6732
f 6749 6729 6751
f 6749 6751 6750
f 6750 6751 6752
f 6750 6752 6732
f 6751 6729 6753
f 6751 6753 6752
f 6752 6753 6754
f 6752 6754 6732
f 6753 6729 6755
f 6753 6755 6754
f 6754 6755 6756
f 6754 6756 6732
f 6755 6729 6757
f 6755 6757 6756
f 6756 6757 6758
f 6756 6758 6732
f 6757 6729 6759
f 6757 6759 6758
f 6758 6759 6760
f 6758 6760 6732
f 6759 6729 6761
f 6759 6761 6760
f 6760 6761 6762
f 6760 6762 6732
f 6761 6729 6763
f 6761 6763 6762
f 6762 6763 6764
f 6762 6764 6732
f 6763 6729 6765
f 6763 6765 6764
f 6764 6765 6766
f 6764 6766 6732
f 6765 6729 6767
f 6765 6767 6766
f 6766 6767 6768
f 6766 6768 6732
f 6767 6729 6769
f 6767 6769 6768
f 6768 6769 6770
f 6768 6770 6732
f 6769 6729 6771
f 6769 6771 6770
f 6770 6771 6772
f 6770 6772 6732
f 6771 6729 6773
f 6771 6773 6772
f 6772 6773 6774
f 6772 6774 6732
f 6773 6729 6775
f 6773 6775 6774
f 6774 6775 6776
f 6774 6776 6732
f 6775 6729 6777
f 6775 6777 6776
f 6776 6777 6778
f 6776 6778 6732
f 6777 6729 6779
f 6777 6779 6778
f 6778 6779 6780
f 6778 6780 6732
f 6779 6729 6781
f 6779 6781 6780
f 6780 6781 6782
f 6780 6782 6732
f 6781 6729 6783
f 6781 6783 6782
f 6782 6783 6784
f 6782 6784 6732
f 6783 6729 6785
f 6783 6785 6784
f 6784 6785 6786
f 6784 6786 6732
f 6785 6729 6787
f 6785 6787 6786
f 6786 6787 6788
f 6786 6788 6732
f 6787 6729 6789
f 6787 6789 6788
f 6788 6789 6790
f 6788 6790 6732
f 6789 6729 6791
f 6789 6791 6790
f 6790 6791 6792
f 6790 6792 6732
f 6791 6729 6793
f 6791 6793 6792
f 6792 6793 6794
f 6792 6794 6732
f 6793 6729 6730
f 6793 6730 6794
f 6794 6730 6731
f 6794 6731 6732
f 6796 6795 6799
f 6796 6799 6797
f 6797 6799 6800
f 6797 6800 6798
f 6799 6795 6801
f 6799 6801 6800
f 6800 6801 6802
f 6800 6802 6798
f 6801 6795 6803
f 6801 6803 6802
f 6802 6803 6804
f 6802 6804 6798
f 6803 6795 6805
f 6803 6805 6804
f 6804 6805 6806
f 6804 6806 6798
f 6805 6795 6807
f 6805 6807 6806
f 6806 6807 6808
f 6806 6808 6798
f 6807 6795 6809
f 6807 6809 6808
f 6808 6809 6810
f 6808 6810 6798
f 6809 6795 6811
f 6809 6811 6810
f 6810 6811 6812
f 6810 6812 6798
f 6811 6795 6813
f 6811 6813 6812
f 6812 6813 6814
f 6812 6814 6798
f 6813 6795 6815
f 6813 6815 6814
f 6814 6815 6816
f 6814 6816 6798
f 6815 6795 6817
f 6815 6817 6816
f 6816 6817 6818
f 6816 6818 6798
f 6817 6795 6819
f 6817 6819 6818
f 6818 6819 6820
f 6818 6820 6798
f 6819 6795 6821
f 6819 6821 6820
f 6820 6821 6822
f 6820 6822 6798
f 6821 6795 6823
f 6821 6823 6822
f 6822 6823 6824
f 6822 6824 6798
f 6823 6795 6825
f 6823 6825 6824
f 6824 6825 6826
f 6824 6826 6798
f 6825 6795 6827
f 6825 6827 6826
f 6826 6827 6828
f 6826 6828 6798
f 6827 6795 6829
f 6827 6829 6828
f 6828 6829 6830
f 6828 6830 6798
f 6829 6795 6831
f 6829 6831 6830
f 6830 6831 6832
f 6830 6832 6798
f 6831 6795 6833
f 6831 6833 6832
f 6832 6833 6834
f 6832 6834 6798
f 6833 6795 6835
f 6833 6835 6834
f 6834 6835 6836
f 6834 6836 6798
f 6835 6795 6837
f 6835 6837 6836
f 6836 6837 6838
f 6836 6838 6798
f 6837 6795 6839
f 6837 6839 6838
f 6838 6839 6840
f 6838 6840 6798
f 6839 6795 6841
f 6839 6841 6840
f 6840 6841 6842
f 6840 6842 6798
f 6841 6795 6843
f 6841 6843 6842
f 6842 6843 6844
f 6842 6844 6798
f 6843 6795 6845
f 6843 6845 6844
f 6844 6845 6846
f 6844 6846 6798
f 6845 6795 6847
f 6845 6847 6846
f 6846 6847 6848
f 6846 6848 6798
f 6847 6795 6849
f 6847 6849 6848
f 6848 6849 6850
f 6848 6850 6798
f 6849 6795 6851
f 6849 6851 6850
f 6850 6851 6852
f 6850 6852 6798
f 6851 6795 6853
f 6851 6853 6852
f 6852 6853 6854
f 6852 6854 6798
f 6853 6795 6855
f 6853 6855 6854
f 6854 6855 6856
f 6854 6856 6798
f 6855 6795 6857
f 6855 6857 6856
f 6856 6857 6858
f 6856 6858 6798
f 6857 6795 6859
f 6857 6859 6858
f 6858 6859 6860
f 6858 6860 6798
f 6859 6795 6796
f 6859 6796 6860
f 6860 6796 6797
f 6860 6797 6798
f 6862 6861 6865
f 6862 6865 6863
f 6863 6865 6866
f 6863 6866 6864
f 6865 6861 6867
f 6865 6867 6866
f 6866 6867 6868
f 6866 6868 6864
f 6867 6861 6869
f 6867 6869 6868
f 6868 6869 6870
f 6868 6870 6864
f 6869 6861 6871
f 6869 6871 6870
f 6870 6871 6872
f 6870 6872 6864
f 6871 6861 6873
f 6871 6873 6872
f 6872 6873 6874
f 6872 6874 6864
f 6873 6861 6875
f 6873 6875 6874
f 6874 6875 6876
f 6874 6876 6864
f 6875 6861 6877
f 6875 6877 6876
f 6876 6877 6878
f 6876 6878 6864
f 6877 6861 6879
f 6877 6879 6878
f 6878 6879 6880
f 6878 6880 6864
f 6879 6861 6881
f 6879 6881 6880
f 6880 6881 6882
f 6880 6882 6864
f 6881 6861 6883
f 6881 6883 6882
f 6882 6883 6884
f 6882 6884 6864
f 6883 6861 6885
f 6883 6885 6884
f 6884 6885 6886
f 6884 6886 6864
f 6885 6861 6887
f 6885 6887 6886
f 6886 6887 6888
f 6886 6888 6864
f 6887 6861 6889
f 6887 6889 6888
f 6888 6889 6890
f 6888 6890 6864
f 6889 6861 6891
f 6889 6891 6890
f 6890 6891 6892
f 6890 6892 6864
f 6891 6861 6893
f 6891 6893 6892
f 6892 6893 6894
f 6892 6894 6864
f 6893 6861 6895
f 6893 6895 6894
f 6894 6895 6896
f 6894 6896 6864
f 6895 6861 6897
f 6895 6897 6896
f 6896 6897 6898
f 6896 6898 6864
f 6897 6861 6899
f 6897 6899 6898
f 6898 6899 6900
f 6898 6900 6864
f 6899 6861 6901
f 6899 6901 6900
f 6900 6901 6902
f 6900 6902 6864
f 6901 6861 6903
f 6901 6903 6902
f 6902 6903 6904
f 6902 6904 6864
f 6903 6861 6905
f 6903 6905 6904
f 6904 6905 6906
f 6904 6906 6864
f 6905 6861 6907
f 6905 6907 6906
f 6906 6907 6908
f 6906 6908 6864
f 6907 6861 6909
f 6907 6909 6908
f 6908 6909 6910
f 6908 6910 6864
f 6909 6861 6911
f 6909 6911 6910
f 6910 6911 6912
f 6910 6912 6864
f 6911 6861 6913
f 6911 6913 6912
f 6912 6913 6914
f 6912 6914 6864
f 6913 6861 6915
f 6913 6915 6914
f 6914 6915 6916
f 6914 6916 6864
f 6915 6861 6917
f 6915 6917 6916
f 6916 6917 6918
f 6916 6918 6864
f 6917 6861 6919
f 6917 6919 6918
f 6918 6919 6920
f 6918 6920 6864
f 6919 6861 6921
f 6919 6921 6920
f 6920 6921 6922
f 6920 6922 6864
f 6921 6861 6923
f 6921 6923 6922
f 6922 6923 6924
f 6922 6924 6864
f 6923 6861 6925
f 6923 6925 6924
f 6924 6925 6926
f 6924 6926 6864
f 6925 6861 6862
f 6925 6862 6926
f 6926 6862 6863
f 6926 6863 6864
f 6928 6927 6931
f 6928 6931 6929
f 6929 6931 6932
f 6929 6932 6930
f 6931 6927 6933
f 6931 6933 6932
f 6932 6933 6934
f 6932 6934 6930
f 6933 6927 6935
f 6933 6935 6934
f 6934 6935 6936
f 6934 6936 6930
f 6935 6927 6937
f 6935 6937 6936
f 6936 6937 6938
f 6936 6938 6930
f 6937 6927 6939
f 6937 6939 6938
f 6938 6939 6940
f 6938 6940 6930
f 6939 6927 6941
f 6939 6941 6940
f 6940 6941 6942
f 6940 6942 6930
f 6941 6927 6943
f 6941 6943 6942
f 6942 6943 6944
f 6942 6944 6930
f 6943 6927 6945
f 6943 6945 6944
f 6944 6945 6946
f 6944 6946 6930
f 6945 6927 6947
f 6945 6947 6946
f 6946 6947 6948
f 6946 6948 6930
f 6947 6927 6949
f 6947 6949 6948
f 6948 6949 6950
f 6948 6950 6930
f 6949 6927 6951
f 6949 6951 6950
f 6950 6951 6952
f 6950 6952 6930
f 6951 6927 6953
f 6951 6953 6952
f 6952 6953 6954
f 6952 6954 6930
f 6953 6927 6955
f 6953 6955 6954
f 6954 6955 6956
f 6954 6956 6930
f 6955 6927 6957
f 6955 6957 6956
f 6956 6957 6958
f 6956 6958 6930
f 6957 6927 6959
f 6957 6959 6958
f 6958 6959 6960
f 6958 6960 6930
f 6959 6927 6961
f 6959 6961 6960
f 6960 6961 6962
f 6960 6962 6930
f 6961 6927 6963
f 6961 6963 6962
f 6962 6963 6964
f 6962 6964 6930
f 6963 6927 6965
f 6963 6965 6964
f 6964 6965 6966
f 6964 6966 6930
f 6965 6927 6967
f 6965 6967 6966
f 6966 6967 6968
f 6966 6968 6930
f 6967 6927 6969
f 6967 6969 6968
f 6968 6969 6970
f 6968 6970 6930
f 6969 6927 6971
f 6969 6971 6970
f 6970 6971 6972
f 6970 6972 6930
f 6971 6927 6973
f 6971 6973 6972
f 6972 6973 6974
f 6972 6974 6930
f 6973 6927 6975
f 6973 6975 6974
f 6974 6975 6976
f 6974 6976 6930
f 6975 6927 6977
f 6975 6977 6976
f 6976 6977 6978
f 6976 6978 6930
f 6977 6927 6979
f 6977 6979 6978
f 6978 6979 6980
f 6978 6980 6930
f 6979 6927 6981
f 6979 6981 6980
f 6980 6981 6982
f 6980 6982 6930
f 6981 6927 6983
f 6981 6983 6982
f 6982 6983 6984
f 6982 6984 6930
f 6983 6927 6985
f 6983 6985 6984
f 6984 6985 6986
f 6984 6986 6930
f 6985 6927 6987
f 6985 6987 6986
f 6986 6987 6988
f 6986 6988 6930
f 6987 6927 6989
f 6987 6989 6988
f 6988 6989 6990
f 6988 6990 6930
f 6989 6927 6991
f 6989 6991 6990
f 6990 6991 6992
f 6990 6992 6930
f 6991 6927 6928
f 6991 6928 6992
f 6992 6928 6929
f 6992 6929 6930
f 6994 6993 6997
f 6994 6997 6995
f 6995 6997 6998
f 6995 6998 6996
f 6997 6993 6999
f 6997 6999 6998
f 6998 6999 7000
f 6998 7000 6996
f 6999 6993 7001
f 6999 7001 7000
f 7000 7001 7002
f 7000 7002 6996
f 7001 6993 7003
f 7001 7003 7002
f 7002 7003 7004
f 7002 7004 6996
f 7003 6993 7005
f 7003 7005 7004
f 7004 7005 7006
f 7004 7006 6996
f 7005 6993 7007
f 7005 7007 7006
f 7006 7007 7008
f 7006 7008 6996
f 7007 6993 7009
f 7007 7009 7008
f 7008 7009 7010
f 7008 7010 6996
f 7009 6993 7011
f 7009 7011 7010
f 7010 7011 7012
f 7010 7012 6996
f 7011 6993 7013
f 7011 7013 7012
f 7012 7013 7014
f 7012 7014 6996
f 7013 6993 7015
f 7013 7015 7014
f 7014 7015 7016
f 7014 7016 6996
f 7015 6993 7017
f 7015 7017 7016
f 7016 7017 7018
f 7016 7018 6996
f 7017 6993 7019
f 7017 7019 7018
f 7018 7019 7020
f 7018 7020 6996
f 7019 6993 7021
f 7019 7021 7020
f 7020 7021 7022
f 7020 7022 6996
f 7021 6993 7023
f 7021 7023 7022
f 7022 7023 7024
f 7022 7024 6996
f 7023 6993 7025
f 7023 7025 7024
f 7024 7025 7026
f 7024 7026 6996
f 7025 6993 7027
f 7025 7027 7026
f 7026 7027 7028
f 7026 7028 6996
f 7027 6993 7029
f 7027 7029 7028
f 7028 7029 7030
f 7028 7030 6996
f 7029 6993 7031
f 7029 7031 7030
f 7030 7031 7032
f 7030 7032 6996
f 7031 6993 7033
f 7031 7033 7032
f 7032 7033 7034
f 7032 7034 6996
f 7033 6993 7035
f 7033 7035 7034
f 7034 7035 7036
f 7034 7036 6996
f 7035 6993 7037
f 7035 7037 7036
f 7036 7037 7038
f 7036 7038 6996
f 7037 6993 7039
f 7037 7039 7038
f 7038 7039 7040
f 7038 7040 6996
f 7039 6993 7041
f 7039 7041 7040
f 7040 7041 7042
f 7040 7042 6996
f 7041 6993 7043
f 7041 7043 7042
f 7042 7043 7044
f 7042 7044 6996
f 7043 6993 7045
f 7043 7045 7044
f 7044 7045 7046
f 7044 7046 6996
f 7045 6993 7047
f 7045 7047 7046
f 7046 7047 7048
f 7046 7048 6996
f 7047 6993 7049
f 7047 7049 7048
f 7048 7049 7050
f 7048 7050 6996
f 7049 6993 7051
f 7049 7051 7050
f 7050 7051 7052
f 7050 7052 6996
f 7051 6993 7053
f 7051 7053 7052
f 7052 7053 7054
f 7052 7054 6996
f 7053 6993 7055
f 7053 7055 7054
f 7054 7055 7056
f 7054 7056 6996
f 7055 6993 7057
f 7055 7057 7056
f 7056 7057 7058
f 7056 7058 6996
f 7057 6993 6994
f 7057 6994 7058
f 7058 6994 6995
f 7058 6995 6996
f 7060 7062 7059
f 7063 7060 7059
f 7059 7062 7061
f 7061 7063 7059
f 7060 7066 7062
f 7064 7060 7063
f 7064 7066 7060
f 7062 7066 7061
f 7065 7063 7061
f 7061 7066 7065
f 7065 7064 7063
f 7066 7064 7065
f 7068 7070 7067
f 7071 7068 7067
f 7067 7070 7069
f 7069 7071 7067
f 7068 7074 7070
f 7072 7068 7071
f 7072 7074 7068
f 7070 7074 7069
f 7073 7071 7069
f 7069 7074 7073
f 7073 7072 7071
f 7074 7072 7073
f 7076 7078 7075
f 7079 7076 7075
f 7075 7078 7077
f 7077 7079 7075
f 7076 7082 7078
f 7080 7076 7079
f 7080 7082 7076
f 7078 7082 7077
f 7081 7079 7077
f 7077 7082 7081
f 7081 7080 7079
f 7082 7080 7081
f 7084 7086 7083
f 7087 7084 7083
f 7083 7086 7085
f 7085 7087 7083
f 7084 7090 7086
f 7088 7084 7087
f 7088 7090 7084
f 7086 7090 7085
f 7089 7087 7085
f 7085 7090 7089
f 7089 7088 7087
f 7090 7088 7089
f 7092 7094 7091
f 7095 7092 7091
f 7091 7094 7093
f 7093 7095 7091
f 7092 7098 7094
f 7096 7092 7095
f 7096 7098 7092
f 7094 7098 7093
f 7097 7095 7093
f 7093 7098 7097
f 7097 7096 7095
f 7098 7096 7097
f 7100 7102 7099
f 7103 7100 7099
f 7099 7102 7101
f 7101 7103 7099
f 7100 7106 7102
f 7104 7100 7103
f 7104 7106 7100
f 7102 7106 7101
f 7105 7103 7101
f 7101 7106 7105
f 7105 7104 7103
f 7106 7104 7105
f 7108 7110 7107
f 7111 7108 7107
f 7107 7110 7109
f 7109 7111 7107
f 7108 7114 7110
f 7112 7108 7111
f 7112 7114 7108
f 7110 7114 7109
f 7113 7111 7109
f 7109 7114 7113
f 7113 7112 7111
f 7114 7112 7113
f 7116 7118 7115
f 7119 7116 7115
f 7115 7118 7117
f 7117 7119 7115
f 7116 7122 7118
f 7120 7116 7119
f 7120 7122 7116
f 7118 7122 7117
f 7121 7119 7117
f 7117 7122 7121
f 7121 7120 7119
f 7122 7120 7121
f 7124 7126 7123
f 7127 7124 7123
f 7123 7126 7125
f 7125 7127 7123
f 7124 7130 7126
f 7128 7124 7127
f 7128 7130 7124
f 7126 7130 7125
f 7129 7127 7125
f 7125 7130 7129
f 7129 7128 7127
f 7130 7128 7129
f 7132 7134 7131
f 7135 7132 7131
f 7131 7134 7133
f 7133 7135 7131
f 7132 7138 7134
f 7136 7132 7135
f 7136 7138 7132
f 7134 7138 7133
f 7137 7135 7133
f 7133 7138 7137
f 7137 7136 7135
f 7138 7136 7137
f 7140 7142 7139
f 7143 7140 7139
f 7139 7142 7141
f 7141 7143 7139
f 7140 7146 7142
f 7144 7140 7143
f 7144 7146 7140
f 7142 7146 7141
f 7145 7143 7141
f 7141 7146 7145
f 7145 7144 7143
f 7146 7144 7145
f 7148 7150 7147
f 7151 7148 7147
f 7147 7150 7149
f 7149 7151 7147
f 7148 7154 7150
f 7152 7148 7151
f 7152 7154 7148
f 7150 7154 7149
f 7153 7151 7149
f 7149 7154 7153
f 7153 7152 7151
f 7154 7152 7153
f 7156 7158 7155
f 7159 7156 7155
f 7155 7158 7157
f 7157 7159 7155
f 7156 7162 7158
f 7160 7156 7159
f 7160 7162 7156
f 7158 7162 7157
f 7161 7159 7157
f 7157 7162 7161
f 7161 7160 7159
f 7162 7160 7161
f 7164 7166 7163
f 7167 7164 7163
f 7163 7166 7165
f 7165 7167 7163
f 7164 7170 7166
f 7168 7164 7167
f 7168 7170 7164
f 7166 7170 7165
f 7169 7167 7165
f 7165 7170 7169
f 7169 7168 7167
f 7170 7168 7169
f 7172 7174 7171
f 7175 7172 7171
f 7171 7174 7173
f 7173 7175 7171
f 7172 7178 7174
f 7176 7172 7175
f 7176 7178 7172
f 7174 7178 7173
f 7177 7175 7173
f 7173 7178 7177
f 7177 7176 7175
f 7178 7176 7177
f 7180 7182 7179
f 7183 7180 7179
f 7179 7182 7181
f 7181 7183 7179
f 7180 7186 7182
f 7184 7180 7183
f 7184 7186 7180
f 7182 7186 7181
f 7185 7183 7181
f 7181 7186 7185
f 7185 7184 7183
f 7186 7184 7185
f 7188 7190 7187
f 7191 7188 7187
f 7187 7190 7189
f 7189 7191 7187
f 7188 7194 7190
f 7192 7188 7191
f 7192 7194 7188
f 7190 7194 7189
f 7193 7191 7189
f 7189 7194 7193
f 7193 7192 7191
f 7194 7192 7193
f 7196 7198 7195
f 7199 7196 7195
f 7195 7198 7197
f 7197 7199 7195
f 7196 7202 7198
f 7200 7196 7199
f 7200 7202 7196
f 7198 7202 7197
f 7201 7199 7197
f 7197 7202 7201
f 7201 7200 7199
f 7202 7200 7201
f 7204 7206 7203
f 7207 7204 7203
f 7203 7206 7205
f 7205 7207 7203
f 7204 7210 7206
f 7208 7204 7207
f 7208 7210 7204
f 7206 7210 7205
f 7209 7207 7205
f 7205 7210 7209
f 7209 7208 7207
f 7210 7208 7209
f 7212 7214 7211
f 7215 7212 7211
f 7211 7214 7213
f 7213 7215 7211
f 7212 7218 7214
f 7216 7212 7215
f 7216 7218 7212
f 7214 7218 7213
f 7217 7215 7213
f 7213 7218 7217
f 7217 7216 7215
f 7218 7216 7217
f 7220 7222 7219
f 7223 7220 7219
f 7219 7222 7221
f 7221 7223 7219
f 7220 7226 7222
f 7224 7220 7223
f 7224 7226 7220
f 7222 7226 7221
f 7225 7223 7221
f 7221 7226 7225
f 7225 7224 7223
f 7226 7224 7225
f 7228 7230 7227
f 7231 7228 7227
f 7227 7230 7229
f 7229 7231 7227
f 7228 7234 7230
f 7232 7228 7231
f 7232 7234 7228
f 7230 7234 7229
f 7233 7231 7229
f 7229 7234 7233
f 7233 7232 7231
f 7234 7232 7233
f 7236 7238 7235
f 7239 7236 7235
f 7235 7238 7237
f 7237 7239 7235
f 7236 7242 7238
f 7240 7236 7239
f 7240 7242 7236
f 7238 7242 7237
f 7241 7239 7237
f 7237 7242 7241
f 7241 7240 7239
f 7242 7240 7241
f 7244 7246 7243
f 7247 7244 7243
f 7243 7246 7245
f 7245 7247 7243
f 7244 7250 7246
f 7248 7244 7247
f 7248 7250 7244
f 7246 7250 7245
f 7249 7247 7245
f 7245 7250 7249
f 7249 7248 7247
f 7250 7248 7249
f 7252 7254 7251
f 7255 7252 7251
f 7251 7254 7253
f 7253 7255 7251
f 7252 7258 7254
f 7256 7252 7255
f 7256 7258 7252
f 7254 7258 7253
f 7257 7255 7253
f 7253 7258 7257
f 7257 7256 7255
f 7258 7256 7257
f 7260 7262 7259
f 7263 7260 7259
f 7259 7262 7261
f 7261 7263 7259
f 7260 7266 7262
f 7264 7260 7263
f 7264 7266 7260
f 7262 7266 7261
f 7265 7263 7261
f 7261 7266 7265
f 7265 7264 7263
f 7266 7264 7265
f 7268 7270 7267
f 7271 7268 7267
f 7267 7270 7269
f 7269 7271 7267
f 7268 7274 7270
f 7272 7268 7271
f 7272 7274 7268
f 7270 7274 7269
f 7273 7271 7269
f 7269 7274 7273
f 7273 7272 7271
f 7274 7272 7273
f 7276 7278 7275
f 7279 7276 7275
f 7275 7278 7277
f 7277 7279 7275
f 7276 7282 7278
f 7280 7276 7279
f 7280 7282 7276
f 7278 7282 7277
f 7281 7279 7277
f 7277 7282 7281
f 7281 7280 7279
f 7282 7280 7281
f 7284 7286 7283
f 7287 7284 7283
f 7283 7286 7285
f 7285 7287 7283
f 7284 7290 7286
f 7288 7284 7287
f 7288 7290 7284
f 7286 7290 7285
f 7289 7287 7285
f 7285 7290 7289
f 7289 7288 7287
f 7290 7288 7289
f 7292 7294 7291
f 7295 7292 7291
f 7291 7294 7293
f 7293 7295 7291
f 7292 7298 7294
f 7296 7292 7295
f 7296 7298 7292
f 7294 7298 7293
f 7297 7295 7293
f 7293 7298 7297
f 7297 7296 7295
f 7298 7296 7297
f 7300 7302 7299
f 7303 7300 7299
f 7299 7302 7301
f 7301 7303 7299
f 7300 7306 7302
f 7304 7300 7303
f 7304 7306 7300
f 7302 7306 7301
f 7305 7303 7301
f 7301 7306 7305
f 7305 7304 7303
f 7306 7304 7305
f 7308 7310 7307
f 7311 7308 7307
f 7307 7310 7309
f 7309 7311 7307
f 7308 7314 7310
f 7312 7308 7311
f 7312 7314 7308
f 7310 7314 7309
f 7313 7311 7309
f 7309 7314 7313
f 7313 7312 7311
f 7314 7312 7313
f 7316 7318 7315
f 7319 7316 7315
f 7315 7318 7317
f 7317 7319 7315
f 7316 7322 7318
f 7320 7316 7319
f 7320 7322 7316
f 7318 7322 7317
f 7321 7319 7317
f 7317 7322 7321
f 7321 7320 7319
f 7322 7320 7321
f 7324 7326 7323
f 7327 7324 7323
f 7323 7326 7325
f 7325 7327 7323
f 7324 7330 7326
f 7328 7324 7327
f 7328 7330 7324
f 7326 7330 7325
f 7329 7327 7325
f 7325 7330 7329
f 7329 7328 7327
f 7330 7328 7329
f 7332 7334 7331
f 7335 7332 7331
f 7331 7334 7333
f 7333 7335 7331
f 7332 7338 7334
f 7336 7332 7335
f 7336 7338 7332
f 7334 7338 7333
f 7337 7335 7333
f 7333 7338 7337
f 7337 7336 7335
f 7338 7336 7337
f 7340 7342 7339
f 7343 7340 7339
f 7339 7342 7341
f 7341 7343 7339
f 7340 7346 7342
f 7344 7340 7343
f 7344 7346 7340
f 7342 7346 7341
f 7345 7343 7341
f 7341 7346 7345
f 7345 7344 7343
f 7346 7344 7345
f 7348 7350 7347
f 7351 7348 7347
f 7347 7350 7349
f 7349 7351 7347
f 7348 7354 7350
f 7352 7348 7351
f 7352 7354 7348
f 7350 7354 7349
f 7353 7351 7349
f 7349 7354 7353
f 7353 7352 7351
f 7354 7352 7353
f 7356 7358 7355
f 7359 7356 7355
f 7355 7358 7357
f 7357 7359 7355
f 7356 7362 7358
f 7360 7356 7359
f 7360 7362 7356
f 7358 7362 7357
f 7361 7359 7357
f 7357 7362 7361
f 7361 7360 7359
f 7362 7360 7361
f 7364 7366 7363
f 7367 7364 7363
f 7363 7366 7365
f 7365 7367 7363
f 7364 7370 7366
f 7368 7364 7367
f 7368 7370 7364
f 7366 7370 7365
f 7369 7367 7365
f 7365 7370 7369
f 7369 7368 7367
f 7370 7368 7369
f 7372 7374 7371
f 7375 7372 7371
f 7371 7374 7373
f 7373 7375 7371
f 7372 7378 7374
f 7376 7372 7375
f 7376 7378 7372
f 7374 7378 7373
f 7377 7375 7373
f 7373 7378 7377
f 7377 7376 7375
f 7378 7376 7377
f 7380 7382 7379
f 7383 7380 7379
f 7379 7382 7381
f 7381 7383 7379
f 7380 7386 7382
f 7384 7380 7383
f 7384 7386 7380
f 7382 7386 7381
f 7385 7383 7381
f 7381 7386 7385
f 7385 7384 7383
f 7386 7384 7385
f 7388 7390 7387
f 7391 7388 7387
f 7387 7390 7389
f 7389 7391 7387
f 7388 7394 7390
f 7392 7388 7391
f 7392 7394 7388
f 7390 7394 7389
f 7393 7391 7389
f 7389 7394 7393
f 7393 7392 7391
f 7394 7392 7393
f 7396 7398 7395
f 7399 7396 7395
f 7395 7398 7397
f 7397 7399 7395
f 7396 7402 7398
f 7400 7396 7399
f 7400 7402 7396
f 7398 7402 7397
f 7401 7399 7397
f 7397 7402 7401
f 7401 7400 7399
f 7402 7400 7401
f 7404 7406 7403
f 7407 7404 7403
f 7403 7406 7405
f 7405 7407 7403
f 7404 7410 7406
f 7408 7404 7407
f 7408 7410 7404
f 7406 7410 7405
f 7409 7407 7405
f 7405 7410 7409
f 7409 7408 7407
f 7410 7408 7409
f 7412 7414 7411
f 7415 7412 7411
f 7411 7414 7413
f 7413 7415 7411
f 7412 7418 7414
f 7416 7412 7415
f 7416 7418 7412
f 7414 7418 7413
f 7417 7415 7413
f 7413 7418 7417
f 7417 7416 7415
f 7418 7416 7417
f 7420 7422 7419
f 7423 7420 7419
f 7419 7422 7421
f 7421 7423 7419
f 7420 7426 7422
f 7424 7420 7423
f 7424 7426 7420
f 7422 7426 7421
f 7425 7423 7421
f 7421 7426 7425
f 7425 7424 7423
f 7426 7424 7425
f 7428 7430 7427
f 7431 7428 7427
f 7427 7430 7429
f 7429 7431 7427
f 7428 7434 7430
f 7432 7428 7431
f 7432 7434 7428
f 7430 7434 7429
f 7433 7431 7429
f 7429 7434 7433
f 7433 7432 7431
f 7434 7432 7433
f 7436 7438 7435
f 7439 7436 7435
f 7435 7438 7437
f 7437 7439 7435
f 7436 7442 7438
f 7440 7436 7439
f 7440 7442 7436
f 7438 7442 7437
f 7441 7439 7437
f 7437 7442 7441
f 7441 7440 7439
f 7442 7440 7441
f 7444 7446 7443
f 7447 7444 7443
f 7443 7446 7445
f 7445 7447 7443
f 7444 7450 7446
f 7448 7444 7447
f 7448 7450 7444
f 7446 7450 7445
f 7449 7447 7445
f 7445 7450 7449
f 7449 7448 7447
f 7450 7448 7449
f 7452 7454 7451
f 7455 7452 7451
f 7451 7454 7453
f 7453 7455 7451
f 7452 7458 7454
f 7456 7452 7455
f 7456 7458 7452
f 7454 7458 7453
f 7457 7455 7453
f 7453 7458 7457
f 7457 7456 7455
f 7458 7456 7457
f 7460 7462 7459
f 7463 7460 7459
f 7459 7462 7461
f 7461 7463 7459
f 7460 7466 7462
f 7464 7460 7463
f 7464 7466 7460
f 7462 7466 7461
f 7465 7463 7461
f 7461 7466 7465
f 7465 7464 7463
f 7466 7464 7465
f 7468 7470 7467
f 7471 7468 7467
f 7467 7470 7469
f 7469 7471 7467
f 7468 7474 7470
f 7472 7468 7471
f 7472 7474 7468
f 7470 7474 7469
f 7473 7471 7469
f 7469 7474 7473
f 7473 7472 7471
f 7474 7472 7473
f 7476 7478 7475
f 7479 7476 7475
f 7475 7478 7477
f 7477 7479 7475
f 7476 7482 7478
f 7480 7476 7479
f 7480 7482 7476
f 7478 7482 7477
f 7481 7479 7477
f 7477 7482 7481
f 7481 7480 7479
f 7482 7480 7481
f 7484 7486 7483
f 7487 7484 7483
f 7483 7486 7485
f 7485 7487 7483
f 7484 7490 7486
f 7488 7484 7487
f 7488 7490 7484
f 7486 7490 7485
f 7489 7487 7485
f 7485 7490 7489
f 7489 7488 7487
f 7490 7488 7489
f 7492 7494 7491
f 7495 7492 7491
f 7491 7494 7493
f 7493 7495 7491
f 7492 7498 7494
f 7496 7492 7495
f 7496 7498 7492
f 7494 7498 7493
f 7497 7495 7493
f 7493 7498 7497
f 7497 7496 7495
f 7498 7496 7497
f 7500 7502 7499
f 7503 7500 7499
f 7499 7502 7501
f 7501 7503 7499
f 7500 7506 7502
f 7504 7500 7503
f 7504 7506 7500
f 7502 7506 7501
f 7505 7503 7501
f 7501 7506 7505
f 7505 7504 7503
f 7506 7504 7505
f 7508 7510 7507
f 7511 7508 7507
f 7507 7510 7509
f 7509 7511 7507
f 7508 7514 7510
f 7512 7508 7511
f 7512 7514 7508
f 7510 7514 7509
f 7513 7511 7509
f 7509 7514 7513
f 7513 7512 7511
f 7514 7512 7513
f 7516 7518 7515
f 7519 7516 7515
f 7515 7518 7517
f 7517 7519 7515
f 7516 7522 7518
f 7520 7516 7519
f 7520 7522 7516
f 7518 7522 7517
f 7521 7519 7517
f 7517 7522 7521
f 7521 7520 7519
f 7522 7520 7521
f 7524 7526 7523
f 7527 7524 7523
f 7523 7526 7525
f 7525 7527 7523
f 7524 7530 7526
f 7528 7524 7527
f 7528 7530 7524
f 7526 7530 7525
f 7529 7527 7525
f 7525 7530 7529
f 7529 7528 7527
f 7530 7528 7529
f 7532 7534 7531
f 7535 7532 7531
f 7531 7534 7533
f 7533 7535 7531
f 7532 7538 7534
f 7536 7532 7535
f 7536 7538 7532
f 7534 7538 7533
f 7537 7535 7533
f 7533 7538 7537
f 7537 7536 7535
f 7538 7536 7537
f 7540 7542 7539
f 7543 7540 7539
f 7539 7542 7541
f 7541 7543 7539
f 7540 7546 7542
f 7544 7540 7543
f 7544 7546 7540
f 7542 7546 7541
f 7545 7543 7541
f 7541 7546 7545
f 7545 7544 7543
f 7546 7544 7545
f 7548 7550 7547
f 7551 7548 7547
f 7547 7550 7549
f 7549 7551 7547
f 7548 7554 7550
f 7552 7548 7551
f 7552 7554 7548
f 7550 7554 7549
f 7553 7551 7549
f 7549 7554 7553
f 7553 7552 7551
f 7554 7552 7553
f 7556 7558 7555
f 7559 7556 7555
f 7555 7558 7557
f 7557 7559 7555
f 7556 7562 7558
f 7560 7556 7559
f 7560 7562 7556
f 7558 7562 7557
f 7561 7559 7557
f 7557 7562 7561
f 7561 7560 7559
f 7562 7560 7561
f 7564 7566 7563
f 7567 7564 7563
f 7563 7566 7565
f 7565 7567 7563
f 7564 7570 7566
f 7568 7564 7567
f 7568 7570 7564
f 7566 7570 7565
f 7569 7567 7565
f 7565 7570 7569
f 7569 7568 7567
f 7570 7568 7569
f 7572 7571 7575
f 7572 7575 7573
f 7573 7575 7576
f 7573 7576 7574
f 7575 7571 7577
f 7575 7577 7576
f 7576 7577 7578
f 7576 7578 7574
f 7577 7571 7579
f 7577 7579 7578
f 7578 7579 7580
f 7578 7580 7574
f 7579 7571 7581
f 7579 7581 7580
f 7580 7581 7582
f 7580 7582 7574
f 7581 7571 7583
f 7581 7583 7582
f 7582 7583 7584
f 7582 7584 7574
f 7583 7571 7585
f 7583 7585 7584
f 7584 7585 7586
f 7584 7586 7574
f 7585 7571 7587
f 7585 7587 7586
f 7586 7587 7588
f 7586 7588 7574
f 7587 7571 7589
f 7587 7589 7588
f 7588 7589 7590
f 7588 7590 7574
f 7589 7571 7591
f 7589 7591 7590
f 7590 7591 7592
f 7590 7592 7574
f 7591 7571 7593
f 7591 7593 7592
f 7592 7593 7594
f 7592 7594 7574
f 7593 7571 7595
f 7593 7595 7594
f 7594 7595 7596
f 7594 7596 7574
f 7595 7571 7597
f 7595 7597 7596
f 7596 7597 7598
f 7596 7598 7574
f 7597 7571 7599
f 7597 7599 7598
f 7598 7599 7600
f 7598 7600 7574
f 7599 7571 7601
f 7599 7601 7600
f 7600 7601 7602
f 7600 7602 7574
f 7601 7571 7603
f 7601 7603 7602
f 7602 7603 7604
f 7602 7604 7574
f 7603 7571 7605
f 7603 7605 7604
f 7604 7605 7606
f 7604 7606 7574
f 7605 7571 7607
f 7605 7607 7606
f 7606 7607 7608
f 7606 7608 7574
f 7607 7571 7609
f 7607 7609 7608
f 7608 7609 7610
f 7608 7610 7574
f 7609 7571 7611
f 7609 7611 7610
f 7610 7611 7612
f 7610 7612 7574
f 7611 7571 7613
f 7611 7613 7612
f 7612 7613 7614
f 7612 7614 7574
f 7613 7571 7615
f 7613 7615 7614
f 7614 7615 7616
f 7614 7616 7574
f 7615 7571 7617
f 7615 7617 7616
f 7616 7617 7618
f 7616 7618 7574
f 7617 7571 7619
f 7617 7619 7618
f 7618 7619 7620
f 7618 7620 7574
f 7619 7571 7621
f 7619 7621 7620
f 7620 7621 7622
f 7620 7622 7574
f 7621 7571 7623
f 7621 7623 7622
f 7622 7623 7624
f 7622 7624 7574
f 7623 7571 7625
f 7623 7625 7624
f 7624 7625 7626
f 7624 7626 7574
f 7625 7571 7627
f 7625 7627 7626
f 7626 7627 7628
f 7626 7628 7574
f 7627 7571 7629
f 7627 7629 7628
f 7628 7629 7630
f 7628 7630 7574
f 7629 7571 7631
f 7629 7631 7630
f 7630 7631 7632
f 7630 7632 7574
f 7631 7571 7633
f 7631 7633 7632
f 7632 7633 7634
f 7632 7634 7574
f 7633 7571 7635
f 7633 7635 7634
f 7634 7635 7636
f 7634 7636 7574
f 7635 7571 7572
f 7635 7572 7636
f 7636 7572 7573
f 7636 7573 7574
f 7638 7637 7641
f 7638 7641 7639
f 7639 7641 7642
f 7639 7642 7640
f 7641 7637 7643
f 7641 7643 7642
f 7642 7643 7644
f 7642 7644 7640
f 7643 7637 7645
f 7643 7645 7644
f 7644 7645 7646
f 7644 7646 7640
f 7645 7637 7647
f 7645 7647 7646
f 7646 7647 7648
f 7646 7648 7640
f 7647 7637 7649
f 7647 7649 7648
f 7648 7649 7650
f 7648 7650 7640
f 7649 7637 7651
f 7649 7651 7650
f 7650 7651 7652
f 7650 7652 7640
f 7651 7637 7653
f 7651 7653 7652
f 7652 7653 7654
f 7652 7654 7640
f 7653 7637 7655
f 7653 7655 7654
f 7654 7655 7656
f 7654 7656 7640
f 7655 7637 7657
f 7655 7657 7656
f 7656 7657 7658
f 7656 7658 7640
f 7657 7637 7659
f 7657 7659 7658
f 7658 7659 7660
f 7658 7660 7640
f 7659 7637 7661
f 7659 7661 7660
f 7660 7661 7662
f 7660 7662 7640
f 7661 7637 7663
f 7661 7663 7662
f 7662 7663 7664
f 7662 7664 7640
f 7663 7637 7665
f 7663 7665 7664
f 7664 7665 7666
f 7664 7666 7640
f 7665 7637 7667
f 7665 7667 7666
f 7666 7667 7668
f 7666 7668 7640
f 7667 7637 7669
f 7667 7669 7668
f 7668 7669 7670
f 7668 7670 7640
f 7669 7637 7671
f 7669 7671 7670
f 7670 7671 7672
f 7670 7672 7640
f 7671 7637 7673
f 7671 7673 7672
f 7672 7673 7674
f 7672 7674 7640
f 7673 7637 7675
f 7673 7675 7674
f 7674 7675 7676
f 7674 7676 7640
f 7675 7637 7677
f 7675 7677 7676
f 7676 7677 7678
f 7676 7678 7640
f 7677 7637 7679
f 7677 7679 7678
f 7678 7679 7680
f 7678 7680 7640
f 7679 7637 7681
f 7679 7681 7680
f 7680 7681 7682
f 7680 7682 7640
f 7681 7637 7683
f 7681 7683 7682
f 7682 7683 7684
f 7682 7684 7640
f 7683 7637 7685
f 7683 7685 7684
f 7684 7685 7686
f 7684 7686 7640
f 7685 7637 7687
f 7685 7687 7686
f 7686 7687 7688
f 7686 7688 7640
f 7687 7637 7689
f 7687 7689 7688
f 7688 7689 7690
f 7688 7690 7640
f 7689 7637 7691
f 7689 7691 7690
f 7690 7691 7692
f 7690 7692 7640
f 7691 7637 7693
f 7691 7693 7692
f 7692 7693 7694
f 7692 7694 7640
f 7693 7637 7695
f 7693 7695 7694
f 7694 7695 7696
f 7694 7696 7640
f 7695 7637 7697
f 7695 7697 7696
f 7696 7697 7698
f 7696 7698 7640
f 7697 7637 7699
f 7697 7699 7698
f 7698 7699 7700
f 7698 7700 7640
f 7699 7637 7701
f 7699 7701 7700
f 7700 7701 7702
f 7700 7702 7640
f 7701 7637 7638
f 7701 7638 7702
f 7702 7638 7639
f 7702 7639 7640
f 7704 7703 7707
f 7704 7707 7705
f 7705 7707 7708
f 7705 7708 7706
f 7707 7703 7709
f 7707 7709 7708
f 7708 7709 7710
f 7708 7710 7706
f 7709 7703 7711
f 7709 7711 7710
f 7710 7711 7712
f 7710 7712 7706
f 7711 7703 7713
f 7711 7713 7712
f 7712 7713 7714
f 7712 7714 7706
f 7713 7703 7715
f 7713 7715 7714
f 7714 7715 7716
f 7714 7716 7706
f 7715 7703 7717
f 7715 7717 7716
f 7716 7717 7718
f 7716 7718 7706
f 7717 7703 7719
f 7717 7719 7718
f 7718 7719 7720
f 7718 7720 7706
f 7719 7703 7721
f 7719 7721 7720
f 7720 7721 7722
f 7720 7722 7706
f 7721 7703 7723
f 7721 7723 7722
f 7722 7723 7724
f 7722 7724 7706
f 7723 7703 7725
f 7723 7725 7724
f 7724 7725 7726
f 7724 7726 7706
f 7725 7703 7727
f 7725 7727 7726
f 7726 7727 7728
f 7726 7728 7706
f 7727 7703 7729
f 7727 7729 7728
f 7728 7729 7730
f 7728 7730 7706
f 7729 7703 7731
f 7729 7731 7730
f 7730 7731 7732
f 7730 7732 7706
f 7731 7703 7733
f 7731 7733 7732
f 7732 7733 7734
f 7732 7734 7706
f 7733 7703 7735
f 7733 7735 7734
f 7734 7735 7736
f 7734 7736 7706
f 7735 7703 7737
f 7735 7737 7736
f 7736 7737 7738
f 7736 7738 7706
f 7737 7703 7739
f 7737 7739 7738
f 7738 7739 7740
f 7738 7740 7706
f 7739 7703 7741
f 7739 7741 7740
f 7740 7741 7742
f 7740 7742 7706
f 7741 7703 7743
f 7741 7743 7742
f 7742 7743 7744
f 7742 7744 7706
f 7743 7703 7745
f 7743 7745 7744
f 7744 7745 7746
f 7744 7746 7706
f 7745 7703 7747
f 7745 7747 7746
f 7746 7747 7748
f 7746 7748 7706
f 7747 7703 7749
f 7747 7749 7748
f 7748 7749 7750
f 7748 7750 7706
f 7749 7703 7751
f 7749 7751 7750
f 7750 7751 7752
f 7750 7752 7706
f 7751 7703 7753
f 7751 7753 7752
f 7752 7753 7754
f 7752 7754 7706
f 7753 7703 7755
f 7753 7755 7754
f 7754 7755 7756
f 7754 7756 7706
f 7755 7703 7757
f 7755 7757 7756
f 7756 7757 7758
f 7756 7758 7706
f 7757 7703 7759
f 7757 7759 7758
f 7758 7759 7760
f 7758 7760 7706
f 7759 7703 7761
f 7759 7761 7760
f 7760 7761 7762
f 7760 7762 7706
f 7761 7703 7763
f 7761 7763 7762
f 7762 7763 7764
f 7762 7764 7706
f 7763 7703 7765
f 7763 7765 7764
f 7764 7765 7766
f 7764 7766 7706
f 7765 7703 7767
f 7765 7767 7766
f 7766 7767 7768
f 7766 7768 7706
f 7767 7703 7704
f 7767 7704 7768
f 7768 7704 7705
f 7768 7705 7706
f 7770 7772 7769
f 7773 7770 7769
f 7769 7772 7771
f 7771 7773 7769
f 7770 7776 7772
f 7774 7770 7773
f 7774 7776 7770
f 7772 7776 7771
f 7775 7773 7771
f 7771 7776 7775
f 7775 7774 7773
f 7776 7774 7775
f 7778 7780 7777
f 7781 7778 7777
f 7777 7780 7779
f 7779 7781 7777
f 7778 7784 7780
f 7782 7778 7781
f 7782 7784 7778
f 7780 7784 7779
f 7783 7781 7779
f 7779 7784 7783
f 7783 7782 7781
f 7784 7782 7783
f 7786 7788 7785
f 7789 7786 7785
f 7785 7788 7787
f 7787 7789 7785
f 7786 7792 7788
f 7790 7786 7789
f 7790 7792 7786
f 7788 7792 7787
f 7791 7789 7787
f 7787 7792 7791
f 7791 7790 7789
f 7792 7790 7791
f 7794 7796 7793
f 7797 7794 7793
f 7793 7796 7795
f 7795 7797 7793
f 7794 7800 7796
f 7798 7794 7797
f 7798 7800 7794
f 7796 7800 7795
f 7799 7797 7795
f 7795 7800 7799
f 7799 7798 7797
f 7800 7798 7799
f 7802 7804 7801
f 7805 7802 7801
f 7801 7804 7803
f 7803 7805 7801
f 7802 7808 7804
f 7806 7802 7805
f 7806 7808 7802
f 7804 7808 7803
f 7807 7805 7803
f 7803 7808 7807
f 7807 7806 7805
f 7808 7806 7807
f 7810 7812 7809
f 7813 7810 7809
f 7809 7812 7811
f 7811 7813 7809
f 7810 7816 7812
f 7814 7810 7813
f 7814 7816 7810
f 7812 7816 7811
f 7815 7813 7811
f 7811 7816 7815
f 7815 7814 7813
f 7816 7814 7815
f 7818 7820 7817
f 7821 7818 7817
f 7817 7820 7819
f 7819 7821 7817
f 7818 7824 7820
f 7822 7818 7821
f 7822 7824 7818
f 7820 7824 7819
f 7823 7821 7819
f 7819 7824 7823
f 7823 7822 7821
f 7824 7822 7823
f 7826 7828 7825
f 7829 7826 7825
f 7825 7828 7827
f 7827 7829 7825
f 7826 7832 7828
f 7830 7826 7829
f 7830 7832 7826
f 7828 7832 7827
f 7831 7829 7827
f 7827 7832 7831
f 7831 7830 7829
f 7832 7830 7831
f 7834 7836 7833
f 7837 7834 7833
f 7833 7836 7835
f 7835 7837 7833
f 7834 7840 7836
f 7838 7834 7837
f 7838 7840 7834
f 7836 7840 7835
f 7839 7837 7835
f 7835 7840 7839
f 7839 7838 7837
f 7840 7838 7839
f 7842 7844 7841
f 7845 7842 7841
f 7841 7844 7843
f 7843 7845 7841
f 7842 7848 7844
f 7846 7842 7845
f 7846 7848 7842
f 7844 7848 7843
f 7847 7845 7843
f 7843 7848 7847
f 7847 7846 7845
f 7848 7846 7847
f 7850 7852 7849
f 7853 7850 7849
f 7849 7852 7851
f 7851 7853 7849
f 7850 7856 7852
f 7854 7850 7853
f 7854 7856 7850
f 7852 7856 7851
f 7855 7853 7851
f 7851 7856 7855
f 7855 7854 7853
f 7856 7854 7855
f 7858 7860 7857
f 7861 7858 7857
f 7857 7860 7859
f 7859 7861 7857
f 7858 7864 7860
f 7862 7858 7861
f 7862 7864 7858
f 7860 7864 7859
f 7863 7861 7859
f 7859 7864 7863
f 7863 7862 7861
f 7864 7862 7863
f 7866 7868 7865
f 7869 7866 7865
f 7865 7868 7867
f 7867 7869 7865
f 7866 7872 7868
f 7870 7866 7869
f 7870 7872 7866
f 7868 7872 7867
f 7871 7869 7867
f 7867 7872 7871
f 7871 7870 7869
f 7872 7870 7871
f 7874 7876 7873
f 7877 7874 7873
f 7873 7876 7875
f 7875 7877 7873
f 7874 7880 7876
f 7878 7874 7877
f 7878 7880 7874
f 7876 7880 7875
f 7879 7877 7875
f 7875 7880 7879
f 7879 7878 7877
f 7880 7878 7879
f 7882 7884 7881
f 7885 7882 7881
f 7881 7884 7883
f 7883 7885 7881
f 7882 7888 7884
f 7886 7882 7885
f 7886 7888 7882
f 7884 7888 7883
f 7887 7885 7883
f 7883 7888 7887
f 7887 7886 7885
f 7888 7886 7887
f 7890 7892 7889
f 7893 7890 7889
f 7889 7892 7891
f 7891 7893 7889
f 7890 7896 7892
f 7894 7890 7893
f 7894 7896 7890
f 7892 7896 7891
f 7895 7893 7891
f 7891 7896 7895
f 7895 7894 7893
f 7896 7894 7895
f 7898 7900 7897
f 7901 7898 7897
f 7897 7900 7899
f 7899 7901 7897
f 7898 7904 7900
f 7902 7898 7901
f 7902 7904 7898
f 7900 7904 7899
f 7903 7901 7899
f 7899 7904 7903
f 7903 7902 7901
f 7904 7902 7903
f 7906 7908 7905
f 7909 7906 7905
f 7905 7908 7907
f 7907 7909 7905
f 7906 7912 7908
f 7910 7906 7909
f 7910 7912 7906
f 7908 7912 7907
f 7911 7909 7907
f 7907 7912 7911
f 7911 7910 7909
f 7912 7910 7911
f 7914 7916 7913
f 7917 7914 7913
f 7913 7916 7915
f 7915 7917 7913
f 7914 7920 7916
f 7918 7914 7917
f 7918 7920 7914
f 7916 7920 7915
f 7919 7917 7915
f 7915 7920 7919
f 7919 7918 7917
f 7920 7918 7919
f 7922 7924 7921
f 7925 7922 7921
f 7921 7924 7923
f 7923 7925 7921
f 7922 7928 7924
f 7926 7922 7925
f 7926 7928 7922
f 7924 7928 7923
f 7927 7925 7923
f 7923 7928 7927
f 7927 7926 7925
f 7928 7926 7927
f 7930 7932 7929
f 7933 7930 7929
f 7929 7932 7931
f 7931 7933 7929
f 7930 7936 7932
f 7934 7930 7933
f 7934 7936 7930
f 7932 7936 7931
f 7935 7933 7931
f 7931 7936 7935
f 7935 7934 7933
f 7936 7934 7935
f 7938 7940 7937
f 7941 7938 7937
f 7937 7940 7939
f 7939 7941 7937
f 7938 7944 7940
f 7942 7938 7941
f 7942 7944 7938
f 7940 7944 7939
f 7943 7941 7939
f 7939 7944 7943
f 7943 7942 7941
f 7944 7942 7943
f 7946 7948 7945
f 7949 7946 7945
f 7945 7948 7947
f 7947 7949 7945
f 7946 7952 7948
f 7950 7946 7949
f 7950 7952 7946
f 7948 7952 7947
f 7951 7949 7947
f 7947 7952 7951
f 7951 7950 7949
f 7952 7950 7951
f 7954 7956 7953
f 7957 7954 7953
f 7953 7956 7955
f 7955 7957 7953
f 7954 7960 7956
f 7958 7954 7957
f 7958 7960 7954
f 7956 7960 7955
f 7959 7957 7955
f 7955 7960 7959
f 7959 7958 7957
f 7960 7958 7959
f 7962 7964 7961
f 7965 7962 7961
f 7961 7964 7963
f 7963 7965 7961
f 7962 7968 7964
f 7966 7962 7965
f 7966 7968 7962
f 7964 7968 7963
f 7967 7965 7963
f 7963 7968 7967
f 7967 7966 7965
f 7968 7966 7967
f 7970 7972 7969
f 7973 7970 7969
f 7969 7972 7971
f 7971 7973 7969
f 7970 7976 7972
f 7974 7970 7973
f 7974 7976 7970
f 7972 7976 7971
f 7975 7973 7971
f 7971 7976 7975
f 7975 7974 7973
f 7976 7974 7975
f 7978 7980 7977
f 7981 7978 7977
f 7977 7980 7979
f 7979 7981 7977
f 7978 7984 7980
f 7982 7978 7981
f 7982 7984 7978
f 7980 7984 7979
f 7983 7981 7979
f 7979 7984 7983
f 7983 7982 7981
f 7984 7982 7983
f 7986 7988 7985
f 7989 7986 7985
f 7985 7988 7987
f 7987 7989 7985
f 7986 7992 7988
f 7990 7986 7989
f 7990 7992 7986
f 7988 7992 7987
f 7991 7989 7987
f 7987 7992 7991
f 7991 7990 7989
f 7992 7990 7991
f 7994 7996 7993
f 7997 7994 7993
f 7993 7996 7995
f 7995 7997 7993
f 7994 8000 7996
f 7998 7994 7997
f 7998 8000 7994
f 7996 8000 7995
f 7999 7997 7995
f 7995 8000 7999
f 7999 7998 7997
f 8000 7998 7999
f 8002 8004 8001
f 8005 8002 8001
f 8001 8004 8003
f 8003 8005 8001
f 8002 8008 8004
f 8006 8002 8005
f 8006 8008 8002
f 8004 8008 8003
f 8007 8005 8003
f 8003 8008 8007
f 8007 8006 8005
f 8008 8006 8007
f 8010 8012 8009
f 8013 8010 8009
f 8009 8012 8011
f 8011 8013 8009
f 8010 8016 8012
f 8014 8010 8013
f 8014 8016 8010
f 8012 8016 8011
f 8015 8013 8011
f 8011 8016 8015
f 8015 8014 8013
f 8016 8014 8015
f 8018 8020 8017
f 8021 8018 8017
f 8017 8020 8019
f 8019 8021 8017
f 8018 8024 8020
f 8022 8018 8021
f 8022 8024 8018
f 8020 8024 8019
f 8023 8021 8019
f 8019 8024 8023
f 8023 8022 8021
f 8024 8022 8023
o eyes
v 42.767 181.501 -11.175
v 44.517 181.501 -11.175
v 44.517 181.501 -10.425
v 42.767 181.501 -10.425
v 44.457 181.954 -11.175
v 44.457 181.954 -10.425
v 44.282 182.376 -11.175
v 44.282 182.376 -10.425
v 44.004 182.738 -11.175
v 44.004 182.738 -10.425
v 43.642 183.016 -11.175
v 43.642 183.016 -10.425
v 43.220 183.191 -11.175
v 43.220 183.191 -10.425
v 42.767 183.251 -11.175
v 42.767 183.251 -10.425
v 42.314 183.191 -11.175
v 42.314 183.191 -10.425
v 41.892 183.016 -11.175
v 41.892 183.016 -10.425
v 41.529 182.738 -11.175
v 41.529 182.738 -10.425
v 41.251 182.376 -11.175
v 41.251 182.376 -10.425
v 41.076 181.954 -11.175
v 41.076 181.954 -10.425
v 41.017 181.501 -11.175
v 41.017 181.501 -10.425
v 41.076 181.048 -11.175
v 41.076 181.048 -10.425
v 41.251 180.626 -11.175
v 41.251 180.626 -10.425
v 41.529 180.264 -11.175
v 41.529 180.264 -10.425
v 41.892 179.985 -11.175
v 41.892 179.985 -10.425
v 42.314 179.811 -11.175
v 42.314 179.811 -10.425
v 42.767 179.751 -11.175
v 42.767 179.751 -10.425
v 43.220 179.811 -11.175
v 43.220 179.811 -10.425
v 43.642 179.985 -11.175
v 43.642 179.985 -10.425
v 44.004 180.264 -11.175
v 44.004 180.264 -10.425
v 44.282 180.626 -11.175
v 44.282 180.626 -10.425
v 44.457 181.048 -11.175
v 44.457 181.048 -10.425
v 42.767 181.501 10.425
v 44.517 181.501 10.425
v 44.517 181.501 11.175
v 42.767 181.501 11.175
v 44.457 181.954 10.425
v 44.457 181.954 11.175
v 44.282 182.376 10.425
v 44.282 182.376 11.175
v 44.004 182.738 10.425
v 44.004 182.738 11.175
v 43.642 183.016 10.425
v 43.642 183.016 11.175
v 43.220 183.191 10.425
v 43.220 183.191 11.175
v 42.767 183.251 10.425
v 42.767 183.251 11.175
v 42.314 183.191 10.425
v 42.314 183.191 11.175
v 41.892 183.016 10.425
v 41.892 183.016 11.175
v 41.529 182.738 10.425
v 41.529 182.738 11.175
v 41.251 182.376 10.425
v 41.251 182.376 11.175
v 41.076 181.954 10.425
v 41.076 181.954 11.175
v 41.017 181.501 10.425
v 41.017 181.501 11.175
v 41.076 181.048 10.425
v 41.076 181.048 11.175
v 41.251 180.626 10.425
v 41.251 180.626 11.175
v 41.529 180.264 10.425
v 41.529 180.264 11.175
v 41.892 179.985 10.425
v 41.892 179.985 11.175
v 42.314 179.811 10.425
v 42.314 179.811 11.175
v 42.767 179.751 10.425
v 42.767 179.751 11.175
v 43.220 179.811 10.425
v 43.220 179.811 11.175
v 43.642 179.985 10.425
v 43.642 179.985 11.175
v 44.004 180.264 10.425
v 44.004 180.264 11.175
v 44.282 180.626 10.425
v 44.282 180.626 11.175
v 44.457 181.048 10.425
v 44.457 181.048 11.175
f 8026 8025 8029
f 8026 8029 8027
f 8027 8029 8030
f 8027 8030 8028
f 8029 8025 8031
f 8029 8031 8030
f 8030 8031 8032
f 8030 8032 8028
f 8031 8025 8033
f 8031 8033 8032
f 8032 8033 8034
f 8032 8034 8028
f 8033 8025 8035
f 8033 8035 8034
f 8034 8035 8036
f 8034 8036 8028
f 8035 8025 8037
f 8035 8037 8036
f 8036 8037 8038
f 8036 8038 8028
f 8037 8025 8039
f 8037 8039 8038
f 8038 8039 8040
f 8038 8040 8028
f 8039 8025 8041
f 8039 8041 8040
f 8040 8041 8042
f 8040 8042 8028
f 8041 8025 8043
f 8041 8043 8042
f 8042 8043 8044
f 8042 8044 8028
f 8043 8025 8045
f 8043 8045 8044
f 8044 8045 8046
f 8044 8046 8028
f 8045 8025 8047
f 8045 8047 8046
f 8046 8047 8048
f 8046 8048 8028
f 8047 8025 8049
f 8047 8049 8048
f 8048 8049 8050
f 8048 8050 8028
f 8049 8025 8051
f 8049 8051 8050
f 8050 8051 8052
f 8050 8052 8028
f 8051 8025 8053
f 8051 8053 8052
f 8052 8053 8054
f 8052 8054 8028
f 8053 8025 8055
f 8053 8055 8054
f 8054 8055 8056
f 8054 8056 8028
f 8055 8025 8057
f 8055 8057 8056
f 8056 8057 8058
f 8056 8058 8028
f 8057 8025 8059
f 8057 8059 8058
f 8058 8059 8060
f 8058 8060 8028
f 8059 8025 8061
f 8059 8061 8060
f 8060 8061 8062
f 8060 8062 8028
f 8061 8025 8063
f 8061 8063 8062
f 8062 8063 8064
f 8062 8064 8028
f 8063 8025 8065
f 8063 8065 8064
f 8064 8065 8066
f 8064 8066 8028
f 8065 8025 8067
f 8065 8067 8066
f 8066 8067 8068
f 8066 8068 8028
f 8067 8025 8069
f 8067 8069 8068
f 8068 8069 8070
f 8068 8070 8028
f 8069 8025 8071
f 8069 8071 8070
f 8070 8071 8072
f 8070 8072 8028
f 8071 8025 8073
f 8071 8073 8072
f 8072 8073 8074
f 8072 8074 8028
f 8073 8025 8026
f 8073 8026 8074
f 8074 8026 8027
f 8074 8027 8028
f 8076 8075 8079
f 8076 8079 8077
f 8077 8079 8080
f 8077 8080 8078
f 8079 8075 8081
f 8079 8081 8080
f 8080 8081 8082
f 8080 8082 8078
f 8081 8075 8083
f 8081 8083 8082
f 8082 8083 8084
f 8082 8084 8078
f 8083 8075 8085
f 8083 8085 8084
f 8084 8085 8086
f 8084 8086 8078
f 8085 8075 8087
f 8085 8087 8086
f 8086 8087 8088
f 8086 8088 8078
f 8087 8075 8089
f 8087 8089 8088
f 8088 8089 8090
f 8088 8090 8078
f 8089 8075 8091
f 8089 8091 8090
f 8090 8091 8092
f 8090 8092 8078
f 8091 8075 8093
f 8091 8093 8092
f 8092 8093 8094
f 8092 8094 8078
f 8093 8075 8095
f 8093 8095 8094
f 8094 8095 8096
f 8094 8096 8078
f 8095 8075 8097
f 8095 8097 8096
f 8096 8097 8098
f 8096 8098 8078
f 8097 8075 8099
f 8097 8099 8098
f 8098 8099 8100
f 8098 8100 8078
f 8099 8075 8101
f 8099 8101 8100
f 8100 8101 8102
f 8100 8102 8078
f 8101 8075 8103
f 8101 8103 8102
f 8102 8103 8104
f 8102 8104 8078
f 8103 8075 8105
f 8103 8105 8104
f 8104 8105 8106
f 8104 8106 8078
f 8105 8075 8107
f 8105 8107 8106
f 8106 8107 8108
f 8106 8108 8078
f 8107 8075 8109
f 8107 8109 8108
f 8108 8109 8110
f 8108 8110 8078
f 8109 8075 8111
f 8109 8111 8110
f 8110 8111 8112
f 8110 8112 8078
f 8111 8075 8113
f 8111 8113 8112
f 8112 8113 8114
f 8112 8114 8078
f 8113 8075 8115
f 8113 8115 8114
f 8114 8115 8116
f 8114 8116 8078
f 8115 8075 8117
f 8115 8117 8116
f 8116 8117 8118
f 8116 8118 8078
f 8117 8075 8119
f 8117 8119 8118
f 8118 8119 8120
f 8118 8120 8078
f 8119 8075 8121
f 8119 8121 8120
f 8120 8121 8122
f 8120 8122 8078
f 8121 8075 8123
f 8121 8123 8122
f 8122 8123 8124
f 8122 8124 8078
f 8123 8075 8076
f 8123 8076 8124
f 8124 8076 8077
f 8124 8077 8078
o fangs
v 32.042 189.818 -3.000
v 32.042 189.818 -1.250
v 28.983 182.426 -3.000
v 31.349 190.105 -3.000
v 32.042 189.818 -4.750
v 32.735 189.531 -3.000
v 32.042 189.818 3.000
v 32.042 189.818 4.750
v 28.983 182.426 3.000
v 31.349 190.105 3.000
v 32.042 189.818 1.250
v 32.735 189.531 3.000
f 8126 8125 8128
f 8126 8128 8127
f 8128 8125 8129
f 8128 8129 8127
f 8129 8125 8130
f 8129 8130 8127
f 8130 8125 8126
f 8130 8126 8127
f 8132 8131 8134
f 8132 8134 8133
f 8134 8131 8135
f 8134 8135 8133
f 8135 8131 8136
f 8135 8136 8133
f 8136 8131 8132
f 8136 8132 8133
o base
v 85.500 0.000 35.415
v 35.415 0.000 85.500
v -35.415 0.000 85.500
v -85.500 0.000 35.415
v -85.500 0.000 -35.415
v -35.415 0.000 -85.500
v 35.415 0.000 -85.500
v 85.500 0.000 -35.415
v 85.500 5.500 35.415
v 35.415 5.500 85.500
v -35.415 5.500 85.500
v -85.500 5.500 35.415
v -85.500 5.500 -35.415
v -35.415 5.500 -85.500
v 35.415 5.500 -85.500
v 85.500 5.500 -35.415
v 0.000 0.000 0.000
v 0.000 5.500 0.000
v 70.000 5.500 28.995
v 28.995 5.500 70.000
v -28.995 5.500 70.000
v -70.000 5.500 28.995
v -70.000 5.500 -28.995
v -28.995 5.500 -70.000
v 28.995 5.500 -70.000
v 70.000 5.500 -28.995
v 70.000 11.000 28.995
v 28.995 11.000 70.000
v -28.995 11.000 70.000
v -70.000 11.000 28.995
v -70.000 11.000 -28.995
v -28.995 11.000 -70.000
v 28.995 11.000 -70.000
v 70.000 11.000 -28.995
v 0.000 5.500 0.000
v 0.000 11.000 0.000
f 8146 8138 8137
f 8145 8146 8137
f 8137 8138 8153
f 8146 8145 8154
f 8147 8139 8138
f 8146 8147 8138
f 8138 8139 8153
f 8147 8146 8154
f 8148 8140 8139
f 8147 8148 8139
f 8139 8140 8153
f 8148 8147 8154
f 8149 8141 8140
f 8148 8149 8140
f 8140 8141 8153
f 8149 8148 8154
f 8150 8142 8141
f 8149 8150 8141
f 8141 8142 8153
f 8150 8149 8154
f 8151 8143 8142
f 8150 8151 8142
f 8142 8143 8153
f 8151 8150 8154
f 8152 8144 8143
f 8151 8152 8143
f 8143 8144 8153
f 8152 8151 8154
f 8145 8137 8144
f 8152 8145 8144
f 8144 8137 8153
f 8145 8152 8154
f 8164 8156 8155
f 8163 8164 8155
f 8155 8156 8171
f 8164 8163 8172
f 8165 8157 8156
f 8164 8165 8156
f 8156 8157 8171
f 8165 8164 8172
f 8166 8158 8157
f 8165 8166 8157
f 8157 8158 8171
f 8166 8165 8172
f 8167 8159 8158
f 8166 8167 8158
f 8158 8159 8171
f 8167 8166 8172
f 8168 8160 8159
f 8167 8168 8159
f 8159 8160 8171
f 8168 8167 8172
f 8169 8161 8160
f 8168 8169 8160
f 8160 8161 8171
f 8169 8168 8172
f 8170 8162 8161
f 8169 8170 8161
f 8161 8162 8171
f 8170 8169 8172
f 8163 8155 8162
f 8170 8163 8162
f 8162 8155 8171
f 8163 8170 8172
